model_name,notebook,spatial_resolution,temporal_resolution,unit_id,median_demand,rmse,mae,r2,skill,relative_mae,last_run_at
Profile baseline,03.01_prediction_svm_CA_4h.ipynb,community_area,4h,1,13.0,5.07,3.9,0.6792,0.0,0.2785714285714286,2026-07-17T19:23:07
Profile baseline,03.01_prediction_svm_CA_4h.ipynb,community_area,4h,2,16.0,7.67,5.99,0.3701,0.0,0.3523529411764706,2026-07-17T19:23:07
Profile baseline,03.01_prediction_svm_CA_4h.ipynb,community_area,4h,3,41.0,22.34,15.28,0.7146,0.0,0.3638095238095238,2026-07-17T19:23:07
Profile baseline,03.01_prediction_svm_CA_4h.ipynb,community_area,4h,4,8.0,3.83,2.81,0.7494,0.0,0.3122222222222222,2026-07-17T19:23:07
Profile baseline,03.01_prediction_svm_CA_4h.ipynb,community_area,4h,5,6.0,3.55,2.48,0.5503,0.0,0.3542857142857142,2026-07-17T19:23:07
Profile baseline,03.01_prediction_svm_CA_4h.ipynb,community_area,4h,6,86.0,51.3,34.07,0.5839,0.0,0.3916091954022988,2026-07-17T19:23:07
Profile baseline,03.01_prediction_svm_CA_4h.ipynb,community_area,4h,7,56.0,42.91,28.37,0.4594,0.0,0.497719298245614,2026-07-17T19:23:07
Profile baseline,03.01_prediction_svm_CA_4h.ipynb,community_area,4h,8,553.0,225.89,166.85,0.7707,0.0,0.3011732851985559,2026-07-17T19:23:07
Profile baseline,03.01_prediction_svm_CA_4h.ipynb,community_area,4h,9,0.0,0.91,0.7,-0.3735,0.0,0.7,2026-07-17T19:23:07
Profile baseline,03.01_prediction_svm_CA_4h.ipynb,community_area,4h,10,5.0,2.93,2.39,-0.0864,0.0,0.3983333333333334,2026-07-17T19:23:07
Profile baseline,03.01_prediction_svm_CA_4h.ipynb,community_area,4h,11,3.0,1.99,1.58,0.0118,0.0,0.395,2026-07-17T19:23:07
Profile baseline,03.01_prediction_svm_CA_4h.ipynb,community_area,4h,12,3.0,2.4,1.91,-0.3793,0.0,0.4775,2026-07-17T19:23:07
Profile baseline,03.01_prediction_svm_CA_4h.ipynb,community_area,4h,13,2.0,2.13,1.57,0.0365,0.0,0.5233333333333333,2026-07-17T19:23:07
Profile baseline,03.01_prediction_svm_CA_4h.ipynb,community_area,4h,14,4.0,2.66,2.05,-0.0117,0.0,0.41,2026-07-17T19:23:07
Profile baseline,03.01_prediction_svm_CA_4h.ipynb,community_area,4h,15,3.0,2.54,1.89,0.1322,0.0,0.4725,2026-07-17T19:23:07
Profile baseline,03.01_prediction_svm_CA_4h.ipynb,community_area,4h,16,7.0,4.28,3.27,0.1105,0.0,0.40875,2026-07-17T19:23:07
Profile baseline,03.01_prediction_svm_CA_4h.ipynb,community_area,4h,17,1.0,1.04,0.73,0.2347,0.0,0.365,2026-07-17T19:23:07
Profile baseline,03.01_prediction_svm_CA_4h.ipynb,community_area,4h,18,0.0,0.56,0.37,-0.0771,0.0,0.37,2026-07-17T19:23:07
Profile baseline,03.01_prediction_svm_CA_4h.ipynb,community_area,4h,19,2.0,1.36,1.03,0.2067,0.0,0.3433333333333333,2026-07-17T19:23:07
Profile baseline,03.01_prediction_svm_CA_4h.ipynb,community_area,4h,20,0.0,0.81,0.57,-0.1725,0.0,0.57,2026-07-17T19:23:07
Profile baseline,03.01_prediction_svm_CA_4h.ipynb,community_area,4h,21,4.0,2.54,1.95,0.2979,0.0,0.39,2026-07-17T19:23:07
Profile baseline,03.01_prediction_svm_CA_4h.ipynb,community_area,4h,22,10.0,7.03,4.39,0.4845,0.0,0.399090909090909,2026-07-17T19:23:07
Profile baseline,03.01_prediction_svm_CA_4h.ipynb,community_area,4h,23,2.0,1.63,1.28,0.3253,0.0,0.4266666666666667,2026-07-17T19:23:07
Profile baseline,03.01_prediction_svm_CA_4h.ipynb,community_area,4h,24,24.0,26.82,18.1,0.248,0.0,0.7240000000000001,2026-07-17T19:23:07
Profile baseline,03.01_prediction_svm_CA_4h.ipynb,community_area,4h,25,5.0,2.96,2.23,0.1447,0.0,0.3716666666666666,2026-07-17T19:23:07
Profile baseline,03.01_prediction_svm_CA_4h.ipynb,community_area,4h,26,1.0,1.16,0.89,0.1743,0.0,0.445,2026-07-17T19:23:07
Profile baseline,03.01_prediction_svm_CA_4h.ipynb,community_area,4h,27,2.0,1.78,1.3,0.3903,0.0,0.4333333333333333,2026-07-17T19:23:07
Profile baseline,03.01_prediction_svm_CA_4h.ipynb,community_area,4h,28,221.0,106.12,78.48,0.8149,0.0,0.3535135135135135,2026-07-17T19:23:07
Profile baseline,03.01_prediction_svm_CA_4h.ipynb,community_area,4h,29,2.0,1.75,1.28,0.4115,0.0,0.4266666666666667,2026-07-17T19:23:07
Profile baseline,03.01_prediction_svm_CA_4h.ipynb,community_area,4h,30,1.0,1.39,1.03,0.2081,0.0,0.515,2026-07-17T19:23:07
Profile baseline,03.01_prediction_svm_CA_4h.ipynb,community_area,4h,31,4.0,4.96,3.48,0.1239,0.0,0.696,2026-07-17T19:23:07
Profile baseline,03.01_prediction_svm_CA_4h.ipynb,community_area,4h,32,347.0,119.96,84.09,0.898,0.0,0.2416379310344827,2026-07-17T19:23:07
Profile baseline,03.01_prediction_svm_CA_4h.ipynb,community_area,4h,33,61.0,64.57,34.21,0.636,0.0,0.5517741935483871,2026-07-17T19:23:07
Profile baseline,03.01_prediction_svm_CA_4h.ipynb,community_area,4h,34,6.0,7.06,4.47,0.2625,0.0,0.6385714285714286,2026-07-17T19:23:07
Profile baseline,03.01_prediction_svm_CA_4h.ipynb,community_area,4h,35,14.0,6.56,4.56,0.8199,0.0,0.304,2026-07-17T19:23:07
Profile baseline,03.01_prediction_svm_CA_4h.ipynb,community_area,4h,36,4.0,2.91,2.14,0.535,0.0,0.428,2026-07-17T19:23:07
Profile baseline,03.01_prediction_svm_CA_4h.ipynb,community_area,4h,37,3.0,3.11,2.6,-1.4337,0.0,0.65,2026-07-17T19:23:07
Profile baseline,03.01_prediction_svm_CA_4h.ipynb,community_area,4h,38,12.0,5.33,3.87,0.7839,0.0,0.2976923076923077,2026-07-17T19:23:07
Profile baseline,03.01_prediction_svm_CA_4h.ipynb,community_area,4h,39,9.0,4.51,3.29,0.7743,0.0,0.329,2026-07-17T19:23:07
Profile baseline,03.01_prediction_svm_CA_4h.ipynb,community_area,4h,40,3.0,2.12,1.55,0.5201,0.0,0.3875,2026-07-17T19:23:07
Profile baseline,03.01_prediction_svm_CA_4h.ipynb,community_area,4h,41,13.0,6.75,4.44,0.8747,0.0,0.3171428571428571,2026-07-17T19:23:07
Profile baseline,03.01_prediction_svm_CA_4h.ipynb,community_area,4h,42,6.0,3.32,2.44,0.6686,0.0,0.3485714285714286,2026-07-17T19:23:07
Profile baseline,03.01_prediction_svm_CA_4h.ipynb,community_area,4h,43,15.0,7.14,5.52,0.1957,0.0,0.345,2026-07-17T19:23:07
Profile baseline,03.01_prediction_svm_CA_4h.ipynb,community_area,4h,44,13.0,7.48,5.83,-0.2143,0.0,0.4164285714285714,2026-07-17T19:23:07
Profile baseline,03.01_prediction_svm_CA_4h.ipynb,community_area,4h,45,2.0,1.65,1.21,0.4307,0.0,0.4033333333333333,2026-07-17T19:23:07
Profile baseline,03.01_prediction_svm_CA_4h.ipynb,community_area,4h,46,5.0,3.22,2.4,0.0042,0.0,0.3999999999999999,2026-07-17T19:23:07
Profile baseline,03.01_prediction_svm_CA_4h.ipynb,community_area,4h,47,0.0,1.09,0.74,0.3211,0.0,0.74,2026-07-17T19:23:07
Profile baseline,03.01_prediction_svm_CA_4h.ipynb,community_area,4h,48,2.0,2.23,1.65,0.0753,0.0,0.5499999999999999,2026-07-17T19:23:07
Profile baseline,03.01_prediction_svm_CA_4h.ipynb,community_area,4h,49,7.0,4.08,3.2,0.1142,0.0,0.4,2026-07-17T19:23:07
Profile baseline,03.01_prediction_svm_CA_4h.ipynb,community_area,4h,50,3.0,2.76,2.1,-0.3661,0.0,0.525,2026-07-17T19:23:07
Profile baseline,03.01_prediction_svm_CA_4h.ipynb,community_area,4h,51,4.0,2.8,2.13,-0.1395,0.0,0.426,2026-07-17T19:23:07
Profile baseline,03.01_prediction_svm_CA_4h.ipynb,community_area,4h,52,1.0,1.7,1.29,-1.2297,0.0,0.645,2026-07-17T19:23:07
Profile baseline,03.01_prediction_svm_CA_4h.ipynb,community_area,4h,53,7.0,5.48,4.26,-1.448,0.0,0.5325,2026-07-17T19:23:07
Profile baseline,03.01_prediction_svm_CA_4h.ipynb,community_area,4h,54,2.0,2.29,1.75,-1.2346,0.0,0.5833333333333334,2026-07-17T19:23:07
Profile baseline,03.01_prediction_svm_CA_4h.ipynb,community_area,4h,55,1.0,1.51,1.11,-0.5568,0.0,0.555,2026-07-17T19:23:07
Profile baseline,03.01_prediction_svm_CA_4h.ipynb,community_area,4h,56,72.0,36.91,28.97,0.0204,0.0,0.3968493150684931,2026-07-17T19:23:07
Profile baseline,03.01_prediction_svm_CA_4h.ipynb,community_area,4h,57,0.0,0.82,0.6,0.0264,0.0,0.6,2026-07-17T19:23:07
Profile baseline,03.01_prediction_svm_CA_4h.ipynb,community_area,4h,58,1.0,1.16,0.81,0.3101,0.0,0.405,2026-07-17T19:23:07
Profile baseline,03.01_prediction_svm_CA_4h.ipynb,community_area,4h,59,1.0,2.21,1.28,0.8122,0.0,0.64,2026-07-17T19:23:07
Profile baseline,03.01_prediction_svm_CA_4h.ipynb,community_area,4h,60,1.0,2.31,1.64,0.2475,0.0,0.82,2026-07-17T19:23:07
Profile baseline,03.01_prediction_svm_CA_4h.ipynb,community_area,4h,61,2.0,1.75,1.27,0.4315,0.0,0.4233333333333333,2026-07-17T19:23:07
Profile baseline,03.01_prediction_svm_CA_4h.ipynb,community_area,4h,62,1.0,0.83,0.65,-0.1464,0.0,0.325,2026-07-17T19:23:07
Profile baseline,03.01_prediction_svm_CA_4h.ipynb,community_area,4h,63,0.0,0.63,0.44,-0.3851,0.0,0.44,2026-07-17T19:23:07
Profile baseline,03.01_prediction_svm_CA_4h.ipynb,community_area,4h,64,0.0,0.83,0.6,-0.1682,0.0,0.6,2026-07-17T19:23:07
Profile baseline,03.01_prediction_svm_CA_4h.ipynb,community_area,4h,65,0.0,0.97,0.68,0.354,0.0,0.68,2026-07-17T19:23:07
Profile baseline,03.01_prediction_svm_CA_4h.ipynb,community_area,4h,66,2.0,1.7,1.25,0.1333,0.0,0.4166666666666667,2026-07-17T19:23:07
Profile baseline,03.01_prediction_svm_CA_4h.ipynb,community_area,4h,67,2.0,1.81,1.34,0.2482,0.0,0.4466666666666667,2026-07-17T19:23:07
Profile baseline,03.01_prediction_svm_CA_4h.ipynb,community_area,4h,68,5.0,3.5,2.62,0.1528,0.0,0.4366666666666667,2026-07-17T19:23:07
Profile baseline,03.01_prediction_svm_CA_4h.ipynb,community_area,4h,69,10.0,6.38,4.91,-0.1376,0.0,0.4463636363636363,2026-07-17T19:23:07
Profile baseline,03.01_prediction_svm_CA_4h.ipynb,community_area,4h,70,2.0,1.54,1.12,0.3976,0.0,0.3733333333333333,2026-07-17T19:23:07
Profile baseline,03.01_prediction_svm_CA_4h.ipynb,community_area,4h,71,5.0,2.89,2.17,0.2743,0.0,0.3616666666666666,2026-07-17T19:23:07
Profile baseline,03.01_prediction_svm_CA_4h.ipynb,community_area,4h,72,1.0,1.81,1.26,0.0013,0.0,0.63,2026-07-17T19:23:07
Profile baseline,03.01_prediction_svm_CA_4h.ipynb,community_area,4h,73,4.0,3.01,2.3,-0.1545,0.0,0.4599999999999999,2026-07-17T19:23:07
Profile baseline,03.01_prediction_svm_CA_4h.ipynb,community_area,4h,74,0.0,0.76,0.6,-0.0452,0.0,0.6,2026-07-17T19:23:07
Profile baseline,03.01_prediction_svm_CA_4h.ipynb,community_area,4h,75,4.0,3.49,2.68,-0.4158,0.0,0.536,2026-07-17T19:23:07
Profile baseline,03.01_prediction_svm_CA_4h.ipynb,community_area,4h,76,553.5,135.61,97.63,0.8533,0.0,0.176068530207394,2026-07-17T19:23:07
Profile baseline,03.01_prediction_svm_CA_4h.ipynb,community_area,4h,77,27.0,8.46,6.09,0.8649,0.0,0.2175,2026-07-17T19:23:07
"LinearSVR (full data, no kernel)",03.01_prediction_svm_CA_4h.ipynb,community_area,4h,1,13.0,5.71,4.47,0.5933,-0.146153846153846,0.3192857142857143,2026-07-17T19:23:07
"LinearSVR (full data, no kernel)",03.01_prediction_svm_CA_4h.ipynb,community_area,4h,2,16.0,6.19,5.11,0.5899,0.1469115191986644,0.3005882352941176,2026-07-17T19:23:07
"LinearSVR (full data, no kernel)",03.01_prediction_svm_CA_4h.ipynb,community_area,4h,3,41.0,32.55,22.82,0.3942,-0.4934554973821989,0.5433333333333333,2026-07-17T19:23:07
"LinearSVR (full data, no kernel)",03.01_prediction_svm_CA_4h.ipynb,community_area,4h,4,8.0,4.65,3.38,0.6302,-0.2028469750889678,0.3755555555555555,2026-07-17T19:23:07
"LinearSVR (full data, no kernel)",03.01_prediction_svm_CA_4h.ipynb,community_area,4h,5,6.0,4.11,2.87,0.3987,-0.157258064516129,0.41,2026-07-17T19:23:07
"LinearSVR (full data, no kernel)",03.01_prediction_svm_CA_4h.ipynb,community_area,4h,6,86.0,68.45,47.71,0.2589,-0.4003522160258292,0.5483908045977012,2026-07-17T19:23:07
"LinearSVR (full data, no kernel)",03.01_prediction_svm_CA_4h.ipynb,community_area,4h,7,56.0,53.13,35.57,0.1711,-0.2537892139584068,0.6240350877192983,2026-07-17T19:23:07
"LinearSVR (full data, no kernel)",03.01_prediction_svm_CA_4h.ipynb,community_area,4h,8,553.0,325.27,236.76,0.5246,-0.4189991009889122,0.4273646209386281,2026-07-17T19:23:07
"LinearSVR (full data, no kernel)",03.01_prediction_svm_CA_4h.ipynb,community_area,4h,9,0.0,1.01,0.72,-0.6825,-0.0285714285714286,0.72,2026-07-17T19:23:07
"LinearSVR (full data, no kernel)",03.01_prediction_svm_CA_4h.ipynb,community_area,4h,10,5.0,3.19,2.47,-0.2854,-0.0334728033472804,0.4116666666666667,2026-07-17T19:23:07
"LinearSVR (full data, no kernel)",03.01_prediction_svm_CA_4h.ipynb,community_area,4h,11,3.0,2.07,1.63,-0.076,-0.0316455696202531,0.4075,2026-07-17T19:23:07
"LinearSVR (full data, no kernel)",03.01_prediction_svm_CA_4h.ipynb,community_area,4h,12,3.0,2.34,1.8,-0.3083,0.0575916230366491,0.45,2026-07-17T19:23:07
"LinearSVR (full data, no kernel)",03.01_prediction_svm_CA_4h.ipynb,community_area,4h,13,2.0,1.72,1.32,0.3681,0.1592356687898088,0.44,2026-07-17T19:23:07
"LinearSVR (full data, no kernel)",03.01_prediction_svm_CA_4h.ipynb,community_area,4h,14,4.0,2.44,1.88,0.1507,0.0829268292682926,0.376,2026-07-17T19:23:07
"LinearSVR (full data, no kernel)",03.01_prediction_svm_CA_4h.ipynb,community_area,4h,15,3.0,2.17,1.68,0.3639,0.111111111111111,0.42,2026-07-17T19:23:07
"LinearSVR (full data, no kernel)",03.01_prediction_svm_CA_4h.ipynb,community_area,4h,16,7.0,3.53,2.79,0.3923,0.146788990825688,0.34875,2026-07-17T19:23:07
"LinearSVR (full data, no kernel)",03.01_prediction_svm_CA_4h.ipynb,community_area,4h,17,1.0,1.0,0.7,0.2877,0.0410958904109589,0.35,2026-07-17T19:23:07
"LinearSVR (full data, no kernel)",03.01_prediction_svm_CA_4h.ipynb,community_area,4h,18,0.0,0.73,0.48,-0.8181,-0.2972972972972973,0.48,2026-07-17T19:23:07
"LinearSVR (full data, no kernel)",03.01_prediction_svm_CA_4h.ipynb,community_area,4h,19,2.0,1.55,1.16,-0.0273,-0.1262135922330096,0.3866666666666666,2026-07-17T19:23:07
"LinearSVR (full data, no kernel)",03.01_prediction_svm_CA_4h.ipynb,community_area,4h,20,0.0,0.92,0.67,-0.5294,-0.1754385964912281,0.67,2026-07-17T19:23:07
"LinearSVR (full data, no kernel)",03.01_prediction_svm_CA_4h.ipynb,community_area,4h,21,4.0,2.72,2.01,0.1946,-0.0307692307692306,0.4019999999999999,2026-07-17T19:23:07
"LinearSVR (full data, no kernel)",03.01_prediction_svm_CA_4h.ipynb,community_area,4h,22,10.0,8.84,5.44,0.1842,-0.2391799544419135,0.4945454545454545,2026-07-17T19:23:07
"LinearSVR (full data, no kernel)",03.01_prediction_svm_CA_4h.ipynb,community_area,4h,23,2.0,1.65,1.27,0.3055,0.0078125,0.4233333333333333,2026-07-17T19:23:07
"LinearSVR (full data, no kernel)",03.01_prediction_svm_CA_4h.ipynb,community_area,4h,24,24.0,31.87,21.25,-0.0615,-0.1740331491712705,0.85,2026-07-17T19:23:07
"LinearSVR (full data, no kernel)",03.01_prediction_svm_CA_4h.ipynb,community_area,4h,25,5.0,2.72,2.08,0.2784,0.0672645739910313,0.3466666666666667,2026-07-17T19:23:07
"LinearSVR (full data, no kernel)",03.01_prediction_svm_CA_4h.ipynb,community_area,4h,26,1.0,1.4,1.05,-0.2064,-0.1797752808988764,0.525,2026-07-17T19:23:07
"LinearSVR (full data, no kernel)",03.01_prediction_svm_CA_4h.ipynb,community_area,4h,27,2.0,1.74,1.26,0.417,0.0307692307692307,0.42,2026-07-17T19:23:07
"LinearSVR (full data, no kernel)",03.01_prediction_svm_CA_4h.ipynb,community_area,4h,28,221.0,186.41,130.76,0.4288,-0.6661569826707439,0.589009009009009,2026-07-17T19:23:07
"LinearSVR (full data, no kernel)",03.01_prediction_svm_CA_4h.ipynb,community_area,4h,29,2.0,1.77,1.29,0.399,-0.0078125,0.43,2026-07-17T19:23:07
"LinearSVR (full data, no kernel)",03.01_prediction_svm_CA_4h.ipynb,community_area,4h,30,1.0,1.45,1.1,0.1411,-0.0679611650485436,0.55,2026-07-17T19:23:07
"LinearSVR (full data, no kernel)",03.01_prediction_svm_CA_4h.ipynb,community_area,4h,31,4.0,5.24,3.63,0.0218,-0.0431034482758621,0.726,2026-07-17T19:23:07
"LinearSVR (full data, no kernel)",03.01_prediction_svm_CA_4h.ipynb,community_area,4h,32,347.0,282.98,188.23,0.4325,-1.238435010108217,0.5408908045977011,2026-07-17T19:23:07
"LinearSVR (full data, no kernel)",03.01_prediction_svm_CA_4h.ipynb,community_area,4h,33,61.0,98.07,51.43,0.1604,-0.5033615901783104,0.829516129032258,2026-07-17T19:23:07
"LinearSVR (full data, no kernel)",03.01_prediction_svm_CA_4h.ipynb,community_area,4h,34,6.0,7.52,4.71,0.1624,-0.0536912751677853,0.6728571428571428,2026-07-17T19:23:07
"LinearSVR (full data, no kernel)",03.01_prediction_svm_CA_4h.ipynb,community_area,4h,35,14.0,9.1,6.71,0.6535,-0.4714912280701755,0.4473333333333333,2026-07-17T19:23:07
"LinearSVR (full data, no kernel)",03.01_prediction_svm_CA_4h.ipynb,community_area,4h,36,4.0,2.45,1.95,0.6715,0.088785046728972,0.39,2026-07-17T19:23:07
"LinearSVR (full data, no kernel)",03.01_prediction_svm_CA_4h.ipynb,community_area,4h,37,3.0,2.87,2.27,-1.0702,0.1269230769230769,0.5675,2026-07-17T19:23:07
"LinearSVR (full data, no kernel)",03.01_prediction_svm_CA_4h.ipynb,community_area,4h,38,12.0,5.58,4.48,0.7627,-0.157622739018088,0.3446153846153846,2026-07-17T19:23:07
"LinearSVR (full data, no kernel)",03.01_prediction_svm_CA_4h.ipynb,community_area,4h,39,9.0,4.86,3.81,0.738,-0.1580547112462005,0.381,2026-07-17T19:23:07
"LinearSVR (full data, no kernel)",03.01_prediction_svm_CA_4h.ipynb,community_area,4h,40,3.0,1.96,1.47,0.5902,0.0516129032258064,0.3675,2026-07-17T19:23:07
"LinearSVR (full data, no kernel)",03.01_prediction_svm_CA_4h.ipynb,community_area,4h,41,13.0,13.82,9.37,0.474,-1.1103603603603598,0.6692857142857143,2026-07-17T19:23:07
"LinearSVR (full data, no kernel)",03.01_prediction_svm_CA_4h.ipynb,community_area,4h,42,6.0,3.31,2.4,0.6707,0.0163934426229508,0.3428571428571428,2026-07-17T19:23:07
"LinearSVR (full data, no kernel)",03.01_prediction_svm_CA_4h.ipynb,community_area,4h,43,15.0,5.6,4.52,0.5057,0.1811594202898551,0.2825,2026-07-17T19:23:07
"LinearSVR (full data, no kernel)",03.01_prediction_svm_CA_4h.ipynb,community_area,4h,44,13.0,6.17,5.01,0.1727,0.1406518010291595,0.3578571428571428,2026-07-17T19:23:07
"LinearSVR (full data, no kernel)",03.01_prediction_svm_CA_4h.ipynb,community_area,4h,45,2.0,1.49,1.05,0.5345,0.1322314049586775,0.35,2026-07-17T19:23:07
"LinearSVR (full data, no kernel)",03.01_prediction_svm_CA_4h.ipynb,community_area,4h,46,5.0,2.47,1.92,0.4128,0.1999999999999999,0.32,2026-07-17T19:23:07
"LinearSVR (full data, no kernel)",03.01_prediction_svm_CA_4h.ipynb,community_area,4h,47,0.0,1.1,0.76,0.3085,-0.0270270270270269,0.76,2026-07-17T19:23:07
"LinearSVR (full data, no kernel)",03.01_prediction_svm_CA_4h.ipynb,community_area,4h,48,2.0,1.81,1.41,0.3925,0.1454545454545455,0.47,2026-07-17T19:23:07
"LinearSVR (full data, no kernel)",03.01_prediction_svm_CA_4h.ipynb,community_area,4h,49,7.0,3.78,3.0,0.2391,0.0625,0.375,2026-07-17T19:23:07
"LinearSVR (full data, no kernel)",03.01_prediction_svm_CA_4h.ipynb,community_area,4h,50,3.0,2.31,1.77,0.0357,0.1571428571428571,0.4425,2026-07-17T19:23:07
"LinearSVR (full data, no kernel)",03.01_prediction_svm_CA_4h.ipynb,community_area,4h,51,4.0,2.49,1.96,0.0958,0.0798122065727698,0.392,2026-07-17T19:23:07
"LinearSVR (full data, no kernel)",03.01_prediction_svm_CA_4h.ipynb,community_area,4h,52,1.0,1.56,1.16,-0.8731,0.1007751937984496,0.58,2026-07-17T19:23:07
"LinearSVR (full data, no kernel)",03.01_prediction_svm_CA_4h.ipynb,community_area,4h,53,7.0,5.06,4.08,-1.0923,0.0422535211267605,0.51,2026-07-17T19:23:07
"LinearSVR (full data, no kernel)",03.01_prediction_svm_CA_4h.ipynb,community_area,4h,54,2.0,1.96,1.48,-0.6483,0.1542857142857142,0.4933333333333333,2026-07-17T19:23:07
"LinearSVR (full data, no kernel)",03.01_prediction_svm_CA_4h.ipynb,community_area,4h,55,1.0,1.54,1.14,-0.6252,-0.0270270270270267,0.57,2026-07-17T19:23:07
"LinearSVR (full data, no kernel)",03.01_prediction_svm_CA_4h.ipynb,community_area,4h,56,72.0,37.11,30.35,0.0098,-0.0476354849844666,0.4157534246575343,2026-07-17T19:23:07
"LinearSVR (full data, no kernel)",03.01_prediction_svm_CA_4h.ipynb,community_area,4h,57,0.0,0.88,0.61,-0.1259,-0.0166666666666666,0.61,2026-07-17T19:23:07
"LinearSVR (full data, no kernel)",03.01_prediction_svm_CA_4h.ipynb,community_area,4h,58,1.0,1.22,0.87,0.2355,-0.0740740740740739,0.435,2026-07-17T19:23:07
"LinearSVR (full data, no kernel)",03.01_prediction_svm_CA_4h.ipynb,community_area,4h,59,1.0,4.45,2.37,0.2426,-0.8515625,1.185,2026-07-17T19:23:07
"LinearSVR (full data, no kernel)",03.01_prediction_svm_CA_4h.ipynb,community_area,4h,60,1.0,2.33,1.62,0.2326,0.0121951219512194,0.81,2026-07-17T19:23:07
"LinearSVR (full data, no kernel)",03.01_prediction_svm_CA_4h.ipynb,community_area,4h,61,2.0,1.68,1.2,0.4764,0.0551181102362204,0.3999999999999999,2026-07-17T19:23:07
"LinearSVR (full data, no kernel)",03.01_prediction_svm_CA_4h.ipynb,community_area,4h,62,1.0,1.13,0.85,-1.1334,-0.3076923076923077,0.425,2026-07-17T19:23:07
"LinearSVR (full data, no kernel)",03.01_prediction_svm_CA_4h.ipynb,community_area,4h,63,0.0,0.77,0.5,-1.0668,-0.1363636363636364,0.5,2026-07-17T19:23:07
"LinearSVR (full data, no kernel)",03.01_prediction_svm_CA_4h.ipynb,community_area,4h,64,0.0,0.88,0.61,-0.3202,-0.0166666666666666,0.61,2026-07-17T19:23:07
"LinearSVR (full data, no kernel)",03.01_prediction_svm_CA_4h.ipynb,community_area,4h,65,0.0,0.95,0.65,0.3767,0.0441176470588235,0.65,2026-07-17T19:23:07
"LinearSVR (full data, no kernel)",03.01_prediction_svm_CA_4h.ipynb,community_area,4h,66,2.0,1.51,1.11,0.3186,0.1119999999999998,0.37,2026-07-17T19:23:07
"LinearSVR (full data, no kernel)",03.01_prediction_svm_CA_4h.ipynb,community_area,4h,67,2.0,1.58,1.17,0.4248,0.1268656716417912,0.3899999999999999,2026-07-17T19:23:07
"LinearSVR (full data, no kernel)",03.01_prediction_svm_CA_4h.ipynb,community_area,4h,68,5.0,2.76,2.17,0.472,0.1717557251908397,0.3616666666666666,2026-07-17T19:23:07
"LinearSVR (full data, no kernel)",03.01_prediction_svm_CA_4h.ipynb,community_area,4h,69,10.0,4.46,3.62,0.4439,0.2627291242362525,0.3290909090909091,2026-07-17T19:23:07
"LinearSVR (full data, no kernel)",03.01_prediction_svm_CA_4h.ipynb,community_area,4h,70,2.0,1.44,1.04,0.4782,0.0714285714285715,0.3466666666666667,2026-07-17T19:23:07
"LinearSVR (full data, no kernel)",03.01_prediction_svm_CA_4h.ipynb,community_area,4h,71,5.0,2.47,1.91,0.4673,0.119815668202765,0.3183333333333333,2026-07-17T19:23:07
"LinearSVR (full data, no kernel)",03.01_prediction_svm_CA_4h.ipynb,community_area,4h,72,1.0,1.34,0.95,0.4559,0.246031746031746,0.475,2026-07-17T19:23:07
"LinearSVR (full data, no kernel)",03.01_prediction_svm_CA_4h.ipynb,community_area,4h,73,4.0,2.77,2.16,0.0249,0.0608695652173911,0.432,2026-07-17T19:23:07
"LinearSVR (full data, no kernel)",03.01_prediction_svm_CA_4h.ipynb,community_area,4h,74,0.0,0.9,0.61,-0.4842,-0.0166666666666666,0.61,2026-07-17T19:23:07
"LinearSVR (full data, no kernel)",03.01_prediction_svm_CA_4h.ipynb,community_area,4h,75,4.0,2.91,2.31,0.0179,0.1380597014925373,0.462,2026-07-17T19:23:07
"LinearSVR (full data, no kernel)",03.01_prediction_svm_CA_4h.ipynb,community_area,4h,76,553.5,331.56,268.59,0.123,-1.7511010959745978,0.4843823264201983,2026-07-17T19:23:07
"LinearSVR (full data, no kernel)",03.01_prediction_svm_CA_4h.ipynb,community_area,4h,77,27.0,12.84,10.18,0.6885,-0.6715927750410509,0.3635714285714285,2026-07-17T19:23:07
LinearSVR (demand-weighted),03.01_prediction_svm_CA_4h.ipynb,community_area,4h,1,13.0,6.61,5.1,0.4537,-0.3076923076923077,0.3642857142857142,2026-07-17T19:23:07
LinearSVR (demand-weighted),03.01_prediction_svm_CA_4h.ipynb,community_area,4h,2,16.0,7.15,5.65,0.4522,0.0567612687813021,0.3323529411764706,2026-07-17T19:23:07
LinearSVR (demand-weighted),03.01_prediction_svm_CA_4h.ipynb,community_area,4h,3,41.0,33.06,23.01,0.3751,-0.505890052356021,0.5478571428571429,2026-07-17T19:23:07
LinearSVR (demand-weighted),03.01_prediction_svm_CA_4h.ipynb,community_area,4h,4,8.0,4.41,3.2,0.6679,-0.1387900355871887,0.3555555555555555,2026-07-17T19:23:07
LinearSVR (demand-weighted),03.01_prediction_svm_CA_4h.ipynb,community_area,4h,5,6.0,4.13,2.91,0.3927,-0.1733870967741935,0.4157142857142857,2026-07-17T19:23:07
LinearSVR (demand-weighted),03.01_prediction_svm_CA_4h.ipynb,community_area,4h,6,86.0,67.7,47.53,0.2751,-0.3950689756383916,0.5463218390804598,2026-07-17T19:23:07
LinearSVR (demand-weighted),03.01_prediction_svm_CA_4h.ipynb,community_area,4h,7,56.0,52.18,35.07,0.2005,-0.2361649629890729,0.6152631578947368,2026-07-17T19:23:07
LinearSVR (demand-weighted),03.01_prediction_svm_CA_4h.ipynb,community_area,4h,8,553.0,286.12,206.47,0.6321,-0.2374587953251423,0.3726895306859206,2026-07-17T19:23:07
LinearSVR (demand-weighted),03.01_prediction_svm_CA_4h.ipynb,community_area,4h,9,0.0,1.12,0.8,-1.0567,-0.142857142857143,0.8,2026-07-17T19:23:07
LinearSVR (demand-weighted),03.01_prediction_svm_CA_4h.ipynb,community_area,4h,10,5.0,3.41,2.68,-0.4734,-0.1213389121338912,0.4466666666666667,2026-07-17T19:23:07
LinearSVR (demand-weighted),03.01_prediction_svm_CA_4h.ipynb,community_area,4h,11,3.0,2.21,1.75,-0.2251,-0.1075949367088606,0.4375,2026-07-17T19:23:07
LinearSVR (demand-weighted),03.01_prediction_svm_CA_4h.ipynb,community_area,4h,12,3.0,2.57,1.94,-0.5898,-0.0157068062827225,0.485,2026-07-17T19:23:07
LinearSVR (demand-weighted),03.01_prediction_svm_CA_4h.ipynb,community_area,4h,13,2.0,1.93,1.44,0.2058,0.0828025477707007,0.48,2026-07-17T19:23:07
LinearSVR (demand-weighted),03.01_prediction_svm_CA_4h.ipynb,community_area,4h,14,4.0,2.66,2.05,-0.0121,0.0,0.41,2026-07-17T19:23:07
LinearSVR (demand-weighted),03.01_prediction_svm_CA_4h.ipynb,community_area,4h,15,3.0,2.27,1.76,0.3033,0.0687830687830687,0.44,2026-07-17T19:23:07
LinearSVR (demand-weighted),03.01_prediction_svm_CA_4h.ipynb,community_area,4h,16,7.0,3.93,3.05,0.2494,0.0672782874617737,0.38125,2026-07-17T19:23:07
LinearSVR (demand-weighted),03.01_prediction_svm_CA_4h.ipynb,community_area,4h,17,1.0,1.05,0.74,0.2102,-0.0136986301369863,0.37,2026-07-17T19:23:07
LinearSVR (demand-weighted),03.01_prediction_svm_CA_4h.ipynb,community_area,4h,18,0.0,0.79,0.53,-1.1558,-0.4324324324324324,0.53,2026-07-17T19:23:07
LinearSVR (demand-weighted),03.01_prediction_svm_CA_4h.ipynb,community_area,4h,19,2.0,1.73,1.31,-0.2713,-0.2718446601941748,0.4366666666666667,2026-07-17T19:23:07
LinearSVR (demand-weighted),03.01_prediction_svm_CA_4h.ipynb,community_area,4h,20,0.0,0.96,0.7,-0.6639,-0.2280701754385965,0.7,2026-07-17T19:23:07
LinearSVR (demand-weighted),03.01_prediction_svm_CA_4h.ipynb,community_area,4h,21,4.0,2.78,2.06,0.1564,-0.0564102564102564,0.412,2026-07-17T19:23:07
LinearSVR (demand-weighted),03.01_prediction_svm_CA_4h.ipynb,community_area,4h,22,10.0,8.64,5.37,0.2201,-0.2232346241457861,0.4881818181818182,2026-07-17T19:23:07
LinearSVR (demand-weighted),03.01_prediction_svm_CA_4h.ipynb,community_area,4h,23,2.0,1.72,1.33,0.2461,-0.0390625,0.4433333333333333,2026-07-17T19:23:07
LinearSVR (demand-weighted),03.01_prediction_svm_CA_4h.ipynb,community_area,4h,24,24.0,30.89,20.46,0.0026,-0.1303867403314917,0.8184,2026-07-17T19:23:07
LinearSVR (demand-weighted),03.01_prediction_svm_CA_4h.ipynb,community_area,4h,25,5.0,3.1,2.37,0.0633,-0.0627802690582959,0.395,2026-07-17T19:23:07
LinearSVR (demand-weighted),03.01_prediction_svm_CA_4h.ipynb,community_area,4h,26,1.0,1.48,1.11,-0.3481,-0.2471910112359552,0.555,2026-07-17T19:23:07
LinearSVR (demand-weighted),03.01_prediction_svm_CA_4h.ipynb,community_area,4h,27,2.0,1.81,1.35,0.3739,-0.0384615384615385,0.45,2026-07-17T19:23:07
LinearSVR (demand-weighted),03.01_prediction_svm_CA_4h.ipynb,community_area,4h,28,221.0,182.9,125.39,0.4501,-0.5977319062181448,0.5648198198198198,2026-07-17T19:23:07
LinearSVR (demand-weighted),03.01_prediction_svm_CA_4h.ipynb,community_area,4h,29,2.0,1.79,1.33,0.3861,-0.0390625,0.4433333333333333,2026-07-17T19:23:07
LinearSVR (demand-weighted),03.01_prediction_svm_CA_4h.ipynb,community_area,4h,30,1.0,1.52,1.16,0.0536,-0.1262135922330096,0.58,2026-07-17T19:23:07
LinearSVR (demand-weighted),03.01_prediction_svm_CA_4h.ipynb,community_area,4h,31,4.0,5.11,3.55,0.0701,-0.0201149425287356,0.71,2026-07-17T19:23:07
LinearSVR (demand-weighted),03.01_prediction_svm_CA_4h.ipynb,community_area,4h,32,347.0,246.48,161.81,0.5694,-0.9242478297062672,0.4649712643678161,2026-07-17T19:23:07
LinearSVR (demand-weighted),03.01_prediction_svm_CA_4h.ipynb,community_area,4h,33,61.0,94.86,48.23,0.2145,-0.4098216895644546,0.7779032258064515,2026-07-17T19:23:07
LinearSVR (demand-weighted),03.01_prediction_svm_CA_4h.ipynb,community_area,4h,34,6.0,7.2,4.48,0.2331,-0.0022371364653246,0.64,2026-07-17T19:23:07
LinearSVR (demand-weighted),03.01_prediction_svm_CA_4h.ipynb,community_area,4h,35,14.0,8.69,6.22,0.6846,-0.3640350877192984,0.4146666666666666,2026-07-17T19:23:07
LinearSVR (demand-weighted),03.01_prediction_svm_CA_4h.ipynb,community_area,4h,36,4.0,2.64,2.01,0.6186,0.060747663551402,0.4019999999999999,2026-07-17T19:23:07
LinearSVR (demand-weighted),03.01_prediction_svm_CA_4h.ipynb,community_area,4h,37,3.0,3.16,2.43,-1.516,0.0653846153846153,0.6075,2026-07-17T19:23:07
LinearSVR (demand-weighted),03.01_prediction_svm_CA_4h.ipynb,community_area,4h,38,12.0,5.73,4.47,0.7503,-0.1550387596899223,0.3438461538461538,2026-07-17T19:23:07
LinearSVR (demand-weighted),03.01_prediction_svm_CA_4h.ipynb,community_area,4h,39,9.0,4.85,3.67,0.7383,-0.1155015197568389,0.367,2026-07-17T19:23:07
LinearSVR (demand-weighted),03.01_prediction_svm_CA_4h.ipynb,community_area,4h,40,3.0,2.06,1.51,0.5456,0.0258064516129032,0.3775,2026-07-17T19:23:07
LinearSVR (demand-weighted),03.01_prediction_svm_CA_4h.ipynb,community_area,4h,41,13.0,12.67,8.33,0.5578,-0.876126126126126,0.595,2026-07-17T19:23:07
LinearSVR (demand-weighted),03.01_prediction_svm_CA_4h.ipynb,community_area,4h,42,6.0,3.33,2.41,0.6675,0.012295081967213,0.3442857142857143,2026-07-17T19:23:07
LinearSVR (demand-weighted),03.01_prediction_svm_CA_4h.ipynb,community_area,4h,43,15.0,6.41,5.08,0.3515,0.0797101449275361,0.3175,2026-07-17T19:23:07
LinearSVR (demand-weighted),03.01_prediction_svm_CA_4h.ipynb,community_area,4h,44,13.0,7.01,5.55,-0.068,0.0480274442538594,0.3964285714285714,2026-07-17T19:23:07
LinearSVR (demand-weighted),03.01_prediction_svm_CA_4h.ipynb,community_area,4h,45,2.0,1.64,1.18,0.437,0.024793388429752,0.3933333333333333,2026-07-17T19:23:07
LinearSVR (demand-weighted),03.01_prediction_svm_CA_4h.ipynb,community_area,4h,46,5.0,2.82,2.18,0.2366,0.0916666666666665,0.3633333333333333,2026-07-17T19:23:07
LinearSVR (demand-weighted),03.01_prediction_svm_CA_4h.ipynb,community_area,4h,47,0.0,1.12,0.77,0.28,-0.0405405405405405,0.77,2026-07-17T19:23:07
LinearSVR (demand-weighted),03.01_prediction_svm_CA_4h.ipynb,community_area,4h,48,2.0,2.04,1.57,0.2294,0.0484848484848483,0.5233333333333333,2026-07-17T19:23:07
LinearSVR (demand-weighted),03.01_prediction_svm_CA_4h.ipynb,community_area,4h,49,7.0,4.38,3.35,-0.0202,-0.046875,0.41875,2026-07-17T19:23:07
LinearSVR (demand-weighted),03.01_prediction_svm_CA_4h.ipynb,community_area,4h,50,3.0,2.5,1.84,-0.1213,0.1238095238095238,0.46,2026-07-17T19:23:07
LinearSVR (demand-weighted),03.01_prediction_svm_CA_4h.ipynb,community_area,4h,51,4.0,2.78,2.17,-0.1306,-0.0187793427230047,0.434,2026-07-17T19:23:07
LinearSVR (demand-weighted),03.01_prediction_svm_CA_4h.ipynb,community_area,4h,52,1.0,1.76,1.3,-1.3885,-0.0077519379844961,0.65,2026-07-17T19:23:07
LinearSVR (demand-weighted),03.01_prediction_svm_CA_4h.ipynb,community_area,4h,53,7.0,5.69,4.48,-1.6465,-0.0516431924882629,0.56,2026-07-17T19:23:07
LinearSVR (demand-weighted),03.01_prediction_svm_CA_4h.ipynb,community_area,4h,54,2.0,2.4,1.77,-1.4515,-0.0114285714285713,0.59,2026-07-17T19:23:07
LinearSVR (demand-weighted),03.01_prediction_svm_CA_4h.ipynb,community_area,4h,55,1.0,1.94,1.44,-1.5795,-0.2972972972972971,0.72,2026-07-17T19:23:07
LinearSVR (demand-weighted),03.01_prediction_svm_CA_4h.ipynb,community_area,4h,56,72.0,35.03,28.0,0.1178,0.0334829133586468,0.3835616438356164,2026-07-17T19:23:07
LinearSVR (demand-weighted),03.01_prediction_svm_CA_4h.ipynb,community_area,4h,57,0.0,0.96,0.67,-0.3369,-0.1166666666666667,0.67,2026-07-17T19:23:07
LinearSVR (demand-weighted),03.01_prediction_svm_CA_4h.ipynb,community_area,4h,58,1.0,1.3,0.93,0.1289,-0.1481481481481481,0.465,2026-07-17T19:23:07
LinearSVR (demand-weighted),03.01_prediction_svm_CA_4h.ipynb,community_area,4h,59,1.0,4.29,2.4,0.2952,-0.875,1.2,2026-07-17T19:23:07
LinearSVR (demand-weighted),03.01_prediction_svm_CA_4h.ipynb,community_area,4h,60,1.0,2.22,1.56,0.3078,0.0487804878048779,0.78,2026-07-17T19:23:07
LinearSVR (demand-weighted),03.01_prediction_svm_CA_4h.ipynb,community_area,4h,61,2.0,1.69,1.22,0.4713,0.0393700787401575,0.4066666666666667,2026-07-17T19:23:07
LinearSVR (demand-weighted),03.01_prediction_svm_CA_4h.ipynb,community_area,4h,62,1.0,1.19,0.89,-1.3793,-0.3692307692307692,0.445,2026-07-17T19:23:07
LinearSVR (demand-weighted),03.01_prediction_svm_CA_4h.ipynb,community_area,4h,63,0.0,0.83,0.54,-1.3635,-0.2272727272727273,0.54,2026-07-17T19:23:07
LinearSVR (demand-weighted),03.01_prediction_svm_CA_4h.ipynb,community_area,4h,64,0.0,0.95,0.66,-0.5299,-0.1,0.66,2026-07-17T19:23:07
LinearSVR (demand-weighted),03.01_prediction_svm_CA_4h.ipynb,community_area,4h,65,0.0,1.0,0.69,0.3113,-0.0147058823529411,0.69,2026-07-17T19:23:07
LinearSVR (demand-weighted),03.01_prediction_svm_CA_4h.ipynb,community_area,4h,66,2.0,1.76,1.29,0.0721,-0.032,0.43,2026-07-17T19:23:07
LinearSVR (demand-weighted),03.01_prediction_svm_CA_4h.ipynb,community_area,4h,67,2.0,1.73,1.27,0.3068,0.0522388059701492,0.4233333333333333,2026-07-17T19:23:07
LinearSVR (demand-weighted),03.01_prediction_svm_CA_4h.ipynb,community_area,4h,68,5.0,3.15,2.4,0.311,0.0839694656488549,0.3999999999999999,2026-07-17T19:23:07
LinearSVR (demand-weighted),03.01_prediction_svm_CA_4h.ipynb,community_area,4h,69,10.0,5.14,3.94,0.2627,0.1975560081466395,0.3581818181818181,2026-07-17T19:23:07
LinearSVR (demand-weighted),03.01_prediction_svm_CA_4h.ipynb,community_area,4h,70,2.0,1.64,1.2,0.3161,-0.0714285714285714,0.3999999999999999,2026-07-17T19:23:07
LinearSVR (demand-weighted),03.01_prediction_svm_CA_4h.ipynb,community_area,4h,71,5.0,2.8,2.17,0.317,0.0,0.3616666666666666,2026-07-17T19:23:07
LinearSVR (demand-weighted),03.01_prediction_svm_CA_4h.ipynb,community_area,4h,72,1.0,1.49,1.05,0.3279,0.1666666666666666,0.525,2026-07-17T19:23:07
LinearSVR (demand-weighted),03.01_prediction_svm_CA_4h.ipynb,community_area,4h,73,4.0,3.12,2.47,-0.2368,-0.0739130434782611,0.494,2026-07-17T19:23:07
LinearSVR (demand-weighted),03.01_prediction_svm_CA_4h.ipynb,community_area,4h,74,0.0,0.99,0.67,-0.7829,-0.1166666666666667,0.67,2026-07-17T19:23:07
LinearSVR (demand-weighted),03.01_prediction_svm_CA_4h.ipynb,community_area,4h,75,4.0,3.4,2.62,-0.3375,0.0223880597014926,0.524,2026-07-17T19:23:07
LinearSVR (demand-weighted),03.01_prediction_svm_CA_4h.ipynb,community_area,4h,76,553.5,314.01,245.84,0.2133,-1.518078459489911,0.4433543733092877,2026-07-17T19:23:07
LinearSVR (demand-weighted),03.01_prediction_svm_CA_4h.ipynb,community_area,4h,77,27.0,13.99,10.98,0.6301,-0.8029556650246306,0.3921428571428572,2026-07-17T19:23:07
"RBF, tuned (10k subsample)",03.01_prediction_svm_CA_4h.ipynb,community_area,4h,1,13.0,5.51,4.15,0.6206,-0.0641025641025643,0.2964285714285714,2026-07-17T19:23:07
"RBF, tuned (10k subsample)",03.01_prediction_svm_CA_4h.ipynb,community_area,4h,2,16.0,7.23,5.57,0.4409,0.0701168614357261,0.3276470588235294,2026-07-17T19:23:07
"RBF, tuned (10k subsample)",03.01_prediction_svm_CA_4h.ipynb,community_area,4h,3,41.0,25.45,17.39,0.6297,-0.138089005235602,0.414047619047619,2026-07-17T19:23:07
"RBF, tuned (10k subsample)",03.01_prediction_svm_CA_4h.ipynb,community_area,4h,4,8.0,4.49,3.22,0.6553,-0.1459074733096086,0.3577777777777778,2026-07-17T19:23:07
"RBF, tuned (10k subsample)",03.01_prediction_svm_CA_4h.ipynb,community_area,4h,5,6.0,4.05,2.82,0.4166,-0.1370967741935482,0.4028571428571428,2026-07-17T19:23:07
"RBF, tuned (10k subsample)",03.01_prediction_svm_CA_4h.ipynb,community_area,4h,6,86.0,59.99,39.64,0.4309,-0.1634869386557087,0.455632183908046,2026-07-17T19:23:07
"RBF, tuned (10k subsample)",03.01_prediction_svm_CA_4h.ipynb,community_area,4h,7,56.0,46.41,30.91,0.3677,-0.0895311949242156,0.5422807017543859,2026-07-17T19:23:07
"RBF, tuned (10k subsample)",03.01_prediction_svm_CA_4h.ipynb,community_area,4h,8,553.0,255.69,183.64,0.7062,-0.1006293077614624,0.3314801444043321,2026-07-17T19:23:07
"RBF, tuned (10k subsample)",03.01_prediction_svm_CA_4h.ipynb,community_area,4h,9,0.0,1.03,0.69,-0.7591,0.0142857142857143,0.69,2026-07-17T19:23:07
"RBF, tuned (10k subsample)",03.01_prediction_svm_CA_4h.ipynb,community_area,4h,10,5.0,2.77,2.15,0.0294,0.100418410041841,0.3583333333333333,2026-07-17T19:23:07
"RBF, tuned (10k subsample)",03.01_prediction_svm_CA_4h.ipynb,community_area,4h,11,3.0,1.99,1.47,0.0102,0.069620253164557,0.3675,2026-07-17T19:23:07
"RBF, tuned (10k subsample)",03.01_prediction_svm_CA_4h.ipynb,community_area,4h,12,3.0,2.53,1.85,-0.5364,0.0314136125654449,0.4625,2026-07-17T19:23:07
"RBF, tuned (10k subsample)",03.01_prediction_svm_CA_4h.ipynb,community_area,4h,13,2.0,1.92,1.39,0.2134,0.1146496815286625,0.4633333333333333,2026-07-17T19:23:07
"RBF, tuned (10k subsample)",03.01_prediction_svm_CA_4h.ipynb,community_area,4h,14,4.0,2.49,1.9,0.1121,0.073170731707317,0.38,2026-07-17T19:23:07
"RBF, tuned (10k subsample)",03.01_prediction_svm_CA_4h.ipynb,community_area,4h,15,3.0,2.64,1.88,0.0565,0.0052910052910053,0.47,2026-07-17T19:23:07
"RBF, tuned (10k subsample)",03.01_prediction_svm_CA_4h.ipynb,community_area,4h,16,7.0,4.67,3.49,-0.0633,-0.0672782874617736,0.43625,2026-07-17T19:23:07
"RBF, tuned (10k subsample)",03.01_prediction_svm_CA_4h.ipynb,community_area,4h,17,1.0,1.16,0.75,0.0322,-0.0273972602739727,0.375,2026-07-17T19:23:07
"RBF, tuned (10k subsample)",03.01_prediction_svm_CA_4h.ipynb,community_area,4h,18,0.0,0.79,0.38,-1.1312,-0.0270270270270269,0.38,2026-07-17T19:23:07
"RBF, tuned (10k subsample)",03.01_prediction_svm_CA_4h.ipynb,community_area,4h,19,2.0,1.43,0.98,0.1281,0.0485436893203884,0.3266666666666666,2026-07-17T19:23:07
"RBF, tuned (10k subsample)",03.01_prediction_svm_CA_4h.ipynb,community_area,4h,20,0.0,1.02,0.57,-0.8917,0.0,0.57,2026-07-17T19:23:07
"RBF, tuned (10k subsample)",03.01_prediction_svm_CA_4h.ipynb,community_area,4h,21,4.0,2.89,2.15,0.0878,-0.1025641025641026,0.43,2026-07-17T19:23:07
"RBF, tuned (10k subsample)",03.01_prediction_svm_CA_4h.ipynb,community_area,4h,22,10.0,8.7,5.37,0.2095,-0.2232346241457861,0.4881818181818182,2026-07-17T19:23:07
"RBF, tuned (10k subsample)",03.01_prediction_svm_CA_4h.ipynb,community_area,4h,23,2.0,1.78,1.31,0.189,-0.0234375,0.4366666666666667,2026-07-17T19:23:07
"RBF, tuned (10k subsample)",03.01_prediction_svm_CA_4h.ipynb,community_area,4h,24,24.0,28.89,19.13,0.1274,-0.056906077348066,0.7652,2026-07-17T19:23:07
"RBF, tuned (10k subsample)",03.01_prediction_svm_CA_4h.ipynb,community_area,4h,25,5.0,3.13,2.34,0.045,-0.0493273542600896,0.3899999999999999,2026-07-17T19:23:07
"RBF, tuned (10k subsample)",03.01_prediction_svm_CA_4h.ipynb,community_area,4h,26,1.0,1.47,0.97,-0.3415,-0.0898876404494382,0.485,2026-07-17T19:23:07
"RBF, tuned (10k subsample)",03.01_prediction_svm_CA_4h.ipynb,community_area,4h,27,2.0,1.87,1.38,0.329,-0.0615384615384613,0.4599999999999999,2026-07-17T19:23:07
"RBF, tuned (10k subsample)",03.01_prediction_svm_CA_4h.ipynb,community_area,4h,28,221.0,129.68,94.82,0.7236,-0.2082059123343524,0.4271171171171171,2026-07-17T19:23:07
"RBF, tuned (10k subsample)",03.01_prediction_svm_CA_4h.ipynb,community_area,4h,29,2.0,1.8,1.36,0.3788,-0.0625,0.4533333333333333,2026-07-17T19:23:07
"RBF, tuned (10k subsample)",03.01_prediction_svm_CA_4h.ipynb,community_area,4h,30,1.0,1.48,1.04,0.1064,-0.0097087378640776,0.52,2026-07-17T19:23:07
"RBF, tuned (10k subsample)",03.01_prediction_svm_CA_4h.ipynb,community_area,4h,31,4.0,5.32,3.7,-0.0094,-0.0632183908045977,0.74,2026-07-17T19:23:07
"RBF, tuned (10k subsample)",03.01_prediction_svm_CA_4h.ipynb,community_area,4h,32,347.0,161.07,106.28,0.8161,-0.2638839338803662,0.3054022988505747,2026-07-17T19:23:07
"RBF, tuned (10k subsample)",03.01_prediction_svm_CA_4h.ipynb,community_area,4h,33,61.0,85.17,41.82,0.3667,-0.2224495761473253,0.6745161290322581,2026-07-17T19:23:07
"RBF, tuned (10k subsample)",03.01_prediction_svm_CA_4h.ipynb,community_area,4h,34,6.0,7.44,4.61,0.1806,-0.0313199105145414,0.6585714285714286,2026-07-17T19:23:07
"RBF, tuned (10k subsample)",03.01_prediction_svm_CA_4h.ipynb,community_area,4h,35,14.0,7.06,4.95,0.7917,-0.0855263157894739,0.33,2026-07-17T19:23:07
"RBF, tuned (10k subsample)",03.01_prediction_svm_CA_4h.ipynb,community_area,4h,36,4.0,3.0,2.12,0.5074,0.0093457943925233,0.424,2026-07-17T19:23:07
"RBF, tuned (10k subsample)",03.01_prediction_svm_CA_4h.ipynb,community_area,4h,37,3.0,3.24,2.64,-1.6432,-0.0153846153846153,0.66,2026-07-17T19:23:07
"RBF, tuned (10k subsample)",03.01_prediction_svm_CA_4h.ipynb,community_area,4h,38,12.0,5.61,4.05,0.7606,-0.0465116279069766,0.3115384615384615,2026-07-17T19:23:07
"RBF, tuned (10k subsample)",03.01_prediction_svm_CA_4h.ipynb,community_area,4h,39,9.0,4.75,3.38,0.7497,-0.0273556231003038,0.3379999999999999,2026-07-17T19:23:07
"RBF, tuned (10k subsample)",03.01_prediction_svm_CA_4h.ipynb,community_area,4h,40,3.0,2.32,1.71,0.428,-0.1032258064516129,0.4275,2026-07-17T19:23:07
"RBF, tuned (10k subsample)",03.01_prediction_svm_CA_4h.ipynb,community_area,4h,41,13.0,8.19,4.99,0.8154,-0.1238738738738738,0.3564285714285714,2026-07-17T19:23:07
"RBF, tuned (10k subsample)",03.01_prediction_svm_CA_4h.ipynb,community_area,4h,42,6.0,3.99,2.87,0.5224,-0.1762295081967213,0.41,2026-07-17T19:23:07
"RBF, tuned (10k subsample)",03.01_prediction_svm_CA_4h.ipynb,community_area,4h,43,15.0,8.18,6.19,-0.0544,-0.1213768115942031,0.386875,2026-07-17T19:23:07
"RBF, tuned (10k subsample)",03.01_prediction_svm_CA_4h.ipynb,community_area,4h,44,13.0,7.58,5.83,-0.2496,0.0,0.4164285714285714,2026-07-17T19:23:07
"RBF, tuned (10k subsample)",03.01_prediction_svm_CA_4h.ipynb,community_area,4h,45,2.0,1.63,1.15,0.4424,0.0495867768595041,0.3833333333333333,2026-07-17T19:23:07
"RBF, tuned (10k subsample)",03.01_prediction_svm_CA_4h.ipynb,community_area,4h,46,5.0,3.49,2.46,-0.1711,-0.0250000000000001,0.41,2026-07-17T19:23:07
"RBF, tuned (10k subsample)",03.01_prediction_svm_CA_4h.ipynb,community_area,4h,47,0.0,1.22,0.77,0.1502,-0.0405405405405405,0.77,2026-07-17T19:23:07
"RBF, tuned (10k subsample)",03.01_prediction_svm_CA_4h.ipynb,community_area,4h,48,2.0,2.23,1.53,0.0772,0.0727272727272726,0.51,2026-07-17T19:23:07
"RBF, tuned (10k subsample)",03.01_prediction_svm_CA_4h.ipynb,community_area,4h,49,7.0,3.76,2.88,0.2488,0.1,0.36,2026-07-17T19:23:07
"RBF, tuned (10k subsample)",03.01_prediction_svm_CA_4h.ipynb,community_area,4h,50,3.0,2.57,1.88,-0.1888,0.1047619047619048,0.47,2026-07-17T19:23:07
"RBF, tuned (10k subsample)",03.01_prediction_svm_CA_4h.ipynb,community_area,4h,51,4.0,2.42,1.77,0.1451,0.1690140845070422,0.354,2026-07-17T19:23:07
"RBF, tuned (10k subsample)",03.01_prediction_svm_CA_4h.ipynb,community_area,4h,52,1.0,1.58,1.1,-0.9234,0.1472868217054262,0.55,2026-07-17T19:23:07
"RBF, tuned (10k subsample)",03.01_prediction_svm_CA_4h.ipynb,community_area,4h,53,7.0,6.03,4.62,-1.9726,-0.0845070422535212,0.5775,2026-07-17T19:23:07
"RBF, tuned (10k subsample)",03.01_prediction_svm_CA_4h.ipynb,community_area,4h,54,2.0,2.65,1.91,-1.9938,-0.0914285714285714,0.6366666666666666,2026-07-17T19:23:07
"RBF, tuned (10k subsample)",03.01_prediction_svm_CA_4h.ipynb,community_area,4h,55,1.0,1.54,0.99,-0.6108,0.1081081081081082,0.495,2026-07-17T19:23:07
"RBF, tuned (10k subsample)",03.01_prediction_svm_CA_4h.ipynb,community_area,4h,56,72.0,29.51,22.54,0.374,0.2219537452537107,0.3087671232876712,2026-07-17T19:23:07
"RBF, tuned (10k subsample)",03.01_prediction_svm_CA_4h.ipynb,community_area,4h,57,0.0,0.92,0.64,-0.2371,-0.0666666666666666,0.64,2026-07-17T19:23:07
"RBF, tuned (10k subsample)",03.01_prediction_svm_CA_4h.ipynb,community_area,4h,58,1.0,1.21,0.76,0.2546,0.0617283950617284,0.38,2026-07-17T19:23:07
"RBF, tuned (10k subsample)",03.01_prediction_svm_CA_4h.ipynb,community_area,4h,59,1.0,2.78,1.64,0.7037,-0.28125,0.82,2026-07-17T19:23:07
"RBF, tuned (10k subsample)",03.01_prediction_svm_CA_4h.ipynb,community_area,4h,60,1.0,2.22,1.55,0.3034,0.0548780487804877,0.775,2026-07-17T19:23:07
"RBF, tuned (10k subsample)",03.01_prediction_svm_CA_4h.ipynb,community_area,4h,61,2.0,1.93,1.31,0.3124,-0.0314960629921259,0.4366666666666667,2026-07-17T19:23:07
"RBF, tuned (10k subsample)",03.01_prediction_svm_CA_4h.ipynb,community_area,4h,62,1.0,0.91,0.61,-0.3867,0.0615384615384615,0.305,2026-07-17T19:23:07
"RBF, tuned (10k subsample)",03.01_prediction_svm_CA_4h.ipynb,community_area,4h,63,0.0,0.66,0.34,-0.5026,0.2272727272727271,0.34,2026-07-17T19:23:07
"RBF, tuned (10k subsample)",03.01_prediction_svm_CA_4h.ipynb,community_area,4h,64,0.0,0.98,0.58,-0.642,0.0333333333333333,0.58,2026-07-17T19:23:07
"RBF, tuned (10k subsample)",03.01_prediction_svm_CA_4h.ipynb,community_area,4h,65,0.0,1.12,0.71,0.1313,-0.0441176470588233,0.71,2026-07-17T19:23:07
"RBF, tuned (10k subsample)",03.01_prediction_svm_CA_4h.ipynb,community_area,4h,66,2.0,1.76,1.27,0.0684,-0.016,0.4233333333333333,2026-07-17T19:23:07
"RBF, tuned (10k subsample)",03.01_prediction_svm_CA_4h.ipynb,community_area,4h,67,2.0,1.94,1.33,0.1336,0.0074626865671642,0.4433333333333333,2026-07-17T19:23:07
"RBF, tuned (10k subsample)",03.01_prediction_svm_CA_4h.ipynb,community_area,4h,68,5.0,3.4,2.53,0.2,0.034351145038168,0.4216666666666666,2026-07-17T19:23:07
"RBF, tuned (10k subsample)",03.01_prediction_svm_CA_4h.ipynb,community_area,4h,69,10.0,6.29,4.51,-0.104,0.0814663951120163,0.41,2026-07-17T19:23:07
"RBF, tuned (10k subsample)",03.01_prediction_svm_CA_4h.ipynb,community_area,4h,70,2.0,1.73,1.16,0.2415,-0.0357142857142855,0.3866666666666666,2026-07-17T19:23:07
"RBF, tuned (10k subsample)",03.01_prediction_svm_CA_4h.ipynb,community_area,4h,71,5.0,3.17,2.3,0.125,-0.0599078341013823,0.3833333333333333,2026-07-17T19:23:07
"RBF, tuned (10k subsample)",03.01_prediction_svm_CA_4h.ipynb,community_area,4h,72,1.0,1.88,1.28,-0.0691,-0.0158730158730158,0.64,2026-07-17T19:23:07
"RBF, tuned (10k subsample)",03.01_prediction_svm_CA_4h.ipynb,community_area,4h,73,4.0,2.96,2.2,-0.1187,0.043478260869565,0.44,2026-07-17T19:23:07
"RBF, tuned (10k subsample)",03.01_prediction_svm_CA_4h.ipynb,community_area,4h,74,0.0,0.87,0.55,-0.3823,0.0833333333333332,0.55,2026-07-17T19:23:07
"RBF, tuned (10k subsample)",03.01_prediction_svm_CA_4h.ipynb,community_area,4h,75,4.0,3.42,2.58,-0.3566,0.0373134328358208,0.516,2026-07-17T19:23:07
"RBF, tuned (10k subsample)",03.01_prediction_svm_CA_4h.ipynb,community_area,4h,76,553.5,216.35,151.71,0.6266,-0.5539280958721706,0.2735978358881876,2026-07-17T19:23:07
"RBF, tuned (10k subsample)",03.01_prediction_svm_CA_4h.ipynb,community_area,4h,77,27.0,9.84,7.06,0.8172,-0.1592775041050902,0.2521428571428571,2026-07-17T19:23:07
"Poly, tuned (10k subsample)",03.01_prediction_svm_CA_4h.ipynb,community_area,4h,1,13.0,6.01,4.27,0.5484,-0.0948717948717947,0.305,2026-07-17T19:23:07
"Poly, tuned (10k subsample)",03.01_prediction_svm_CA_4h.ipynb,community_area,4h,2,16.0,7.28,5.5,0.4316,0.0818030050083472,0.3235294117647059,2026-07-17T19:23:07
"Poly, tuned (10k subsample)",03.01_prediction_svm_CA_4h.ipynb,community_area,4h,3,41.0,23.85,16.17,0.6746,-0.0582460732984295,0.385,2026-07-17T19:23:07
"Poly, tuned (10k subsample)",03.01_prediction_svm_CA_4h.ipynb,community_area,4h,4,8.0,4.88,3.45,0.5925,-0.2277580071174376,0.3833333333333333,2026-07-17T19:23:07
"Poly, tuned (10k subsample)",03.01_prediction_svm_CA_4h.ipynb,community_area,4h,5,6.0,4.12,2.88,0.3937,-0.161290322580645,0.4114285714285714,2026-07-17T19:23:07
"Poly, tuned (10k subsample)",03.01_prediction_svm_CA_4h.ipynb,community_area,4h,6,86.0,63.88,42.81,0.3546,-0.2565306721455826,0.4920689655172414,2026-07-17T19:23:07
"Poly, tuned (10k subsample)",03.01_prediction_svm_CA_4h.ipynb,community_area,4h,7,56.0,45.06,30.38,0.4038,-0.0708494888967217,0.5329824561403509,2026-07-17T19:23:07
"Poly, tuned (10k subsample)",03.01_prediction_svm_CA_4h.ipynb,community_area,4h,8,553.0,258.73,186.06,0.6992,-0.1151333533113576,0.3358483754512635,2026-07-17T19:23:07
"Poly, tuned (10k subsample)",03.01_prediction_svm_CA_4h.ipynb,community_area,4h,9,0.0,1.3,0.73,-1.8017,-0.0428571428571429,0.73,2026-07-17T19:23:07
"Poly, tuned (10k subsample)",03.01_prediction_svm_CA_4h.ipynb,community_area,4h,10,5.0,2.75,2.13,0.0459,0.1087866108786611,0.355,2026-07-17T19:23:07
"Poly, tuned (10k subsample)",03.01_prediction_svm_CA_4h.ipynb,community_area,4h,11,3.0,2.08,1.52,-0.0813,0.0379746835443037,0.38,2026-07-17T19:23:07
"Poly, tuned (10k subsample)",03.01_prediction_svm_CA_4h.ipynb,community_area,4h,12,3.0,2.56,2.0,-0.574,-0.0471204188481675,0.5,2026-07-17T19:23:07
"Poly, tuned (10k subsample)",03.01_prediction_svm_CA_4h.ipynb,community_area,4h,13,2.0,1.91,1.39,0.2202,0.1146496815286625,0.4633333333333333,2026-07-17T19:23:07
"Poly, tuned (10k subsample)",03.01_prediction_svm_CA_4h.ipynb,community_area,4h,14,4.0,2.58,1.93,0.0479,0.0585365853658536,0.386,2026-07-17T19:23:07
"Poly, tuned (10k subsample)",03.01_prediction_svm_CA_4h.ipynb,community_area,4h,15,3.0,2.98,2.01,-0.199,-0.0634920634920634,0.5025,2026-07-17T19:23:07
"Poly, tuned (10k subsample)",03.01_prediction_svm_CA_4h.ipynb,community_area,4h,16,7.0,5.06,3.72,-0.248,-0.1376146788990826,0.465,2026-07-17T19:23:07
"Poly, tuned (10k subsample)",03.01_prediction_svm_CA_4h.ipynb,community_area,4h,17,1.0,9.27,1.2,-60.2426,-0.6438356164383561,0.6,2026-07-17T19:23:07
"Poly, tuned (10k subsample)",03.01_prediction_svm_CA_4h.ipynb,community_area,4h,18,0.0,1.23,0.41,-4.2201,-0.1081081081081081,0.41,2026-07-17T19:23:07
"Poly, tuned (10k subsample)",03.01_prediction_svm_CA_4h.ipynb,community_area,4h,19,2.0,1.35,0.99,0.2209,0.0388349514563106,0.33,2026-07-17T19:23:07
"Poly, tuned (10k subsample)",03.01_prediction_svm_CA_4h.ipynb,community_area,4h,20,0.0,1.15,0.59,-1.374,-0.0350877192982457,0.59,2026-07-17T19:23:07
"Poly, tuned (10k subsample)",03.01_prediction_svm_CA_4h.ipynb,community_area,4h,21,4.0,3.0,2.15,0.0166,-0.1025641025641026,0.43,2026-07-17T19:23:07
"Poly, tuned (10k subsample)",03.01_prediction_svm_CA_4h.ipynb,community_area,4h,22,10.0,8.85,5.5,0.1818,-0.2528473804100228,0.5,2026-07-17T19:23:07
"Poly, tuned (10k subsample)",03.01_prediction_svm_CA_4h.ipynb,community_area,4h,23,2.0,1.77,1.32,0.2038,-0.03125,0.44,2026-07-17T19:23:07
"Poly, tuned (10k subsample)",03.01_prediction_svm_CA_4h.ipynb,community_area,4h,24,24.0,30.98,19.91,-0.0031,-0.0999999999999998,0.7964,2026-07-17T19:23:07
"Poly, tuned (10k subsample)",03.01_prediction_svm_CA_4h.ipynb,community_area,4h,25,5.0,3.28,2.45,-0.0481,-0.0986547085201794,0.4083333333333334,2026-07-17T19:23:07
"Poly, tuned (10k subsample)",03.01_prediction_svm_CA_4h.ipynb,community_area,4h,26,1.0,1.48,1.03,-0.3549,-0.1573033707865168,0.515,2026-07-17T19:23:07
"Poly, tuned (10k subsample)",03.01_prediction_svm_CA_4h.ipynb,community_area,4h,27,2.0,2.02,1.43,0.22,-0.0999999999999998,0.4766666666666666,2026-07-17T19:23:07
"Poly, tuned (10k subsample)",03.01_prediction_svm_CA_4h.ipynb,community_area,4h,28,221.0,136.78,104.1,0.6925,-0.3264525993883791,0.4689189189189189,2026-07-17T19:23:07
"Poly, tuned (10k subsample)",03.01_prediction_svm_CA_4h.ipynb,community_area,4h,29,2.0,1.89,1.41,0.3155,-0.1015625,0.47,2026-07-17T19:23:07
"Poly, tuned (10k subsample)",03.01_prediction_svm_CA_4h.ipynb,community_area,4h,30,1.0,1.4,0.99,0.2036,0.0388349514563106,0.495,2026-07-17T19:23:07
"Poly, tuned (10k subsample)",03.01_prediction_svm_CA_4h.ipynb,community_area,4h,31,4.0,5.26,3.65,0.0129,-0.0488505747126437,0.73,2026-07-17T19:23:07
"Poly, tuned (10k subsample)",03.01_prediction_svm_CA_4h.ipynb,community_area,4h,32,347.0,160.01,111.5,0.8185,-0.3259602806516826,0.3204022988505747,2026-07-17T19:23:07
"Poly, tuned (10k subsample)",03.01_prediction_svm_CA_4h.ipynb,community_area,4h,33,61.0,86.12,41.91,0.3526,-0.22508038585209,0.6759677419354838,2026-07-17T19:23:07
"Poly, tuned (10k subsample)",03.01_prediction_svm_CA_4h.ipynb,community_area,4h,34,6.0,8.08,4.88,0.0334,-0.0917225950782998,0.6971428571428572,2026-07-17T19:23:07
"Poly, tuned (10k subsample)",03.01_prediction_svm_CA_4h.ipynb,community_area,4h,35,14.0,6.93,5.02,0.7991,-0.1008771929824561,0.3346666666666666,2026-07-17T19:23:07
"Poly, tuned (10k subsample)",03.01_prediction_svm_CA_4h.ipynb,community_area,4h,36,4.0,3.11,2.16,0.4685,-0.0093457943925234,0.432,2026-07-17T19:23:07
"Poly, tuned (10k subsample)",03.01_prediction_svm_CA_4h.ipynb,community_area,4h,37,3.0,3.89,2.93,-2.8033,-0.1269230769230769,0.7325,2026-07-17T19:23:07
"Poly, tuned (10k subsample)",03.01_prediction_svm_CA_4h.ipynb,community_area,4h,38,12.0,5.67,4.05,0.7551,-0.0465116279069766,0.3115384615384615,2026-07-17T19:23:07
"Poly, tuned (10k subsample)",03.01_prediction_svm_CA_4h.ipynb,community_area,4h,39,9.0,5.15,3.65,0.7058,-0.1094224924012157,0.365,2026-07-17T19:23:07
"Poly, tuned (10k subsample)",03.01_prediction_svm_CA_4h.ipynb,community_area,4h,40,3.0,2.39,1.75,0.3934,-0.129032258064516,0.4375,2026-07-17T19:23:07
"Poly, tuned (10k subsample)",03.01_prediction_svm_CA_4h.ipynb,community_area,4h,41,13.0,8.03,5.03,0.8224,-0.1328828828828827,0.3592857142857143,2026-07-17T19:23:07
"Poly, tuned (10k subsample)",03.01_prediction_svm_CA_4h.ipynb,community_area,4h,42,6.0,6.82,3.49,-0.3977,-0.4303278688524592,0.4985714285714286,2026-07-17T19:23:07
"Poly, tuned (10k subsample)",03.01_prediction_svm_CA_4h.ipynb,community_area,4h,43,15.0,8.87,6.59,-0.2403,-0.193840579710145,0.411875,2026-07-17T19:23:07
"Poly, tuned (10k subsample)",03.01_prediction_svm_CA_4h.ipynb,community_area,4h,44,13.0,8.28,6.19,-0.4902,-0.0617495711835334,0.4421428571428571,2026-07-17T19:23:07
"Poly, tuned (10k subsample)",03.01_prediction_svm_CA_4h.ipynb,community_area,4h,45,2.0,1.61,1.15,0.4547,0.0495867768595041,0.3833333333333333,2026-07-17T19:23:07
"Poly, tuned (10k subsample)",03.01_prediction_svm_CA_4h.ipynb,community_area,4h,46,5.0,3.48,2.51,-0.1664,-0.0458333333333333,0.4183333333333333,2026-07-17T19:23:07
"Poly, tuned (10k subsample)",03.01_prediction_svm_CA_4h.ipynb,community_area,4h,47,0.0,1.13,0.77,0.2708,-0.0405405405405405,0.77,2026-07-17T19:23:07
"Poly, tuned (10k subsample)",03.01_prediction_svm_CA_4h.ipynb,community_area,4h,48,2.0,2.31,1.6,0.0132,0.0303030303030301,0.5333333333333333,2026-07-17T19:23:07
"Poly, tuned (10k subsample)",03.01_prediction_svm_CA_4h.ipynb,community_area,4h,49,7.0,3.42,2.62,0.3756,0.18125,0.3275,2026-07-17T19:23:07
"Poly, tuned (10k subsample)",03.01_prediction_svm_CA_4h.ipynb,community_area,4h,50,3.0,2.59,1.9,-0.2079,0.0952380952380953,0.475,2026-07-17T19:23:07
"Poly, tuned (10k subsample)",03.01_prediction_svm_CA_4h.ipynb,community_area,4h,51,4.0,2.51,1.88,0.0848,0.1173708920187793,0.376,2026-07-17T19:23:07
"Poly, tuned (10k subsample)",03.01_prediction_svm_CA_4h.ipynb,community_area,4h,52,1.0,1.56,1.15,-0.866,0.1085271317829458,0.575,2026-07-17T19:23:07
"Poly, tuned (10k subsample)",03.01_prediction_svm_CA_4h.ipynb,community_area,4h,53,7.0,6.67,4.89,-2.6318,-0.147887323943662,0.61125,2026-07-17T19:23:07
"Poly, tuned (10k subsample)",03.01_prediction_svm_CA_4h.ipynb,community_area,4h,54,2.0,2.61,1.86,-1.9081,-0.0628571428571429,0.62,2026-07-17T19:23:07
"Poly, tuned (10k subsample)",03.01_prediction_svm_CA_4h.ipynb,community_area,4h,55,1.0,1.45,1.02,-0.442,0.0810810810810811,0.51,2026-07-17T19:23:07
"Poly, tuned (10k subsample)",03.01_prediction_svm_CA_4h.ipynb,community_area,4h,56,72.0,34.78,25.17,0.1304,0.1311701760441835,0.3447945205479452,2026-07-17T19:23:07
"Poly, tuned (10k subsample)",03.01_prediction_svm_CA_4h.ipynb,community_area,4h,57,0.0,0.92,0.64,-0.2491,-0.0666666666666666,0.64,2026-07-17T19:23:07
"Poly, tuned (10k subsample)",03.01_prediction_svm_CA_4h.ipynb,community_area,4h,58,1.0,1.21,0.76,0.2501,0.0617283950617284,0.38,2026-07-17T19:23:07
"Poly, tuned (10k subsample)",03.01_prediction_svm_CA_4h.ipynb,community_area,4h,59,1.0,3.01,1.8,0.6517,-0.40625,0.9,2026-07-17T19:23:07
"Poly, tuned (10k subsample)",03.01_prediction_svm_CA_4h.ipynb,community_area,4h,60,1.0,2.28,1.59,0.2674,0.0304878048780486,0.795,2026-07-17T19:23:07
"Poly, tuned (10k subsample)",03.01_prediction_svm_CA_4h.ipynb,community_area,4h,61,2.0,1.76,1.25,0.426,0.0157480314960629,0.4166666666666667,2026-07-17T19:23:07
"Poly, tuned (10k subsample)",03.01_prediction_svm_CA_4h.ipynb,community_area,4h,62,1.0,0.89,0.65,-0.3249,0.0,0.325,2026-07-17T19:23:07
"Poly, tuned (10k subsample)",03.01_prediction_svm_CA_4h.ipynb,community_area,4h,63,0.0,0.64,0.33,-0.4273,0.25,0.33,2026-07-17T19:23:07
"Poly, tuned (10k subsample)",03.01_prediction_svm_CA_4h.ipynb,community_area,4h,64,0.0,0.83,0.55,-0.1898,0.0833333333333332,0.55,2026-07-17T19:23:07
"Poly, tuned (10k subsample)",03.01_prediction_svm_CA_4h.ipynb,community_area,4h,65,0.0,1.1,0.71,0.1653,-0.0441176470588233,0.71,2026-07-17T19:23:07
"Poly, tuned (10k subsample)",03.01_prediction_svm_CA_4h.ipynb,community_area,4h,66,2.0,1.6,1.19,0.2269,0.048,0.3966666666666666,2026-07-17T19:23:07
"Poly, tuned (10k subsample)",03.01_prediction_svm_CA_4h.ipynb,community_area,4h,67,2.0,1.7,1.21,0.3313,0.0970149253731343,0.4033333333333333,2026-07-17T19:23:07
"Poly, tuned (10k subsample)",03.01_prediction_svm_CA_4h.ipynb,community_area,4h,68,5.0,3.62,2.6,0.0952,0.0076335877862595,0.4333333333333333,2026-07-17T19:23:07
"Poly, tuned (10k subsample)",03.01_prediction_svm_CA_4h.ipynb,community_area,4h,69,10.0,6.59,4.7,-0.2118,0.0427698574338085,0.4272727272727273,2026-07-17T19:23:07
"Poly, tuned (10k subsample)",03.01_prediction_svm_CA_4h.ipynb,community_area,4h,70,2.0,1.89,1.2,0.0981,-0.0714285714285714,0.3999999999999999,2026-07-17T19:23:07
"Poly, tuned (10k subsample)",03.01_prediction_svm_CA_4h.ipynb,community_area,4h,71,5.0,3.54,2.5,-0.0913,-0.1520737327188941,0.4166666666666667,2026-07-17T19:23:07
"Poly, tuned (10k subsample)",03.01_prediction_svm_CA_4h.ipynb,community_area,4h,72,1.0,1.87,1.32,-0.0628,-0.0476190476190476,0.66,2026-07-17T19:23:07
"Poly, tuned (10k subsample)",03.01_prediction_svm_CA_4h.ipynb,community_area,4h,73,4.0,2.81,2.1,-0.0026,0.0869565217391303,0.42,2026-07-17T19:23:07
"Poly, tuned (10k subsample)",03.01_prediction_svm_CA_4h.ipynb,community_area,4h,74,0.0,0.81,0.56,-0.1983,0.0666666666666665,0.56,2026-07-17T19:23:07
"Poly, tuned (10k subsample)",03.01_prediction_svm_CA_4h.ipynb,community_area,4h,75,4.0,3.27,2.51,-0.2436,0.0634328358208956,0.502,2026-07-17T19:23:07
"Poly, tuned (10k subsample)",03.01_prediction_svm_CA_4h.ipynb,community_area,4h,76,553.5,189.66,133.77,0.713,-0.3701731025299601,0.2412443642921551,2026-07-17T19:23:07
"Poly, tuned (10k subsample)",03.01_prediction_svm_CA_4h.ipynb,community_area,4h,77,27.0,10.16,7.21,0.8049,-0.1839080459770115,0.2575,2026-07-17T19:23:07
"LinearSVR, demand-tiered",03.01_prediction_svm_CA_4h.ipynb,community_area,4h,1,13.0,6.66,5.06,0.4466,-0.2974358974358972,0.3614285714285714,2026-07-17T19:23:07
"LinearSVR, demand-tiered",03.01_prediction_svm_CA_4h.ipynb,community_area,4h,2,16.0,7.77,6.07,0.3531,-0.0133555926544239,0.3570588235294117,2026-07-17T19:23:07
"LinearSVR, demand-tiered",03.01_prediction_svm_CA_4h.ipynb,community_area,4h,3,41.0,30.4,20.98,0.4714,-0.3730366492146597,0.4995238095238095,2026-07-17T19:23:07
"LinearSVR, demand-tiered",03.01_prediction_svm_CA_4h.ipynb,community_area,4h,4,8.0,4.29,3.11,0.6859,-0.1067615658362988,0.3455555555555555,2026-07-17T19:23:07
"LinearSVR, demand-tiered",03.01_prediction_svm_CA_4h.ipynb,community_area,4h,5,6.0,4.1,2.87,0.4009,-0.157258064516129,0.41,2026-07-17T19:23:07
"LinearSVR, demand-tiered",03.01_prediction_svm_CA_4h.ipynb,community_area,4h,6,86.0,65.11,44.6,0.3296,-0.3090695626651012,0.5126436781609196,2026-07-17T19:23:07
"LinearSVR, demand-tiered",03.01_prediction_svm_CA_4h.ipynb,community_area,4h,7,56.0,51.45,33.79,0.2227,-0.1910468805075784,0.5928070175438597,2026-07-17T19:23:07
"LinearSVR, demand-tiered",03.01_prediction_svm_CA_4h.ipynb,community_area,4h,8,553.0,288.04,206.16,0.6272,-0.2356008390770152,0.3721299638989169,2026-07-17T19:23:07
"LinearSVR, demand-tiered",03.01_prediction_svm_CA_4h.ipynb,community_area,4h,9,0.0,0.89,0.65,-0.316,0.0714285714285712,0.65,2026-07-17T19:23:07
"LinearSVR, demand-tiered",03.01_prediction_svm_CA_4h.ipynb,community_area,4h,10,5.0,3.21,2.48,-0.3001,-0.0376569037656904,0.4133333333333333,2026-07-17T19:23:07
"LinearSVR, demand-tiered",03.01_prediction_svm_CA_4h.ipynb,community_area,4h,11,3.0,2.09,1.64,-0.0872,-0.0379746835443037,0.41,2026-07-17T19:23:07
"LinearSVR, demand-tiered",03.01_prediction_svm_CA_4h.ipynb,community_area,4h,12,3.0,2.35,1.82,-0.3291,0.0471204188481674,0.455,2026-07-17T19:23:07
"LinearSVR, demand-tiered",03.01_prediction_svm_CA_4h.ipynb,community_area,4h,13,2.0,1.62,1.27,0.4416,0.1910828025477707,0.4233333333333333,2026-07-17T19:23:07
"LinearSVR, demand-tiered",03.01_prediction_svm_CA_4h.ipynb,community_area,4h,14,4.0,2.46,1.89,0.1393,0.0780487804878048,0.378,2026-07-17T19:23:07
"LinearSVR, demand-tiered",03.01_prediction_svm_CA_4h.ipynb,community_area,4h,15,3.0,2.19,1.7,0.3537,0.1005291005291004,0.425,2026-07-17T19:23:07
"LinearSVR, demand-tiered",03.01_prediction_svm_CA_4h.ipynb,community_area,4h,16,7.0,4.42,3.39,0.0477,-0.036697247706422,0.42375,2026-07-17T19:23:07
"LinearSVR, demand-tiered",03.01_prediction_svm_CA_4h.ipynb,community_area,4h,17,1.0,1.0,0.67,0.2919,0.0821917808219176,0.335,2026-07-17T19:23:07
"LinearSVR, demand-tiered",03.01_prediction_svm_CA_4h.ipynb,community_area,4h,18,0.0,0.63,0.41,-0.3458,-0.1081081081081081,0.41,2026-07-17T19:23:07
"LinearSVR, demand-tiered",03.01_prediction_svm_CA_4h.ipynb,community_area,4h,19,2.0,1.42,1.08,0.1427,-0.0485436893203883,0.36,2026-07-17T19:23:07
"LinearSVR, demand-tiered",03.01_prediction_svm_CA_4h.ipynb,community_area,4h,20,0.0,0.85,0.61,-0.3115,-0.0701754385964912,0.61,2026-07-17T19:23:07
"LinearSVR, demand-tiered",03.01_prediction_svm_CA_4h.ipynb,community_area,4h,21,4.0,2.74,2.03,0.1835,-0.0410256410256408,0.4059999999999999,2026-07-17T19:23:07
"LinearSVR, demand-tiered",03.01_prediction_svm_CA_4h.ipynb,community_area,4h,22,10.0,8.81,5.65,0.19,-0.2870159453302963,0.5136363636363637,2026-07-17T19:23:07
"LinearSVR, demand-tiered",03.01_prediction_svm_CA_4h.ipynb,community_area,4h,23,2.0,1.63,1.25,0.3216,0.0234375,0.4166666666666667,2026-07-17T19:23:07
"LinearSVR, demand-tiered",03.01_prediction_svm_CA_4h.ipynb,community_area,4h,24,24.0,30.36,19.87,0.0366,-0.0977900552486188,0.7948000000000001,2026-07-17T19:23:07
"LinearSVR, demand-tiered",03.01_prediction_svm_CA_4h.ipynb,community_area,4h,25,5.0,2.75,2.11,0.2622,0.0538116591928251,0.3516666666666666,2026-07-17T19:23:07
"LinearSVR, demand-tiered",03.01_prediction_svm_CA_4h.ipynb,community_area,4h,26,1.0,1.24,0.92,0.0463,-0.0337078651685394,0.46,2026-07-17T19:23:07
"LinearSVR, demand-tiered",03.01_prediction_svm_CA_4h.ipynb,community_area,4h,27,2.0,1.8,1.28,0.3781,0.0153846153846154,0.4266666666666667,2026-07-17T19:23:07
"LinearSVR, demand-tiered",03.01_prediction_svm_CA_4h.ipynb,community_area,4h,28,221.0,167.48,118.56,0.5389,-0.510703363914373,0.534054054054054,2026-07-17T19:23:07
"LinearSVR, demand-tiered",03.01_prediction_svm_CA_4h.ipynb,community_area,4h,29,2.0,1.81,1.34,0.3659,-0.046875,0.4466666666666667,2026-07-17T19:23:07
"LinearSVR, demand-tiered",03.01_prediction_svm_CA_4h.ipynb,community_area,4h,30,1.0,1.38,1.04,0.2202,-0.0097087378640776,0.52,2026-07-17T19:23:07
"LinearSVR, demand-tiered",03.01_prediction_svm_CA_4h.ipynb,community_area,4h,31,4.0,5.23,3.62,0.0256,-0.0402298850574713,0.724,2026-07-17T19:23:07
"LinearSVR, demand-tiered",03.01_prediction_svm_CA_4h.ipynb,community_area,4h,32,347.0,249.34,161.57,0.5594,-0.9213937447972408,0.4642816091954023,2026-07-17T19:23:07
"LinearSVR, demand-tiered",03.01_prediction_svm_CA_4h.ipynb,community_area,4h,33,61.0,93.88,46.51,0.2306,-0.3595439929845074,0.7501612903225806,2026-07-17T19:23:07
"LinearSVR, demand-tiered",03.01_prediction_svm_CA_4h.ipynb,community_area,4h,34,6.0,7.5,4.71,0.1667,-0.0536912751677853,0.6728571428571428,2026-07-17T19:23:07
"LinearSVR, demand-tiered",03.01_prediction_svm_CA_4h.ipynb,community_area,4h,35,14.0,7.72,5.37,0.7511,-0.1776315789473685,0.358,2026-07-17T19:23:07
"LinearSVR, demand-tiered",03.01_prediction_svm_CA_4h.ipynb,community_area,4h,36,4.0,2.45,1.96,0.6698,0.0841121495327104,0.392,2026-07-17T19:23:07
"LinearSVR, demand-tiered",03.01_prediction_svm_CA_4h.ipynb,community_area,4h,37,3.0,2.91,2.31,-1.1306,0.1115384615384615,0.5775,2026-07-17T19:23:07
"LinearSVR, demand-tiered",03.01_prediction_svm_CA_4h.ipynb,community_area,4h,38,12.0,5.13,3.98,0.7998,-0.028423772609819,0.3061538461538461,2026-07-17T19:23:07
"LinearSVR, demand-tiered",03.01_prediction_svm_CA_4h.ipynb,community_area,4h,39,9.0,4.31,3.26,0.7933,0.0091185410334346,0.3259999999999999,2026-07-17T19:23:07
"LinearSVR, demand-tiered",03.01_prediction_svm_CA_4h.ipynb,community_area,4h,40,3.0,1.96,1.47,0.5927,0.0516129032258064,0.3675,2026-07-17T19:23:07
"LinearSVR, demand-tiered",03.01_prediction_svm_CA_4h.ipynb,community_area,4h,41,13.0,12.21,7.73,0.5898,-0.7409909909909909,0.5521428571428572,2026-07-17T19:23:07
"LinearSVR, demand-tiered",03.01_prediction_svm_CA_4h.ipynb,community_area,4h,42,6.0,3.31,2.41,0.6709,0.012295081967213,0.3442857142857143,2026-07-17T19:23:07
"LinearSVR, demand-tiered",03.01_prediction_svm_CA_4h.ipynb,community_area,4h,43,15.0,6.87,5.45,0.2562,0.0126811594202898,0.340625,2026-07-17T19:23:07
"LinearSVR, demand-tiered",03.01_prediction_svm_CA_4h.ipynb,community_area,4h,44,13.0,7.8,6.11,-0.3219,-0.0480274442538593,0.4364285714285714,2026-07-17T19:23:07
"LinearSVR, demand-tiered",03.01_prediction_svm_CA_4h.ipynb,community_area,4h,45,2.0,1.53,1.09,0.5059,0.0991735537190081,0.3633333333333333,2026-07-17T19:23:07
"LinearSVR, demand-tiered",03.01_prediction_svm_CA_4h.ipynb,community_area,4h,46,5.0,2.5,1.96,0.3988,0.1833333333333333,0.3266666666666666,2026-07-17T19:23:07
"LinearSVR, demand-tiered",03.01_prediction_svm_CA_4h.ipynb,community_area,4h,47,0.0,1.1,0.74,0.3004,0.0,0.74,2026-07-17T19:23:07
"LinearSVR, demand-tiered",03.01_prediction_svm_CA_4h.ipynb,community_area,4h,48,2.0,1.73,1.35,0.4417,0.1818181818181817,0.45,2026-07-17T19:23:07
"LinearSVR, demand-tiered",03.01_prediction_svm_CA_4h.ipynb,community_area,4h,49,7.0,4.79,3.63,-0.2219,-0.1343749999999999,0.45375,2026-07-17T19:23:07
"LinearSVR, demand-tiered",03.01_prediction_svm_CA_4h.ipynb,community_area,4h,50,3.0,2.33,1.79,0.0233,0.1476190476190476,0.4475,2026-07-17T19:23:07
"LinearSVR, demand-tiered",03.01_prediction_svm_CA_4h.ipynb,community_area,4h,51,4.0,2.5,1.98,0.0852,0.0704225352112676,0.396,2026-07-17T19:23:07
"LinearSVR, demand-tiered",03.01_prediction_svm_CA_4h.ipynb,community_area,4h,52,1.0,1.26,0.98,-0.2204,0.2403100775193798,0.49,2026-07-17T19:23:07
"LinearSVR, demand-tiered",03.01_prediction_svm_CA_4h.ipynb,community_area,4h,53,7.0,6.22,4.82,-2.1554,-0.1314553990610329,0.6025,2026-07-17T19:23:07
"LinearSVR, demand-tiered",03.01_prediction_svm_CA_4h.ipynb,community_area,4h,54,2.0,1.81,1.44,-0.3974,0.1771428571428571,0.48,2026-07-17T19:23:07
"LinearSVR, demand-tiered",03.01_prediction_svm_CA_4h.ipynb,community_area,4h,55,1.0,1.21,0.92,-0.0003,0.1711711711711712,0.46,2026-07-17T19:23:07
"LinearSVR, demand-tiered",03.01_prediction_svm_CA_4h.ipynb,community_area,4h,56,72.0,40.09,31.29,-0.1558,-0.080082844321712,0.4286301369863013,2026-07-17T19:23:07
"LinearSVR, demand-tiered",03.01_prediction_svm_CA_4h.ipynb,community_area,4h,57,0.0,0.8,0.56,0.0718,0.0666666666666665,0.56,2026-07-17T19:23:07
"LinearSVR, demand-tiered",03.01_prediction_svm_CA_4h.ipynb,community_area,4h,58,1.0,1.18,0.8,0.2906,0.0123456790123457,0.4,2026-07-17T19:23:07
"LinearSVR, demand-tiered",03.01_prediction_svm_CA_4h.ipynb,community_area,4h,59,1.0,4.79,2.47,0.1207,-0.9296875000000002,1.235,2026-07-17T19:23:07
"LinearSVR, demand-tiered",03.01_prediction_svm_CA_4h.ipynb,community_area,4h,60,1.0,2.54,1.75,0.0906,-0.0670731707317073,0.875,2026-07-17T19:23:07
"LinearSVR, demand-tiered",03.01_prediction_svm_CA_4h.ipynb,community_area,4h,61,2.0,1.75,1.26,0.4306,0.0078740157480314,0.42,2026-07-17T19:23:07
"LinearSVR, demand-tiered",03.01_prediction_svm_CA_4h.ipynb,community_area,4h,62,1.0,0.94,0.71,-0.4985,-0.0923076923076922,0.355,2026-07-17T19:23:07
"LinearSVR, demand-tiered",03.01_prediction_svm_CA_4h.ipynb,community_area,4h,63,0.0,0.66,0.44,-0.5303,0.0,0.44,2026-07-17T19:23:07
"LinearSVR, demand-tiered",03.01_prediction_svm_CA_4h.ipynb,community_area,4h,64,0.0,0.8,0.56,-0.0887,0.0666666666666665,0.56,2026-07-17T19:23:07
"LinearSVR, demand-tiered",03.01_prediction_svm_CA_4h.ipynb,community_area,4h,65,0.0,0.95,0.64,0.374,0.0588235294117647,0.64,2026-07-17T19:23:07
"LinearSVR, demand-tiered",03.01_prediction_svm_CA_4h.ipynb,community_area,4h,66,2.0,1.43,1.07,0.3836,0.1439999999999999,0.3566666666666667,2026-07-17T19:23:07
"LinearSVR, demand-tiered",03.01_prediction_svm_CA_4h.ipynb,community_area,4h,67,2.0,1.56,1.18,0.4412,0.1194029850746269,0.3933333333333333,2026-07-17T19:23:07
"LinearSVR, demand-tiered",03.01_prediction_svm_CA_4h.ipynb,community_area,4h,68,5.0,2.79,2.2,0.4615,0.1603053435114503,0.3666666666666667,2026-07-17T19:23:07
"LinearSVR, demand-tiered",03.01_prediction_svm_CA_4h.ipynb,community_area,4h,69,10.0,5.71,4.3,0.0906,0.1242362525458249,0.3909090909090909,2026-07-17T19:23:07
"LinearSVR, demand-tiered",03.01_prediction_svm_CA_4h.ipynb,community_area,4h,70,2.0,1.44,1.05,0.4788,0.0625,0.35,2026-07-17T19:23:07
"LinearSVR, demand-tiered",03.01_prediction_svm_CA_4h.ipynb,community_area,4h,71,5.0,2.49,1.93,0.4609,0.1105990783410137,0.3216666666666666,2026-07-17T19:23:07
"LinearSVR, demand-tiered",03.01_prediction_svm_CA_4h.ipynb,community_area,4h,72,1.0,1.31,0.93,0.4805,0.2619047619047618,0.465,2026-07-17T19:23:07
"LinearSVR, demand-tiered",03.01_prediction_svm_CA_4h.ipynb,community_area,4h,73,4.0,2.79,2.18,0.0062,0.052173913043478,0.436,2026-07-17T19:23:07
"LinearSVR, demand-tiered",03.01_prediction_svm_CA_4h.ipynb,community_area,4h,74,0.0,0.81,0.57,-0.2086,0.05,0.57,2026-07-17T19:23:07
"LinearSVR, demand-tiered",03.01_prediction_svm_CA_4h.ipynb,community_area,4h,75,4.0,2.92,2.33,0.0094,0.1305970149253731,0.466,2026-07-17T19:23:07
"LinearSVR, demand-tiered",03.01_prediction_svm_CA_4h.ipynb,community_area,4h,76,553.5,353.12,277.46,0.0052,-1.8419543173204955,0.5003787195671776,2026-07-17T19:23:07
"LinearSVR, demand-tiered",03.01_prediction_svm_CA_4h.ipynb,community_area,4h,77,27.0,12.47,9.63,0.7065,-0.5812807881773401,0.3439285714285715,2026-07-17T19:23:07
"LinearSVR (per area, default)",03.01_prediction_svm_CA_4h.ipynb,community_area,4h,1,13.0,4.91,3.85,0.6983,0.0128205128205127,0.275,2026-07-17T19:23:07
"LinearSVR (per area, default)",03.01_prediction_svm_CA_4h.ipynb,community_area,4h,2,16.0,7.27,5.7,0.4345,0.0484140233722871,0.3352941176470588,2026-07-17T19:23:07
"LinearSVR (per area, default)",03.01_prediction_svm_CA_4h.ipynb,community_area,4h,3,41.0,24.12,16.58,0.6674,-0.0850785340314135,0.3947619047619047,2026-07-17T19:23:07
"LinearSVR (per area, default)",03.01_prediction_svm_CA_4h.ipynb,community_area,4h,6,86.0,60.9,40.81,0.4135,-0.1978280011740534,0.469080459770115,2026-07-17T19:23:07
"LinearSVR (per area, default)",03.01_prediction_svm_CA_4h.ipynb,community_area,4h,7,56.0,48.06,32.11,0.3218,-0.1318293972506168,0.5633333333333334,2026-07-17T19:23:07
"LinearSVR (per area, default)",03.01_prediction_svm_CA_4h.ipynb,community_area,4h,8,553.0,238.08,179.98,0.7453,-0.078693437219059,0.3248736462093862,2026-07-17T19:23:07
"LinearSVR (per area, default)",03.01_prediction_svm_CA_4h.ipynb,community_area,4h,22,10.0,8.07,4.92,0.3209,-0.1207289293849658,0.4472727272727272,2026-07-17T19:23:07
"LinearSVR (per area, default)",03.01_prediction_svm_CA_4h.ipynb,community_area,4h,24,24.0,29.6,19.85,0.0843,-0.0966850828729282,0.794,2026-07-17T19:23:07
"LinearSVR (per area, default)",03.01_prediction_svm_CA_4h.ipynb,community_area,4h,28,221.0,118.6,94.38,0.7688,-0.2025993883792047,0.4251351351351351,2026-07-17T19:23:07
"LinearSVR (per area, default)",03.01_prediction_svm_CA_4h.ipynb,community_area,4h,32,347.0,133.82,96.69,0.8731,-0.1498394577238673,0.2778448275862069,2026-07-17T19:23:07
"LinearSVR (per area, default)",03.01_prediction_svm_CA_4h.ipynb,community_area,4h,33,61.0,85.75,42.46,0.3581,-0.2411575562700965,0.6848387096774193,2026-07-17T19:23:07
"LinearSVR (per area, default)",03.01_prediction_svm_CA_4h.ipynb,community_area,4h,35,14.0,6.27,4.49,0.8354,0.0153508771929823,0.2993333333333333,2026-07-17T19:23:07
"LinearSVR (per area, default)",03.01_prediction_svm_CA_4h.ipynb,community_area,4h,38,12.0,5.1,3.76,0.8022,0.0284237726098192,0.2892307692307692,2026-07-17T19:23:07
"LinearSVR (per area, default)",03.01_prediction_svm_CA_4h.ipynb,community_area,4h,41,13.0,7.41,4.96,0.8487,-0.117117117117117,0.3542857142857142,2026-07-17T19:23:07
"LinearSVR (per area, default)",03.01_prediction_svm_CA_4h.ipynb,community_area,4h,43,15.0,7.13,5.5,0.198,0.003623188405797,0.34375,2026-07-17T19:23:07
"LinearSVR (per area, default)",03.01_prediction_svm_CA_4h.ipynb,community_area,4h,44,13.0,7.16,5.62,-0.1145,0.0360205831903944,0.4014285714285714,2026-07-17T19:23:07
"LinearSVR (per area, default)",03.01_prediction_svm_CA_4h.ipynb,community_area,4h,56,72.0,30.79,23.25,0.3182,0.1974456334138764,0.3184931506849315,2026-07-17T19:23:07
"LinearSVR (per area, default)",03.01_prediction_svm_CA_4h.ipynb,community_area,4h,69,10.0,5.69,4.4,0.0953,0.1038696537678207,0.4,2026-07-17T19:23:07
"LinearSVR (per area, default)",03.01_prediction_svm_CA_4h.ipynb,community_area,4h,76,553.5,152.9,109.38,0.8135,-0.1203523507118713,0.197258791704238,2026-07-17T19:23:07
"LinearSVR (per area, default)",03.01_prediction_svm_CA_4h.ipynb,community_area,4h,77,27.0,9.3,7.08,0.8365,-0.1625615763546799,0.2528571428571428,2026-07-17T19:23:07
"RBF (per area, default)",03.01_prediction_svm_CA_4h.ipynb,community_area,4h,1,13.0,7.46,4.81,0.3053,-0.2333333333333331,0.3435714285714285,2026-07-17T19:23:07
"RBF (per area, default)",03.01_prediction_svm_CA_4h.ipynb,community_area,4h,2,16.0,9.55,6.41,0.0226,-0.0701168614357261,0.3770588235294118,2026-07-17T19:23:07
"RBF (per area, default)",03.01_prediction_svm_CA_4h.ipynb,community_area,4h,3,41.0,24.4,16.34,0.6595,-0.0693717277486911,0.389047619047619,2026-07-17T19:23:07
"RBF (per area, default)",03.01_prediction_svm_CA_4h.ipynb,community_area,4h,6,86.0,57.14,37.03,0.4836,-0.0868799530378632,0.4256321839080459,2026-07-17T19:23:07
"RBF (per area, default)",03.01_prediction_svm_CA_4h.ipynb,community_area,4h,7,56.0,45.51,30.13,0.3919,-0.062037363412055,0.5285964912280702,2026-07-17T19:23:07
"RBF (per area, default)",03.01_prediction_svm_CA_4h.ipynb,community_area,4h,8,553.0,235.7,172.2,0.7504,-0.0320647287983217,0.3108303249097472,2026-07-17T19:23:07
"RBF (per area, default)",03.01_prediction_svm_CA_4h.ipynb,community_area,4h,22,10.0,7.74,4.95,0.375,-0.1275626423690206,0.45,2026-07-17T19:23:07
"RBF (per area, default)",03.01_prediction_svm_CA_4h.ipynb,community_area,4h,24,24.0,28.44,18.8,0.1543,-0.0386740331491712,0.752,2026-07-17T19:23:07
"RBF (per area, default)",03.01_prediction_svm_CA_4h.ipynb,community_area,4h,28,221.0,116.87,83.31,0.7755,-0.0615443425076451,0.3752702702702702,2026-07-17T19:23:07
"RBF (per area, default)",03.01_prediction_svm_CA_4h.ipynb,community_area,4h,32,347.0,136.42,94.49,0.8681,-0.1236770127244617,0.2715229885057471,2026-07-17T19:23:07
"RBF (per area, default)",03.01_prediction_svm_CA_4h.ipynb,community_area,4h,33,61.0,99.28,48.9,0.1396,-0.4294066062554809,0.7887096774193548,2026-07-17T19:23:07
"RBF (per area, default)",03.01_prediction_svm_CA_4h.ipynb,community_area,4h,35,14.0,7.92,5.51,0.7374,-0.2083333333333334,0.3673333333333333,2026-07-17T19:23:07
"RBF (per area, default)",03.01_prediction_svm_CA_4h.ipynb,community_area,4h,38,12.0,6.99,4.52,0.6274,-0.1679586563307491,0.3476923076923076,2026-07-17T19:23:07
"RBF (per area, default)",03.01_prediction_svm_CA_4h.ipynb,community_area,4h,41,13.0,8.99,5.6,0.7774,-0.261261261261261,0.3999999999999999,2026-07-17T19:23:07
"RBF (per area, default)",03.01_prediction_svm_CA_4h.ipynb,community_area,4h,43,15.0,8.39,6.22,-0.1097,-0.1268115942028986,0.38875,2026-07-17T19:23:07
"RBF (per area, default)",03.01_prediction_svm_CA_4h.ipynb,community_area,4h,44,13.0,8.38,6.21,-0.525,-0.065180102915952,0.4435714285714285,2026-07-17T19:23:07
"RBF (per area, default)",03.01_prediction_svm_CA_4h.ipynb,community_area,4h,56,72.0,42.45,30.23,-0.2956,-0.0434932688988609,0.4141095890410959,2026-07-17T19:23:07
"RBF (per area, default)",03.01_prediction_svm_CA_4h.ipynb,community_area,4h,69,10.0,7.81,5.24,-0.7013,-0.0672097759674135,0.4763636363636364,2026-07-17T19:23:07
"RBF (per area, default)",03.01_prediction_svm_CA_4h.ipynb,community_area,4h,76,553.5,180.48,124.14,0.7401,-0.271535388712486,0.2238773669972948,2026-07-17T19:23:07
"RBF (per area, default)",03.01_prediction_svm_CA_4h.ipynb,community_area,4h,77,27.0,10.84,7.36,0.778,-0.2085385878489327,0.2628571428571428,2026-07-17T19:23:07
"LinearSVR (per area, tuned)",03.01_prediction_svm_CA_4h.ipynb,community_area,4h,1,13.0,5.1,3.95,0.6752,-0.0128205128205129,0.2821428571428571,2026-07-17T19:23:07
"LinearSVR (per area, tuned)",03.01_prediction_svm_CA_4h.ipynb,community_area,4h,2,16.0,7.17,5.59,0.4488,0.0667779632721202,0.3288235294117647,2026-07-17T19:23:07
"LinearSVR (per area, tuned)",03.01_prediction_svm_CA_4h.ipynb,community_area,4h,3,41.0,24.93,17.13,0.6447,-0.1210732984293192,0.4078571428571428,2026-07-17T19:23:07
"LinearSVR (per area, tuned)",03.01_prediction_svm_CA_4h.ipynb,community_area,4h,6,86.0,61.06,40.81,0.4105,-0.1978280011740534,0.469080459770115,2026-07-17T19:23:07
"LinearSVR (per area, tuned)",03.01_prediction_svm_CA_4h.ipynb,community_area,4h,7,56.0,48.12,32.13,0.3201,-0.1325343672893901,0.5636842105263158,2026-07-17T19:23:07
"LinearSVR (per area, tuned)",03.01_prediction_svm_CA_4h.ipynb,community_area,4h,8,553.0,245.67,185.19,0.7288,-0.1099190890020977,0.3342779783393502,2026-07-17T19:23:07
"LinearSVR (per area, tuned)",03.01_prediction_svm_CA_4h.ipynb,community_area,4h,22,10.0,8.06,4.93,0.3219,-0.1230068337129841,0.4481818181818182,2026-07-17T19:23:07
"LinearSVR (per area, tuned)",03.01_prediction_svm_CA_4h.ipynb,community_area,4h,24,24.0,29.83,20.03,0.07,-0.1066298342541436,0.8012,2026-07-17T19:23:07
"LinearSVR (per area, tuned)",03.01_prediction_svm_CA_4h.ipynb,community_area,4h,28,221.0,116.45,92.92,0.7771,-0.1839959225280325,0.4185585585585585,2026-07-17T19:23:07
"LinearSVR (per area, tuned)",03.01_prediction_svm_CA_4h.ipynb,community_area,4h,32,347.0,132.0,94.59,0.8765,-0.1248662147698893,0.2718103448275862,2026-07-17T19:23:07
"LinearSVR (per area, tuned)",03.01_prediction_svm_CA_4h.ipynb,community_area,4h,33,61.0,85.66,42.44,0.3594,-0.2405729318912597,0.684516129032258,2026-07-17T19:23:07
"LinearSVR (per area, tuned)",03.01_prediction_svm_CA_4h.ipynb,community_area,4h,35,14.0,6.27,4.5,0.8357,0.013157894736842,0.3,2026-07-17T19:23:07
"LinearSVR (per area, tuned)",03.01_prediction_svm_CA_4h.ipynb,community_area,4h,38,12.0,5.1,3.76,0.8022,0.0284237726098192,0.2892307692307692,2026-07-17T19:23:07
"LinearSVR (per area, tuned)",03.01_prediction_svm_CA_4h.ipynb,community_area,4h,41,13.0,7.48,5.04,0.8461,-0.1351351351351351,0.36,2026-07-17T19:23:07
"LinearSVR (per area, tuned)",03.01_prediction_svm_CA_4h.ipynb,community_area,4h,43,15.0,7.3,5.6,0.1597,-0.0144927536231884,0.35,2026-07-17T19:23:07
"LinearSVR (per area, tuned)",03.01_prediction_svm_CA_4h.ipynb,community_area,4h,44,13.0,7.21,5.73,-0.1311,0.0171526586620925,0.4092857142857143,2026-07-17T19:23:07
"LinearSVR (per area, tuned)",03.01_prediction_svm_CA_4h.ipynb,community_area,4h,56,72.0,31.38,23.66,0.2918,0.1832930617880566,0.3241095890410959,2026-07-17T19:23:07
"LinearSVR (per area, tuned)",03.01_prediction_svm_CA_4h.ipynb,community_area,4h,69,10.0,5.97,4.55,0.0063,0.0733197556008147,0.4136363636363636,2026-07-17T19:23:07
"LinearSVR (per area, tuned)",03.01_prediction_svm_CA_4h.ipynb,community_area,4h,76,553.5,160.66,112.96,0.7941,-0.1570214073542968,0.2037150586113615,2026-07-17T19:23:07
"LinearSVR (per area, tuned)",03.01_prediction_svm_CA_4h.ipynb,community_area,4h,77,27.0,9.3,7.08,0.8365,-0.1625615763546799,0.2528571428571428,2026-07-17T19:23:07
"RBF (per area, tuned)",03.01_prediction_svm_CA_4h.ipynb,community_area,4h,1,13.0,4.99,3.81,0.6887,0.0230769230769229,0.2721428571428571,2026-07-17T19:23:07
"RBF (per area, tuned)",03.01_prediction_svm_CA_4h.ipynb,community_area,4h,2,16.0,7.2,5.66,0.4445,0.0550918196994991,0.3329411764705882,2026-07-17T19:23:07
"RBF (per area, tuned)",03.01_prediction_svm_CA_4h.ipynb,community_area,4h,3,41.0,22.73,15.37,0.7047,-0.005890052356021,0.3659523809523809,2026-07-17T19:23:07
"RBF (per area, tuned)",03.01_prediction_svm_CA_4h.ipynb,community_area,4h,6,86.0,54.17,34.67,0.5359,-0.0176108012914588,0.3985057471264368,2026-07-17T19:23:07
"RBF (per area, tuned)",03.01_prediction_svm_CA_4h.ipynb,community_area,4h,7,56.0,43.82,28.36,0.4362,0.0003524850193867,0.4975438596491228,2026-07-17T19:23:07
"RBF (per area, tuned)",03.01_prediction_svm_CA_4h.ipynb,community_area,4h,8,553.0,223.3,163.01,0.7759,0.0230146838477675,0.2942418772563177,2026-07-17T19:23:07
"RBF (per area, tuned)",03.01_prediction_svm_CA_4h.ipynb,community_area,4h,22,10.0,7.42,4.43,0.4247,-0.0091116173120728,0.4027272727272727,2026-07-17T19:23:07
"RBF (per area, tuned)",03.01_prediction_svm_CA_4h.ipynb,community_area,4h,24,24.0,27.41,18.18,0.2144,-0.0044198895027622,0.7272,2026-07-17T19:23:07
"RBF (per area, tuned)",03.01_prediction_svm_CA_4h.ipynb,community_area,4h,28,221.0,98.87,73.8,0.8393,0.0596330275229358,0.3324324324324324,2026-07-17T19:23:07
"RBF (per area, tuned)",03.01_prediction_svm_CA_4h.ipynb,community_area,4h,32,347.0,117.31,81.9,0.9025,0.0260435247948626,0.2353448275862069,2026-07-17T19:23:07
"RBF (per area, tuned)",03.01_prediction_svm_CA_4h.ipynb,community_area,4h,33,61.0,78.71,38.87,0.4592,-0.1362174802689271,0.6269354838709676,2026-07-17T19:23:07
"RBF (per area, tuned)",03.01_prediction_svm_CA_4h.ipynb,community_area,4h,35,14.0,6.67,4.67,0.8138,-0.0241228070175438,0.3113333333333333,2026-07-17T19:23:07
"RBF (per area, tuned)",03.01_prediction_svm_CA_4h.ipynb,community_area,4h,38,12.0,5.47,3.92,0.7724,-0.0129198966408268,0.3015384615384615,2026-07-17T19:23:07
"RBF (per area, tuned)",03.01_prediction_svm_CA_4h.ipynb,community_area,4h,41,13.0,6.46,4.29,0.8851,0.0337837837837838,0.3064285714285714,2026-07-17T19:23:07
"RBF (per area, tuned)",03.01_prediction_svm_CA_4h.ipynb,community_area,4h,43,15.0,7.38,5.64,0.1406,-0.0217391304347827,0.3525,2026-07-17T19:23:07
"RBF (per area, tuned)",03.01_prediction_svm_CA_4h.ipynb,community_area,4h,44,13.0,7.07,5.5,-0.0872,0.0566037735849056,0.3928571428571428,2026-07-17T19:23:07
"RBF (per area, tuned)",03.01_prediction_svm_CA_4h.ipynb,community_area,4h,56,72.0,33.7,25.97,0.1837,0.103555402140145,0.3557534246575342,2026-07-17T19:23:07
"RBF (per area, tuned)",03.01_prediction_svm_CA_4h.ipynb,community_area,4h,69,10.0,6.2,4.75,-0.0737,0.0325865580448065,0.4318181818181818,2026-07-17T19:23:07
"RBF (per area, tuned)",03.01_prediction_svm_CA_4h.ipynb,community_area,4h,76,553.5,138.46,99.03,0.847,-0.0143398545529038,0.1785933273219116,2026-07-17T19:23:07
"RBF (per area, tuned)",03.01_prediction_svm_CA_4h.ipynb,community_area,4h,77,27.0,8.55,6.21,0.8618,-0.0197044334975369,0.2217857142857142,2026-07-17T19:23:07
Profile baseline (tract),03.03_prediction_svm_tract.ipynb,census_tract,4h,17031590500,0.0,0.0,0.0,1.0,0.0,,2026-07-18T14:51:15
Profile baseline (tract),03.03_prediction_svm_tract.ipynb,census_tract,4h,17031061500,0.0,1.25,0.15,0.0085,0.0,,2026-07-18T14:51:15
Profile baseline (tract),03.03_prediction_svm_tract.ipynb,census_tract,4h,17031590600,0.0,0.0,0.0,1.0,0.0,,2026-07-18T14:51:15
Profile baseline (tract),03.03_prediction_svm_tract.ipynb,census_tract,4h,17031560700,0.0,0.0,0.0,1.0,0.0,,2026-07-18T14:51:15
Profile baseline (tract),03.03_prediction_svm_tract.ipynb,census_tract,4h,17031560500,0.0,0.0,0.0,1.0,0.0,,2026-07-18T14:51:15
Profile baseline (tract),03.03_prediction_svm_tract.ipynb,census_tract,4h,17031560800,0.0,0.07,0.0,-0.003,0.0,,2026-07-18T14:51:15
Profile baseline (tract),03.03_prediction_svm_tract.ipynb,census_tract,4h,17031062300,0.0,0.89,0.07,-0.0132,0.0,,2026-07-18T14:51:15
Profile baseline (tract),03.03_prediction_svm_tract.ipynb,census_tract,4h,17031283500,0.0,10.48,5.77,0.1733,0.0,,2026-07-18T14:51:15
Profile baseline (tract),03.03_prediction_svm_tract.ipynb,census_tract,4h,17031060700,0.0,7.57,2.38,0.0508,0.0,,2026-07-18T14:51:15
Profile baseline (tract),03.03_prediction_svm_tract.ipynb,census_tract,4h,17031411000,0.0,27.56,14.34,-0.1241,0.0,,2026-07-18T14:51:15
Profile baseline (tract),03.03_prediction_svm_tract.ipynb,census_tract,4h,17031280900,0.0,0.0,0.0,0.0,0.0,,2026-07-18T14:51:15
Profile baseline (tract),03.03_prediction_svm_tract.ipynb,census_tract,4h,17031411400,0.0,6.58,2.37,0.1858,0.0,,2026-07-18T14:51:15
Profile baseline (tract),03.03_prediction_svm_tract.ipynb,census_tract,4h,17031281100,0.0,0.0,0.0,1.0,0.0,,2026-07-18T14:51:15
Profile baseline (tract),03.03_prediction_svm_tract.ipynb,census_tract,4h,17031410400,0.0,0.26,0.02,-0.0132,0.0,,2026-07-18T14:51:15
Profile baseline (tract),03.03_prediction_svm_tract.ipynb,census_tract,4h,17031410500,0.0,1.06,0.09,0.0133,0.0,,2026-07-18T14:51:15
Profile baseline (tract),03.03_prediction_svm_tract.ipynb,census_tract,4h,17031330200,0.0,1.33,0.46,-0.0097,0.0,,2026-07-18T14:51:15
Profile baseline (tract),03.03_prediction_svm_tract.ipynb,census_tract,4h,17031330400,1.5761182126044844,56.83,27.81,0.1696,0.0,,2026-07-18T14:51:15
Profile baseline (tract),03.03_prediction_svm_tract.ipynb,census_tract,4h,17031320500,1.4104740906698852,22.88,15.86,-0.2621,0.0,,2026-07-18T14:51:15
Profile baseline (tract),03.03_prediction_svm_tract.ipynb,census_tract,4h,17031284300,0.0,0.0,0.0,1.0,0.0,,2026-07-18T14:51:15
Profile baseline (tract),03.03_prediction_svm_tract.ipynb,census_tract,4h,17031282800,0.0,0.0,0.0,0.0,0.0,,2026-07-18T14:51:15
Profile baseline (tract),03.03_prediction_svm_tract.ipynb,census_tract,4h,17031283200,0.0,0.11,0.0,-0.0016,0.0,,2026-07-18T14:51:15
Profile baseline (tract),03.03_prediction_svm_tract.ipynb,census_tract,4h,17031283600,0.0,0.0,0.0,1.0,0.0,,2026-07-18T14:51:15
Profile baseline (tract),03.03_prediction_svm_tract.ipynb,census_tract,4h,17031280100,38.3234000272529,27.63,17.48,0.9045,0.0,,2026-07-18T14:51:15
Profile baseline (tract),03.03_prediction_svm_tract.ipynb,census_tract,4h,17031280600,0.0,0.0,0.0,1.0,0.0,,2026-07-18T14:51:15
Profile baseline (tract),03.03_prediction_svm_tract.ipynb,census_tract,4h,17031281800,0.0,14.93,9.36,-0.0998,0.0,,2026-07-18T14:51:15
Profile baseline (tract),03.03_prediction_svm_tract.ipynb,census_tract,4h,17031281900,124.96760878452034,62.45,40.08,0.9086,0.0,,2026-07-18T14:51:15
Profile baseline (tract),03.03_prediction_svm_tract.ipynb,census_tract,4h,17031062600,0.0,0.39,0.03,0.0191,0.0,,2026-07-18T14:51:15
Profile baseline (tract),03.03_prediction_svm_tract.ipynb,census_tract,4h,17031062700,0.0,1.65,0.19,-0.021,0.0,,2026-07-18T14:51:15
Profile baseline (tract),03.03_prediction_svm_tract.ipynb,census_tract,4h,17031080200,5.339664077122581,16.71,10.31,0.5205,0.0,,2026-07-18T14:51:15
Profile baseline (tract),03.03_prediction_svm_tract.ipynb,census_tract,4h,17031062800,0.0,2.85,0.52,0.0111,0.0,,2026-07-18T14:51:15
Profile baseline (tract),03.03_prediction_svm_tract.ipynb,census_tract,4h,17031062900,0.0,3.27,0.72,0.0336,0.0,,2026-07-18T14:51:15
Profile baseline (tract),03.03_prediction_svm_tract.ipynb,census_tract,4h,17031080700,0.0,0.0,0.0,1.0,0.0,,2026-07-18T14:51:15
Profile baseline (tract),03.03_prediction_svm_tract.ipynb,census_tract,4h,17031063100,0.0,5.82,1.81,0.0259,0.0,,2026-07-18T14:51:15
Profile baseline (tract),03.03_prediction_svm_tract.ipynb,census_tract,4h,17031070500,0.0,1.03,0.15,-0.0037,0.0,,2026-07-18T14:51:15
Profile baseline (tract),03.03_prediction_svm_tract.ipynb,census_tract,4h,17031070600,0.0,1.33,0.13,0.011,0.0,,2026-07-18T14:51:15
Profile baseline (tract),03.03_prediction_svm_tract.ipynb,census_tract,4h,17031071200,0.0,10.15,3.11,0.0203,0.0,,2026-07-18T14:51:15
Profile baseline (tract),03.03_prediction_svm_tract.ipynb,census_tract,4h,17031061000,0.0,9.66,3.94,-0.0433,0.0,,2026-07-18T14:51:15
Profile baseline (tract),03.03_prediction_svm_tract.ipynb,census_tract,4h,17031081500,106.7932815424516,43.0,30.35,0.8327,0.0,,2026-07-18T14:51:15
Profile baseline (tract),03.03_prediction_svm_tract.ipynb,census_tract,4h,17031061300,0.0,0.0,0.0,1.0,0.0,,2026-07-18T14:51:15
Profile baseline (tract),03.03_prediction_svm_tract.ipynb,census_tract,4h,17031071400,0.0,33.32,18.0,0.2019,0.0,,2026-07-18T14:51:15
Profile baseline (tract),03.03_prediction_svm_tract.ipynb,census_tract,4h,17031071500,9.762519854946504,44.33,26.66,0.2695,0.0,,2026-07-18T14:51:15
Profile baseline (tract),03.03_prediction_svm_tract.ipynb,census_tract,4h,17031080500,0.0,0.0,0.0,1.0,0.0,,2026-07-18T14:51:15
Profile baseline (tract),03.03_prediction_svm_tract.ipynb,census_tract,4h,17031060100,0.0,1.49,0.13,-0.0035,0.0,,2026-07-18T14:51:15
Profile baseline (tract),03.03_prediction_svm_tract.ipynb,census_tract,4h,17031060200,0.0,0.4,0.03,-0.0263,0.0,,2026-07-18T14:51:15
Profile baseline (tract),03.03_prediction_svm_tract.ipynb,census_tract,4h,17031060400,0.0,3.29,0.49,0.0118,0.0,,2026-07-18T14:51:15
Profile baseline (tract),03.03_prediction_svm_tract.ipynb,census_tract,4h,17031060500,0.0,1.44,0.15,-0.0135,0.0,,2026-07-18T14:51:15
Profile baseline (tract),03.03_prediction_svm_tract.ipynb,census_tract,4h,17031060600,0.0,0.0,0.0,1.0,0.0,,2026-07-18T14:51:15
Profile baseline (tract),03.03_prediction_svm_tract.ipynb,census_tract,4h,17031060800,0.0,18.66,9.12,0.2536,0.0,,2026-07-18T14:51:15
Profile baseline (tract),03.03_prediction_svm_tract.ipynb,census_tract,4h,17031031800,0.0,0.0,0.0,1.0,0.0,,2026-07-18T14:51:15
Profile baseline (tract),03.03_prediction_svm_tract.ipynb,census_tract,4h,17031282400,0.0,0.76,0.19,0.0094,0.0,,2026-07-18T14:51:15
Profile baseline (tract),03.03_prediction_svm_tract.ipynb,census_tract,4h,17031031000,0.0,1.05,0.13,-0.0246,0.0,,2026-07-18T14:51:15
Profile baseline (tract),03.03_prediction_svm_tract.ipynb,census_tract,4h,17031031100,0.0,6.12,1.57,0.0141,0.0,,2026-07-18T14:51:15
Profile baseline (tract),03.03_prediction_svm_tract.ipynb,census_tract,4h,17031031200,0.0,12.17,5.09,0.0586,0.0,,2026-07-18T14:51:15
Profile baseline (tract),03.03_prediction_svm_tract.ipynb,census_tract,4h,17031031400,0.0,33.34,17.15,0.5009,0.0,,2026-07-18T14:51:15
Profile baseline (tract),03.03_prediction_svm_tract.ipynb,census_tract,4h,17031031700,0.0,8.91,2.48,-0.0027,0.0,,2026-07-18T14:51:15
Profile baseline (tract),03.03_prediction_svm_tract.ipynb,census_tract,4h,17031031900,0.0,1.91,0.14,-0.0064,0.0,,2026-07-18T14:51:15
Profile baseline (tract),03.03_prediction_svm_tract.ipynb,census_tract,4h,17031032100,0.0,23.25,11.4,0.2862,0.0,,2026-07-18T14:51:15
Profile baseline (tract),03.03_prediction_svm_tract.ipynb,census_tract,4h,17031561300,0.0,0.0,0.0,1.0,0.0,,2026-07-18T14:51:15
Profile baseline (tract),03.03_prediction_svm_tract.ipynb,census_tract,4h,17031320300,93.09128998421242,66.85,39.68,0.9038,0.0,,2026-07-18T14:51:15
Profile baseline (tract),03.03_prediction_svm_tract.ipynb,census_tract,4h,17031760800,0.0,0.29,0.06,-0.0058,0.0,,2026-07-18T14:51:15
Profile baseline (tract),03.03_prediction_svm_tract.ipynb,census_tract,4h,17031760900,500.1786799375101,244.8,175.47,0.6294,0.0,,2026-07-18T14:51:15
Profile baseline (tract),03.03_prediction_svm_tract.ipynb,census_tract,4h,17031590700,0.0,0.0,0.0,1.0,0.0,,2026-07-18T14:51:15
Profile baseline (tract),03.03_prediction_svm_tract.ipynb,census_tract,4h,17031770600,0.0,0.1,0.01,-0.0488,0.0,,2026-07-18T14:51:15
Profile baseline (tract),03.03_prediction_svm_tract.ipynb,census_tract,4h,17031770900,0.0,0.0,0.0,1.0,0.0,,2026-07-18T14:51:15
Profile baseline (tract),03.03_prediction_svm_tract.ipynb,census_tract,4h,17031320200,0.0,0.0,0.0,1.0,0.0,,2026-07-18T14:51:15
Profile baseline (tract),03.03_prediction_svm_tract.ipynb,census_tract,4h,17031282300,0.0,0.0,0.0,1.0,0.0,,2026-07-18T14:51:15
Profile baseline (tract),03.03_prediction_svm_tract.ipynb,census_tract,4h,17031280300,8.331173918968023,34.26,22.35,0.2121,0.0,,2026-07-18T14:51:15
Profile baseline (tract),03.03_prediction_svm_tract.ipynb,census_tract,4h,17031283100,0.0,0.41,0.05,-0.0114,0.0,,2026-07-18T14:51:15
Profile baseline (tract),03.03_prediction_svm_tract.ipynb,census_tract,4h,17031280700,0.0,0.0,0.0,1.0,0.0,,2026-07-18T14:51:15
Profile baseline (tract),03.03_prediction_svm_tract.ipynb,census_tract,4h,17031282000,0.0,0.0,0.0,1.0,0.0,,2026-07-18T14:51:15
Profile baseline (tract),03.03_prediction_svm_tract.ipynb,census_tract,4h,17031081100,5.339664077122581,12.43,8.35,0.394,0.0,,2026-07-18T14:51:15
Profile baseline (tract),03.03_prediction_svm_tract.ipynb,census_tract,4h,17031080100,10.679328154245162,19.5,12.07,0.6582,0.0,,2026-07-18T14:51:15
Profile baseline (tract),03.03_prediction_svm_tract.ipynb,census_tract,4h,17031061200,0.0,2.8,0.48,-0.0019,0.0,,2026-07-18T14:51:15
Profile baseline (tract),03.03_prediction_svm_tract.ipynb,census_tract,4h,17031062400,0.0,0.41,0.05,-0.0735,0.0,,2026-07-18T14:51:15
Profile baseline (tract),03.03_prediction_svm_tract.ipynb,census_tract,4h,17031031300,0.0,18.79,9.04,0.2086,0.0,,2026-07-18T14:51:15
Profile baseline (tract),03.03_prediction_svm_tract.ipynb,census_tract,4h,17031282600,0.0,0.0,0.0,1.0,0.0,,2026-07-18T14:51:15
Profile baseline (tract),03.03_prediction_svm_tract.ipynb,census_tract,4h,17031282900,0.0,6.67,3.11,0.6253,0.0,,2026-07-18T14:51:15
Profile baseline (tract),03.03_prediction_svm_tract.ipynb,census_tract,4h,17031411300,0.0,0.0,0.0,1.0,0.0,,2026-07-18T14:51:15
Profile baseline (tract),03.03_prediction_svm_tract.ipynb,census_tract,4h,17031320100,133.99503861363908,54.76,36.32,0.8739,0.0,,2026-07-18T14:51:15
Profile baseline (tract),03.03_prediction_svm_tract.ipynb,census_tract,4h,17031281000,0.0,0.0,0.0,1.0,0.0,,2026-07-18T14:51:15
Profile baseline (tract),03.03_prediction_svm_tract.ipynb,census_tract,4h,17031062200,0.0,6.78,1.68,-0.0031,0.0,,2026-07-18T14:51:15
Profile baseline (tract),03.03_prediction_svm_tract.ipynb,census_tract,4h,17031284100,0.0,0.83,0.27,0.043,0.0,,2026-07-18T14:51:15
Profile baseline (tract),03.03_prediction_svm_tract.ipynb,census_tract,4h,17031081600,12.459216179952689,17.5,12.03,0.4088,0.0,,2026-07-18T14:51:15
Profile baseline (tract),03.03_prediction_svm_tract.ipynb,census_tract,4h,17031070100,0.0,23.07,12.45,0.259,0.0,,2026-07-18T14:51:15
Profile baseline (tract),03.03_prediction_svm_tract.ipynb,census_tract,4h,17031282200,0.0,0.96,0.21,-0.0134,0.0,,2026-07-18T14:51:15
Profile baseline (tract),03.03_prediction_svm_tract.ipynb,census_tract,4h,17031081700,24.918432359905378,31.1,21.31,0.5263,0.0,,2026-07-18T14:51:15
Profile baseline (tract),03.03_prediction_svm_tract.ipynb,census_tract,4h,17031081400,119.2524977224043,88.81,58.76,0.8293,0.0,,2026-07-18T14:51:15
Profile baseline (tract),03.03_prediction_svm_tract.ipynb,census_tract,4h,17031410700,0.0,1.13,0.09,-0.0049,0.0,,2026-07-18T14:51:15
Profile baseline (tract),03.03_prediction_svm_tract.ipynb,census_tract,4h,17031081900,0.0,1.22,0.31,-0.0124,0.0,,2026-07-18T14:51:15
Profile baseline (tract),03.03_prediction_svm_tract.ipynb,census_tract,4h,17031071600,0.0,2.74,0.34,-0.0021,0.0,,2026-07-18T14:51:15
Profile baseline (tract),03.03_prediction_svm_tract.ipynb,census_tract,4h,17031071800,0.0,3.26,0.6,0.001,0.0,,2026-07-18T14:51:15
Profile baseline (tract),03.03_prediction_svm_tract.ipynb,census_tract,4h,17031281200,0.0,0.0,0.0,1.0,0.0,,2026-07-18T14:51:15
Profile baseline (tract),03.03_prediction_svm_tract.ipynb,census_tract,4h,17031283000,0.0,0.0,0.0,1.0,0.0,,2026-07-18T14:51:15
Profile baseline (tract),03.03_prediction_svm_tract.ipynb,census_tract,4h,17031281300,0.0,0.37,0.06,-0.0015,0.0,,2026-07-18T14:51:15
Profile baseline (tract),03.03_prediction_svm_tract.ipynb,census_tract,4h,17031081200,53.396640771225805,33.49,22.48,0.8044,0.0,,2026-07-18T14:51:15
Profile baseline (tract),03.03_prediction_svm_tract.ipynb,census_tract,4h,17031071700,0.0,1.62,0.16,-0.0033,0.0,,2026-07-18T14:51:15
Profile baseline (tract),03.03_prediction_svm_tract.ipynb,census_tract,4h,17031060300,0.0,0.09,0.03,0.0,0.0,,2026-07-18T14:51:15
Profile baseline (tract),03.03_prediction_svm_tract.ipynb,census_tract,4h,17031410200,0.0,0.0,0.0,1.0,0.0,,2026-07-18T14:51:15
Profile baseline (tract),03.03_prediction_svm_tract.ipynb,census_tract,4h,17031063200,0.0,24.13,13.74,0.2903,0.0,,2026-07-18T14:51:15
Profile baseline (tract),03.03_prediction_svm_tract.ipynb,census_tract,4h,17031071300,0.0,6.56,2.02,0.0501,0.0,,2026-07-18T14:51:15
Profile baseline (tract),03.03_prediction_svm_tract.ipynb,census_tract,4h,17031062100,0.0,17.54,6.24,0.0822,0.0,,2026-07-18T14:51:15
Profile baseline (tract),03.03_prediction_svm_tract.ipynb,census_tract,4h,17031031600,0.0,0.0,0.0,1.0,0.0,,2026-07-18T14:51:15
Profile baseline (tract),03.03_prediction_svm_tract.ipynb,census_tract,4h,17031032000,0.0,19.16,9.62,0.0909,0.0,,2026-07-18T14:51:15
Profile baseline (tract),03.03_prediction_svm_tract.ipynb,census_tract,4h,17031840000,0.0,0.0,0.0,1.0,0.0,,2026-07-18T14:51:15
Profile baseline (tract),03.03_prediction_svm_tract.ipynb,census_tract,4h,17031770700,0.0,0.0,0.0,1.0,0.0,,2026-07-18T14:51:15
Profile baseline (tract),03.03_prediction_svm_tract.ipynb,census_tract,4h,17031062000,0.0,8.89,3.28,0.0759,0.0,,2026-07-18T14:51:15
Profile baseline (tract),03.03_prediction_svm_tract.ipynb,census_tract,4h,17031081300,39.15753656556559,24.89,16.96,0.7812,0.0,,2026-07-18T14:51:15
Profile baseline (tract),03.03_prediction_svm_tract.ipynb,census_tract,4h,17031070200,0.0,10.93,5.03,0.0737,0.0,,2026-07-18T14:51:15
Profile baseline (tract),03.03_prediction_svm_tract.ipynb,census_tract,4h,17031561200,56.29219189359678,47.71,34.8,0.1795,0.0,,2026-07-18T14:51:15
Profile baseline (tract),03.03_prediction_svm_tract.ipynb,census_tract,4h,17031560300,0.0,0.01,0.0,0.0,0.0,,2026-07-18T14:51:15
Profile baseline (tract),03.03_prediction_svm_tract.ipynb,census_tract,4h,17031410900,0.0,1.65,0.32,-0.0074,0.0,,2026-07-18T14:51:15
Profile baseline (tract),03.03_prediction_svm_tract.ipynb,census_tract,4h,17031330100,34.674600677298656,68.52,36.73,0.4664,0.0,,2026-07-18T14:51:15
Profile baseline (tract),03.03_prediction_svm_tract.ipynb,census_tract,4h,17031590400,0.0,0.0,0.0,1.0,0.0,,2026-07-18T14:51:15
Profile baseline (tract),03.03_prediction_svm_tract.ipynb,census_tract,4h,17031063400,0.0,6.85,2.18,0.039,0.0,,2026-07-18T14:51:15
Profile baseline (tract),03.03_prediction_svm_tract.ipynb,census_tract,4h,17031590200,0.0,0.01,0.0,0.0,0.0,,2026-07-18T14:51:15
Profile baseline (tract),03.03_prediction_svm_tract.ipynb,census_tract,4h,17031560100,0.0,0.08,0.01,-0.0924,0.0,,2026-07-18T14:51:15
Profile baseline (tract),03.03_prediction_svm_tract.ipynb,census_tract,4h,17031560600,0.0,0.18,0.03,-0.0435,0.0,,2026-07-18T14:51:15
Profile baseline (tract),03.03_prediction_svm_tract.ipynb,census_tract,4h,17031561100,0.0,0.0,0.0,1.0,0.0,,2026-07-18T14:51:15
Profile baseline (tract),03.03_prediction_svm_tract.ipynb,census_tract,4h,17031410800,0.0,1.51,0.43,0.0323,0.0,,2026-07-18T14:51:15
Profile baseline (tract),03.03_prediction_svm_tract.ipynb,census_tract,4h,17031411100,0.0,0.06,0.02,0.0,0.0,,2026-07-18T14:51:15
Profile baseline (tract),03.03_prediction_svm_tract.ipynb,census_tract,4h,17031410300,0.0,0.0,0.0,1.0,0.0,,2026-07-18T14:51:15
Profile baseline (tract),03.03_prediction_svm_tract.ipynb,census_tract,4h,17031410600,0.0,0.52,0.02,-0.005,0.0,,2026-07-18T14:51:15
Profile baseline (tract),03.03_prediction_svm_tract.ipynb,census_tract,4h,17031330300,0.0,0.0,0.0,1.0,0.0,,2026-07-18T14:51:15
Profile baseline (tract),03.03_prediction_svm_tract.ipynb,census_tract,4h,17031330500,0.0,0.0,0.0,1.0,0.0,,2026-07-18T14:51:15
Profile baseline (tract),03.03_prediction_svm_tract.ipynb,census_tract,4h,17031320400,28.2094818133977,22.48,15.57,0.7116,0.0,,2026-07-18T14:51:15
Profile baseline (tract),03.03_prediction_svm_tract.ipynb,census_tract,4h,17031282500,0.0,0.0,0.0,1.0,0.0,,2026-07-18T14:51:15
Profile baseline (tract),03.03_prediction_svm_tract.ipynb,census_tract,4h,17031283800,0.0,0.17,0.01,-0.0028,0.0,,2026-07-18T14:51:15
Profile baseline (tract),03.03_prediction_svm_tract.ipynb,census_tract,4h,17031281600,0.0,5.05,2.25,0.0918,0.0,,2026-07-18T14:51:15
Profile baseline (tract),03.03_prediction_svm_tract.ipynb,census_tract,4h,17031080800,0.0,4.75,2.64,0.0235,0.0,,2026-07-18T14:51:15
Profile baseline (tract),03.03_prediction_svm_tract.ipynb,census_tract,4h,17031072000,0.0,11.07,3.77,0.0661,0.0,,2026-07-18T14:51:15
Profile baseline (tract),03.03_prediction_svm_tract.ipynb,census_tract,4h,17031070900,0.0,0.0,0.0,1.0,0.0,,2026-07-18T14:51:15
Profile baseline (tract),03.03_prediction_svm_tract.ipynb,census_tract,4h,17031061600,0.0,0.0,0.0,1.0,0.0,,2026-07-18T14:51:15
Profile baseline (tract),03.03_prediction_svm_tract.ipynb,census_tract,4h,17031031500,0.0,14.21,5.03,0.1251,0.0,,2026-07-18T14:51:15
Profile baseline (tract),03.03_prediction_svm_tract.ipynb,census_tract,4h,17031820800,0.0,0.0,0.0,1.0,0.0,,2026-07-18T14:51:15
Profile baseline (tract),03.03_prediction_svm_tract.ipynb,census_tract,4h,17031590300,0.0,5.52,2.14,0.5768,0.0,,2026-07-18T14:51:15
Profile baseline (tract),03.03_prediction_svm_tract.ipynb,census_tract,4h,17031320600,18.336163178708507,28.39,18.63,0.5048,0.0,,2026-07-18T14:51:15
Profile baseline (tract),03.03_prediction_svm_tract.ipynb,census_tract,4h,17031284200,0.0,0.0,0.0,1.0,0.0,,2026-07-18T14:51:15
Profile baseline (tract),03.03_prediction_svm_tract.ipynb,census_tract,4h,17031282100,0.0,0.0,0.0,1.0,0.0,,2026-07-18T14:51:15
Profile baseline (tract),03.03_prediction_svm_tract.ipynb,census_tract,4h,17031283400,0.0,0.0,0.0,1.0,0.0,,2026-07-18T14:51:15
Profile baseline (tract),03.03_prediction_svm_tract.ipynb,census_tract,4h,17031283700,0.0,0.0,0.0,1.0,0.0,,2026-07-18T14:51:15
Profile baseline (tract),03.03_prediction_svm_tract.ipynb,census_tract,4h,17031283900,0.0,0.0,0.0,1.0,0.0,,2026-07-18T14:51:15
Profile baseline (tract),03.03_prediction_svm_tract.ipynb,census_tract,4h,17031280200,0.0,0.0,0.0,1.0,0.0,,2026-07-18T14:51:15
Profile baseline (tract),03.03_prediction_svm_tract.ipynb,census_tract,4h,17031281500,0.0,0.0,0.0,1.0,0.0,,2026-07-18T14:51:15
Profile baseline (tract),03.03_prediction_svm_tract.ipynb,census_tract,4h,17031281700,0.0,0.0,0.0,1.0,0.0,,2026-07-18T14:51:15
Profile baseline (tract),03.03_prediction_svm_tract.ipynb,census_tract,4h,17031080400,0.0,1.27,0.57,0.0573,0.0,,2026-07-18T14:51:15
Profile baseline (tract),03.03_prediction_svm_tract.ipynb,census_tract,4h,17031063000,0.0,9.82,4.84,0.1447,0.0,,2026-07-18T14:51:15
Profile baseline (tract),03.03_prediction_svm_tract.ipynb,census_tract,4h,17031070800,0.0,5.98,1.58,0.0117,0.0,,2026-07-18T14:51:15
Profile baseline (tract),03.03_prediction_svm_tract.ipynb,census_tract,4h,17031071000,0.0,2.08,0.28,0.01,0.0,,2026-07-18T14:51:15
Profile baseline (tract),03.03_prediction_svm_tract.ipynb,census_tract,4h,17031063300,0.0,27.54,15.0,0.2296,0.0,,2026-07-18T14:51:15
Profile baseline (tract),03.03_prediction_svm_tract.ipynb,census_tract,4h,17031080600,0.0,6.1,3.2,0.0455,0.0,,2026-07-18T14:51:15
Profile baseline (tract),03.03_prediction_svm_tract.ipynb,census_tract,4h,17031071100,0.0,5.59,1.3,0.009,0.0,,2026-07-18T14:51:15
Profile baseline (tract),03.03_prediction_svm_tract.ipynb,census_tract,4h,17031060900,0.0,31.02,17.56,0.5033,0.0,,2026-07-18T14:51:15
Profile baseline (tract),03.03_prediction_svm_tract.ipynb,census_tract,4h,17031061400,0.0,2.71,0.39,-0.0018,0.0,,2026-07-18T14:51:15
Profile baseline (tract),03.03_prediction_svm_tract.ipynb,census_tract,4h,17031061700,0.0,18.51,7.48,0.0221,0.0,,2026-07-18T14:51:15
Profile baseline (tract),03.03_prediction_svm_tract.ipynb,census_tract,4h,17031280800,0.0,0.0,0.0,1.0,0.0,,2026-07-18T14:51:15
Profile baseline (tract),03.03_prediction_svm_tract.ipynb,census_tract,4h,17031070400,0.0,1.96,0.36,-0.026,0.0,,2026-07-18T14:51:15
Profile baseline (tract),03.03_prediction_svm_tract.ipynb,census_tract,4h,17031560400,0.0,0.01,0.01,0.0,0.0,,2026-07-18T14:51:15
Profile baseline (tract),03.03_prediction_svm_tract.ipynb,census_tract,4h,17031410100,0.0,1.11,0.19,0.0085,0.0,,2026-07-18T14:51:15
Profile baseline (tract),03.03_prediction_svm_tract.ipynb,census_tract,4h,17031280500,0.0,0.29,0.07,0.0061,0.0,,2026-07-18T14:51:15
Profile baseline (tract),03.03_prediction_svm_tract.ipynb,census_tract,4h,17031590100,0.0,0.0,0.0,1.0,0.0,,2026-07-18T14:51:15
Profile baseline (tract),03.03_prediction_svm_tract.ipynb,census_tract,4h,17031560200,0.0,0.0,0.0,1.0,0.0,,2026-07-18T14:51:15
Profile baseline (tract),03.03_prediction_svm_tract.ipynb,census_tract,4h,17031561000,0.0,0.0,0.0,0.0,0.0,,2026-07-18T14:51:15
Profile baseline (tract),03.03_prediction_svm_tract.ipynb,census_tract,4h,17031411200,0.0,0.52,0.04,0.0004,0.0,,2026-07-18T14:51:15
Profile baseline (tract),03.03_prediction_svm_tract.ipynb,census_tract,4h,17031282700,0.0,0.06,0.0,-0.0031,0.0,,2026-07-18T14:51:15
Profile baseline (tract),03.03_prediction_svm_tract.ipynb,census_tract,4h,17031080900,0.0,0.0,0.0,1.0,0.0,,2026-07-18T14:51:15
Profile baseline (tract),03.03_prediction_svm_tract.ipynb,census_tract,4h,17031283300,0.0,0.0,0.0,1.0,0.0,,2026-07-18T14:51:15
Profile baseline (tract),03.03_prediction_svm_tract.ipynb,census_tract,4h,17031284000,0.0,0.0,0.0,1.0,0.0,,2026-07-18T14:51:15
Profile baseline (tract),03.03_prediction_svm_tract.ipynb,census_tract,4h,17031280400,0.0,0.21,0.03,0.0349,0.0,,2026-07-18T14:51:15
Profile baseline (tract),03.03_prediction_svm_tract.ipynb,census_tract,4h,17031281400,0.0,0.0,0.0,1.0,0.0,,2026-07-18T14:51:15
Profile baseline (tract),03.03_prediction_svm_tract.ipynb,census_tract,4h,17031070700,0.0,1.9,0.28,0.0606,0.0,,2026-07-18T14:51:15
Profile baseline (tract),03.03_prediction_svm_tract.ipynb,census_tract,4h,17031081000,5.339664077122581,17.68,11.5,0.3112,0.0,,2026-07-18T14:51:15
Profile baseline (tract),03.03_prediction_svm_tract.ipynb,census_tract,4h,17031061100,0.0,13.29,4.55,0.048,0.0,,2026-07-18T14:51:15
Profile baseline (tract),03.03_prediction_svm_tract.ipynb,census_tract,4h,17031061800,0.0,6.03,1.14,0.0248,0.0,,2026-07-18T14:51:15
Profile baseline (tract),03.03_prediction_svm_tract.ipynb,census_tract,4h,17031062500,0.0,0.8,0.03,-0.0057,0.0,,2026-07-18T14:51:15
Profile baseline (tract),03.03_prediction_svm_tract.ipynb,census_tract,4h,17031081800,21.358656308490325,43.64,30.28,0.4024,0.0,,2026-07-18T14:51:15
Profile baseline (tract),03.03_prediction_svm_tract.ipynb,census_tract,4h,17031071900,0.0,0.0,0.0,1.0,0.0,,2026-07-18T14:51:15
Profile baseline (tract),03.03_prediction_svm_tract.ipynb,census_tract,4h,17031080300,0.0,9.29,5.17,0.1256,0.0,,2026-07-18T14:51:15
Profile baseline (tract),03.03_prediction_svm_tract.ipynb,census_tract,4h,17031560900,0.0,0.0,0.0,0.0,0.0,,2026-07-18T14:51:15
Profile baseline (tract),03.03_prediction_svm_tract.ipynb,census_tract,4h,17031070300,0.0,7.93,1.94,0.0412,0.0,,2026-07-18T14:51:15
"LinearSVR (full data, no kernel)",03.03_prediction_svm_tract.ipynb,census_tract,4h,17031031000,0.0,1.04,0.13,-0.0001,0.0,,2026-07-18T14:51:15
"LinearSVR (full data, no kernel)",03.03_prediction_svm_tract.ipynb,census_tract,4h,17031031100,0.0,6.27,1.3,-0.0337,0.1719745222929936,,2026-07-18T14:51:15
"LinearSVR (full data, no kernel)",03.03_prediction_svm_tract.ipynb,census_tract,4h,17031031200,0.0,13.21,4.25,-0.1093,0.1650294695481335,,2026-07-18T14:51:15
"LinearSVR (full data, no kernel)",03.03_prediction_svm_tract.ipynb,census_tract,4h,17031031300,0.0,22.85,8.76,-0.1708,0.0309734513274335,,2026-07-18T14:51:15
"LinearSVR (full data, no kernel)",03.03_prediction_svm_tract.ipynb,census_tract,4h,17031031400,0.0,53.51,25.33,-0.2854,-0.4769679300291545,,2026-07-18T14:51:15
"LinearSVR (full data, no kernel)",03.03_prediction_svm_tract.ipynb,census_tract,4h,17031031500,0.0,15.84,4.53,-0.0882,0.099403578528827,,2026-07-18T14:51:15
"LinearSVR (full data, no kernel)",03.03_prediction_svm_tract.ipynb,census_tract,4h,17031031600,0.0,0.08,0.07,0.0,-inf,,2026-07-18T14:51:15
"LinearSVR (full data, no kernel)",03.03_prediction_svm_tract.ipynb,census_tract,4h,17031031700,0.0,9.15,2.27,-0.0572,0.0846774193548387,,2026-07-18T14:51:15
"LinearSVR (full data, no kernel)",03.03_prediction_svm_tract.ipynb,census_tract,4h,17031031800,0.0,0.06,0.05,0.0,-inf,,2026-07-18T14:51:15
"LinearSVR (full data, no kernel)",03.03_prediction_svm_tract.ipynb,census_tract,4h,17031031900,0.0,1.91,0.14,-0.0016,0.0,,2026-07-18T14:51:15
"LinearSVR (full data, no kernel)",03.03_prediction_svm_tract.ipynb,census_tract,4h,17031032000,0.0,22.25,9.61,-0.2267,0.001039501039501,,2026-07-18T14:51:15
"LinearSVR (full data, no kernel)",03.03_prediction_svm_tract.ipynb,census_tract,4h,17031032100,0.0,30.85,14.03,-0.2569,-0.2307017543859648,,2026-07-18T14:51:15
"LinearSVR (full data, no kernel)",03.03_prediction_svm_tract.ipynb,census_tract,4h,17031060100,0.0,1.49,0.13,-0.0006,0.0,,2026-07-18T14:51:15
"LinearSVR (full data, no kernel)",03.03_prediction_svm_tract.ipynb,census_tract,4h,17031060200,0.0,0.4,0.09,-0.0313,-2.0,,2026-07-18T14:51:15
"LinearSVR (full data, no kernel)",03.03_prediction_svm_tract.ipynb,census_tract,4h,17031060300,0.0,0.03,0.02,0.0,0.3333333333333332,,2026-07-18T14:51:15
"LinearSVR (full data, no kernel)",03.03_prediction_svm_tract.ipynb,census_tract,4h,17031060400,0.0,3.32,0.37,-0.0085,0.2448979591836735,,2026-07-18T14:51:15
"LinearSVR (full data, no kernel)",03.03_prediction_svm_tract.ipynb,census_tract,4h,17031060500,0.0,1.43,0.11,-0.0017,0.2666666666666666,,2026-07-18T14:51:15
"LinearSVR (full data, no kernel)",03.03_prediction_svm_tract.ipynb,census_tract,4h,17031060600,0.0,0.04,0.03,0.0,-inf,,2026-07-18T14:51:15
"LinearSVR (full data, no kernel)",03.03_prediction_svm_tract.ipynb,census_tract,4h,17031060700,0.0,7.98,2.02,-0.0556,0.1512605042016805,,2026-07-18T14:51:15
"LinearSVR (full data, no kernel)",03.03_prediction_svm_tract.ipynb,census_tract,4h,17031060800,0.0,23.61,9.67,-0.1949,-0.0603070175438598,,2026-07-18T14:51:15
"LinearSVR (full data, no kernel)",03.03_prediction_svm_tract.ipynb,census_tract,4h,17031060900,0.0,50.92,25.78,-0.339,-0.4681093394077451,,2026-07-18T14:51:15
"LinearSVR (full data, no kernel)",03.03_prediction_svm_tract.ipynb,census_tract,4h,17031061000,0.0,9.6,1.77,-0.03,0.5507614213197969,,2026-07-18T14:51:15
"LinearSVR (full data, no kernel)",03.03_prediction_svm_tract.ipynb,census_tract,4h,17031061100,0.0,13.79,2.21,-0.0246,0.5142857142857142,,2026-07-18T14:51:15
"LinearSVR (full data, no kernel)",03.03_prediction_svm_tract.ipynb,census_tract,4h,17031061200,0.0,2.81,0.33,-0.012,0.3124999999999999,,2026-07-18T14:51:15
"LinearSVR (full data, no kernel)",03.03_prediction_svm_tract.ipynb,census_tract,4h,17031061300,0.0,0.02,0.01,0.0,-inf,,2026-07-18T14:51:15
"LinearSVR (full data, no kernel)",03.03_prediction_svm_tract.ipynb,census_tract,4h,17031061400,0.0,2.73,0.31,-0.012,0.2051282051282051,,2026-07-18T14:51:15
"LinearSVR (full data, no kernel)",03.03_prediction_svm_tract.ipynb,census_tract,4h,17031061500,0.0,1.26,0.1,-0.0026,0.3333333333333332,,2026-07-18T14:51:15
"LinearSVR (full data, no kernel)",03.03_prediction_svm_tract.ipynb,census_tract,4h,17031061600,0.0,0.02,0.02,0.0,-inf,,2026-07-18T14:51:15
"LinearSVR (full data, no kernel)",03.03_prediction_svm_tract.ipynb,census_tract,4h,17031061700,0.0,19.08,3.76,-0.0386,0.4973262032085562,,2026-07-18T14:51:15
"LinearSVR (full data, no kernel)",03.03_prediction_svm_tract.ipynb,census_tract,4h,17031061800,0.0,6.14,0.85,-0.0108,0.2543859649122806,,2026-07-18T14:51:15
"LinearSVR (full data, no kernel)",03.03_prediction_svm_tract.ipynb,census_tract,4h,17031062000,0.0,9.54,2.5,-0.0636,0.2378048780487804,,2026-07-18T14:51:15
"LinearSVR (full data, no kernel)",03.03_prediction_svm_tract.ipynb,census_tract,4h,17031062100,0.0,18.77,4.28,-0.0516,0.3141025641025641,,2026-07-18T14:51:15
"LinearSVR (full data, no kernel)",03.03_prediction_svm_tract.ipynb,census_tract,4h,17031062200,0.0,6.84,1.04,-0.0227,0.3809523809523809,,2026-07-18T14:51:15
"LinearSVR (full data, no kernel)",03.03_prediction_svm_tract.ipynb,census_tract,4h,17031062300,0.0,0.89,0.04,-0.002,0.4285714285714286,,2026-07-18T14:51:15
"LinearSVR (full data, no kernel)",03.03_prediction_svm_tract.ipynb,census_tract,4h,17031062400,0.0,0.4,0.01,-0.0011,0.8,,2026-07-18T14:51:15
"LinearSVR (full data, no kernel)",03.03_prediction_svm_tract.ipynb,census_tract,4h,17031062500,0.0,0.8,0.03,-0.0011,0.0,,2026-07-18T14:51:15
"LinearSVR (full data, no kernel)",03.03_prediction_svm_tract.ipynb,census_tract,4h,17031062600,0.0,0.4,0.01,-0.0011,0.6666666666666666,,2026-07-18T14:51:15
"LinearSVR (full data, no kernel)",03.03_prediction_svm_tract.ipynb,census_tract,4h,17031062700,0.0,1.64,0.09,-0.0032,0.5263157894736843,,2026-07-18T14:51:15
"LinearSVR (full data, no kernel)",03.03_prediction_svm_tract.ipynb,census_tract,4h,17031062800,0.0,2.9,0.38,-0.0178,0.2692307692307693,,2026-07-18T14:51:15
"LinearSVR (full data, no kernel)",03.03_prediction_svm_tract.ipynb,census_tract,4h,17031062900,0.0,3.35,0.38,-0.0132,0.4722222222222222,,2026-07-18T14:51:15
"LinearSVR (full data, no kernel)",03.03_prediction_svm_tract.ipynb,census_tract,4h,17031063000,0.0,11.48,4.39,-0.168,0.0929752066115703,,2026-07-18T14:51:15
"LinearSVR (full data, no kernel)",03.03_prediction_svm_tract.ipynb,census_tract,4h,17031063100,0.0,6.03,1.37,-0.0466,0.2430939226519336,,2026-07-18T14:51:15
"LinearSVR (full data, no kernel)",03.03_prediction_svm_tract.ipynb,census_tract,4h,17031063200,0.0,33.08,16.76,-0.334,-0.2197962154294033,,2026-07-18T14:51:15
"LinearSVR (full data, no kernel)",03.03_prediction_svm_tract.ipynb,census_tract,4h,17031063300,0.0,36.06,18.03,-0.3207,-0.2020000000000001,,2026-07-18T14:51:15
"LinearSVR (full data, no kernel)",03.03_prediction_svm_tract.ipynb,census_tract,4h,17031063400,0.0,7.18,1.75,-0.0586,0.1972477064220184,,2026-07-18T14:51:15
"LinearSVR (full data, no kernel)",03.03_prediction_svm_tract.ipynb,census_tract,4h,17031070100,0.0,30.37,14.98,-0.284,-0.2032128514056226,,2026-07-18T14:51:15
"LinearSVR (full data, no kernel)",03.03_prediction_svm_tract.ipynb,census_tract,4h,17031070200,0.0,12.01,4.29,-0.119,0.147117296222664,,2026-07-18T14:51:15
"LinearSVR (full data, no kernel)",03.03_prediction_svm_tract.ipynb,census_tract,4h,17031070300,0.0,8.24,1.78,-0.0351,0.0824742268041236,,2026-07-18T14:51:15
"LinearSVR (full data, no kernel)",03.03_prediction_svm_tract.ipynb,census_tract,4h,17031070400,0.0,1.94,0.27,-0.0051,0.2499999999999999,,2026-07-18T14:51:15
"LinearSVR (full data, no kernel)",03.03_prediction_svm_tract.ipynb,census_tract,4h,17031070500,0.0,1.03,0.07,-0.0033,0.5333333333333332,,2026-07-18T14:51:15
"LinearSVR (full data, no kernel)",03.03_prediction_svm_tract.ipynb,census_tract,4h,17031070600,0.0,1.34,0.1,-0.0036,0.2307692307692307,,2026-07-18T14:51:15
"LinearSVR (full data, no kernel)",03.03_prediction_svm_tract.ipynb,census_tract,4h,17031070700,0.0,1.97,0.22,-0.0042,0.2142857142857143,,2026-07-18T14:51:15
"LinearSVR (full data, no kernel)",03.03_prediction_svm_tract.ipynb,census_tract,4h,17031070800,0.0,6.15,1.29,-0.0462,0.1835443037974683,,2026-07-18T14:51:15
"LinearSVR (full data, no kernel)",03.03_prediction_svm_tract.ipynb,census_tract,4h,17031070900,0.0,0.0,0.0,1.0,,,2026-07-18T14:51:15
"LinearSVR (full data, no kernel)",03.03_prediction_svm_tract.ipynb,census_tract,4h,17031071000,0.0,2.1,0.24,-0.0129,0.142857142857143,,2026-07-18T14:51:15
"LinearSVR (full data, no kernel)",03.03_prediction_svm_tract.ipynb,census_tract,4h,17031071100,0.0,5.72,1.12,-0.0379,0.1384615384615384,,2026-07-18T14:51:15
"LinearSVR (full data, no kernel)",03.03_prediction_svm_tract.ipynb,census_tract,4h,17031071200,0.0,10.53,2.64,-0.0557,0.1511254019292603,,2026-07-18T14:51:15
"LinearSVR (full data, no kernel)",03.03_prediction_svm_tract.ipynb,census_tract,4h,17031071300,0.0,6.84,1.69,-0.0332,0.1633663366336634,,2026-07-18T14:51:15
"LinearSVR (full data, no kernel)",03.03_prediction_svm_tract.ipynb,census_tract,4h,17031071400,0.0,42.42,21.03,-0.2938,-0.1683333333333334,,2026-07-18T14:51:15
"LinearSVR (full data, no kernel)",03.03_prediction_svm_tract.ipynb,census_tract,4h,17031071500,9.762519854946504,63.47,37.45,-0.498,-0.4047261815453864,,2026-07-18T14:51:15
"LinearSVR (full data, no kernel)",03.03_prediction_svm_tract.ipynb,census_tract,4h,17031071600,0.0,2.74,0.4,-0.001,-0.1764705882352941,,2026-07-18T14:51:15
"LinearSVR (full data, no kernel)",03.03_prediction_svm_tract.ipynb,census_tract,4h,17031071700,0.0,1.62,0.16,0.0004,0.0,,2026-07-18T14:51:15
"LinearSVR (full data, no kernel)",03.03_prediction_svm_tract.ipynb,census_tract,4h,17031071800,0.0,3.29,0.44,-0.0183,0.2666666666666666,,2026-07-18T14:51:15
"LinearSVR (full data, no kernel)",03.03_prediction_svm_tract.ipynb,census_tract,4h,17031071900,0.0,0.0,0.0,1.0,,,2026-07-18T14:51:15
"LinearSVR (full data, no kernel)",03.03_prediction_svm_tract.ipynb,census_tract,4h,17031072000,0.0,11.95,3.41,-0.0883,0.0954907161803713,,2026-07-18T14:51:15
"LinearSVR (full data, no kernel)",03.03_prediction_svm_tract.ipynb,census_tract,4h,17031080100,10.679328154245162,41.47,27.94,-0.5462,-1.314830157415079,,2026-07-18T14:51:15
"LinearSVR (full data, no kernel)",03.03_prediction_svm_tract.ipynb,census_tract,4h,17031080200,5.339664077122581,30.02,19.73,-0.5477,-0.9136760426770124,,2026-07-18T14:51:15
"LinearSVR (full data, no kernel)",03.03_prediction_svm_tract.ipynb,census_tract,4h,17031080300,0.0,11.14,6.41,-0.2573,-0.2398452611218569,,2026-07-18T14:51:15
"LinearSVR (full data, no kernel)",03.03_prediction_svm_tract.ipynb,census_tract,4h,17031080400,0.0,1.3,0.84,0.0101,-0.4736842105263159,,2026-07-18T14:51:15
"LinearSVR (full data, no kernel)",03.03_prediction_svm_tract.ipynb,census_tract,4h,17031080500,0.0,0.12,0.12,0.0,-inf,,2026-07-18T14:51:15
"LinearSVR (full data, no kernel)",03.03_prediction_svm_tract.ipynb,census_tract,4h,17031080600,0.0,7.27,3.73,-0.3553,-0.1656249999999999,,2026-07-18T14:51:15
"LinearSVR (full data, no kernel)",03.03_prediction_svm_tract.ipynb,census_tract,4h,17031080700,0.0,0.0,0.0,1.0,,,2026-07-18T14:51:15
"LinearSVR (full data, no kernel)",03.03_prediction_svm_tract.ipynb,census_tract,4h,17031080800,0.0,5.56,3.1,-0.3372,-0.1742424242424243,,2026-07-18T14:51:15
"LinearSVR (full data, no kernel)",03.03_prediction_svm_tract.ipynb,census_tract,4h,17031080900,0.0,1.44,1.43,0.0,-inf,,2026-07-18T14:51:15
"LinearSVR (full data, no kernel)",03.03_prediction_svm_tract.ipynb,census_tract,4h,17031081000,5.339664077122581,26.39,18.09,-0.5349,-0.5730434782608695,,2026-07-18T14:51:15
"LinearSVR (full data, no kernel)",03.03_prediction_svm_tract.ipynb,census_tract,4h,17031081100,5.339664077122581,18.11,12.84,-0.2867,-0.5377245508982036,,2026-07-18T14:51:15
"LinearSVR (full data, no kernel)",03.03_prediction_svm_tract.ipynb,census_tract,4h,17031081200,53.396640771225805,101.5,73.12,-0.7975,-2.252669039145907,,2026-07-18T14:51:15
"LinearSVR (full data, no kernel)",03.03_prediction_svm_tract.ipynb,census_tract,4h,17031081300,39.15753656556559,62.03,46.62,-0.3589,-1.7488207547169807,,2026-07-18T14:51:15
"LinearSVR (full data, no kernel)",03.03_prediction_svm_tract.ipynb,census_tract,4h,17031081400,119.2524977224043,289.34,207.7,-0.8115,-2.534717494894486,,2026-07-18T14:51:15
"LinearSVR (full data, no kernel)",03.03_prediction_svm_tract.ipynb,census_tract,4h,17031081500,106.7932815424516,141.84,106.64,-0.821,-2.513673805601318,,2026-07-18T14:51:15
"LinearSVR (full data, no kernel)",03.03_prediction_svm_tract.ipynb,census_tract,4h,17031081600,12.459216179952689,23.92,18.65,-0.1046,-0.5502909393183708,,2026-07-18T14:51:15
"LinearSVR (full data, no kernel)",03.03_prediction_svm_tract.ipynb,census_tract,4h,17031081700,24.918432359905378,60.5,43.73,-0.7928,-1.0520882214922571,,2026-07-18T14:51:15
"LinearSVR (full data, no kernel)",03.03_prediction_svm_tract.ipynb,census_tract,4h,17031081800,21.358656308490325,81.64,59.81,-1.0911,-0.975231175693527,,2026-07-18T14:51:15
"LinearSVR (full data, no kernel)",03.03_prediction_svm_tract.ipynb,census_tract,4h,17031081900,0.0,1.24,0.28,-0.0416,0.096774193548387,,2026-07-18T14:51:15
"LinearSVR (full data, no kernel)",03.03_prediction_svm_tract.ipynb,census_tract,4h,17031280100,38.3234000272529,116.26,74.77,-0.6918,-3.277459954233409,,2026-07-18T14:51:15
"LinearSVR (full data, no kernel)",03.03_prediction_svm_tract.ipynb,census_tract,4h,17031280200,0.0,0.19,0.18,0.0,-inf,,2026-07-18T14:51:15
"LinearSVR (full data, no kernel)",03.03_prediction_svm_tract.ipynb,census_tract,4h,17031280300,8.331173918968023,52.95,36.25,-0.8823,-0.6219239373601788,,2026-07-18T14:51:15
"LinearSVR (full data, no kernel)",03.03_prediction_svm_tract.ipynb,census_tract,4h,17031280400,0.0,0.21,0.01,-0.0036,0.6666666666666666,,2026-07-18T14:51:15
"LinearSVR (full data, no kernel)",03.03_prediction_svm_tract.ipynb,census_tract,4h,17031280500,0.0,0.29,0.04,-0.0195,0.4285714285714286,,2026-07-18T14:51:15
"LinearSVR (full data, no kernel)",03.03_prediction_svm_tract.ipynb,census_tract,4h,17031280600,0.0,0.0,0.0,0.0,,,2026-07-18T14:51:15
"LinearSVR (full data, no kernel)",03.03_prediction_svm_tract.ipynb,census_tract,4h,17031280700,0.0,0.02,0.01,0.0,-inf,,2026-07-18T14:51:15
"LinearSVR (full data, no kernel)",03.03_prediction_svm_tract.ipynb,census_tract,4h,17031280800,0.0,0.06,0.05,0.0,-inf,,2026-07-18T14:51:15
"LinearSVR (full data, no kernel)",03.03_prediction_svm_tract.ipynb,census_tract,4h,17031280900,0.0,0.01,0.01,0.0,-inf,,2026-07-18T14:51:15
"LinearSVR (full data, no kernel)",03.03_prediction_svm_tract.ipynb,census_tract,4h,17031281000,0.0,0.0,0.0,1.0,,,2026-07-18T14:51:15
"LinearSVR (full data, no kernel)",03.03_prediction_svm_tract.ipynb,census_tract,4h,17031281100,0.0,0.0,0.0,1.0,,,2026-07-18T14:51:15
"LinearSVR (full data, no kernel)",03.03_prediction_svm_tract.ipynb,census_tract,4h,17031281200,0.0,0.0,0.0,1.0,,,2026-07-18T14:51:15
"LinearSVR (full data, no kernel)",03.03_prediction_svm_tract.ipynb,census_tract,4h,17031281300,0.0,0.38,0.04,-0.0117,0.3333333333333332,,2026-07-18T14:51:15
"LinearSVR (full data, no kernel)",03.03_prediction_svm_tract.ipynb,census_tract,4h,17031281400,0.0,0.0,0.0,1.0,,,2026-07-18T14:51:15
"LinearSVR (full data, no kernel)",03.03_prediction_svm_tract.ipynb,census_tract,4h,17031281500,0.0,0.0,0.0,0.0,,,2026-07-18T14:51:15
"LinearSVR (full data, no kernel)",03.03_prediction_svm_tract.ipynb,census_tract,4h,17031281600,0.0,5.75,2.22,-0.1754,0.0133333333333331,,2026-07-18T14:51:15
"LinearSVR (full data, no kernel)",03.03_prediction_svm_tract.ipynb,census_tract,4h,17031281700,0.0,0.04,0.03,0.0,-inf,,2026-07-18T14:51:15
"LinearSVR (full data, no kernel)",03.03_prediction_svm_tract.ipynb,census_tract,4h,17031281800,0.0,18.48,11.96,-0.6846,-0.2777777777777779,,2026-07-18T14:51:15
"LinearSVR (full data, no kernel)",03.03_prediction_svm_tract.ipynb,census_tract,4h,17031281900,124.96760878452034,281.04,190.9,-0.8518,-3.762974051896208,,2026-07-18T14:51:15
"LinearSVR (full data, no kernel)",03.03_prediction_svm_tract.ipynb,census_tract,4h,17031282000,0.0,0.41,0.41,0.0,-inf,,2026-07-18T14:51:15
"LinearSVR (full data, no kernel)",03.03_prediction_svm_tract.ipynb,census_tract,4h,17031282100,0.0,0.25,0.24,0.0,-inf,,2026-07-18T14:51:15
"LinearSVR (full data, no kernel)",03.03_prediction_svm_tract.ipynb,census_tract,4h,17031282200,0.0,0.95,0.3,0.0059,-0.4285714285714286,,2026-07-18T14:51:15
"LinearSVR (full data, no kernel)",03.03_prediction_svm_tract.ipynb,census_tract,4h,17031282300,0.0,0.04,0.03,0.0,-inf,,2026-07-18T14:51:15
"LinearSVR (full data, no kernel)",03.03_prediction_svm_tract.ipynb,census_tract,4h,17031282400,0.0,0.78,0.15,-0.0318,0.2105263157894736,,2026-07-18T14:51:15
"LinearSVR (full data, no kernel)",03.03_prediction_svm_tract.ipynb,census_tract,4h,17031282500,0.0,0.0,0.0,0.0,,,2026-07-18T14:51:15
"LinearSVR (full data, no kernel)",03.03_prediction_svm_tract.ipynb,census_tract,4h,17031282600,0.0,0.02,0.01,0.0,-inf,,2026-07-18T14:51:15
"LinearSVR (full data, no kernel)",03.03_prediction_svm_tract.ipynb,census_tract,4h,17031282700,0.0,0.12,0.11,-3.8509,-inf,,2026-07-18T14:51:15
"LinearSVR (full data, no kernel)",03.03_prediction_svm_tract.ipynb,census_tract,4h,17031282800,0.0,0.06,0.05,0.0,-inf,,2026-07-18T14:51:15
"LinearSVR (full data, no kernel)",03.03_prediction_svm_tract.ipynb,census_tract,4h,17031282900,0.0,12.66,6.55,-0.3493,-1.1061093247588425,,2026-07-18T14:51:15
"LinearSVR (full data, no kernel)",03.03_prediction_svm_tract.ipynb,census_tract,4h,17031283000,0.0,0.04,0.03,0.0,-inf,,2026-07-18T14:51:15
"LinearSVR (full data, no kernel)",03.03_prediction_svm_tract.ipynb,census_tract,4h,17031283100,0.0,0.41,0.05,-0.005,0.0,,2026-07-18T14:51:15
"LinearSVR (full data, no kernel)",03.03_prediction_svm_tract.ipynb,census_tract,4h,17031283200,0.0,0.11,0.02,-0.0266,-inf,,2026-07-18T14:51:15
"LinearSVR (full data, no kernel)",03.03_prediction_svm_tract.ipynb,census_tract,4h,17031283300,0.0,0.02,0.01,0.0,-inf,,2026-07-18T14:51:15
"LinearSVR (full data, no kernel)",03.03_prediction_svm_tract.ipynb,census_tract,4h,17031283400,0.0,0.03,0.02,0.0,-inf,,2026-07-18T14:51:15
"LinearSVR (full data, no kernel)",03.03_prediction_svm_tract.ipynb,census_tract,4h,17031283500,0.0,14.04,8.09,-0.483,-0.4020797227036397,,2026-07-18T14:51:15
"LinearSVR (full data, no kernel)",03.03_prediction_svm_tract.ipynb,census_tract,4h,17031283600,0.0,0.0,0.0,1.0,,,2026-07-18T14:51:15
"LinearSVR (full data, no kernel)",03.03_prediction_svm_tract.ipynb,census_tract,4h,17031283700,0.0,0.0,0.0,1.0,,,2026-07-18T14:51:15
"LinearSVR (full data, no kernel)",03.03_prediction_svm_tract.ipynb,census_tract,4h,17031283800,0.0,0.17,0.01,-0.0011,0.0,,2026-07-18T14:51:15
"LinearSVR (full data, no kernel)",03.03_prediction_svm_tract.ipynb,census_tract,4h,17031283900,0.0,0.0,0.0,0.0,,,2026-07-18T14:51:15
"LinearSVR (full data, no kernel)",03.03_prediction_svm_tract.ipynb,census_tract,4h,17031284000,0.0,0.02,0.01,0.0,-inf,,2026-07-18T14:51:15
"LinearSVR (full data, no kernel)",03.03_prediction_svm_tract.ipynb,census_tract,4h,17031284100,0.0,0.86,0.23,-0.0237,0.1481481481481481,,2026-07-18T14:51:15
"LinearSVR (full data, no kernel)",03.03_prediction_svm_tract.ipynb,census_tract,4h,17031284200,0.0,0.09,0.08,0.0,-inf,,2026-07-18T14:51:15
"LinearSVR (full data, no kernel)",03.03_prediction_svm_tract.ipynb,census_tract,4h,17031284300,0.0,0.12,0.11,0.0,-inf,,2026-07-18T14:51:15
"LinearSVR (full data, no kernel)",03.03_prediction_svm_tract.ipynb,census_tract,4h,17031320100,133.99503861363908,200.36,151.74,-0.6885,-3.1778634361233484,,2026-07-18T14:51:15
"LinearSVR (full data, no kernel)",03.03_prediction_svm_tract.ipynb,census_tract,4h,17031320200,0.0,23.36,23.35,0.0,-inf,,2026-07-18T14:51:15
"LinearSVR (full data, no kernel)",03.03_prediction_svm_tract.ipynb,census_tract,4h,17031320300,93.09128998421242,282.15,187.78,-0.7142,-3.732358870967742,,2026-07-18T14:51:15
"LinearSVR (full data, no kernel)",03.03_prediction_svm_tract.ipynb,census_tract,4h,17031320400,28.2094818133977,49.54,36.0,-0.4009,-1.3121387283236996,,2026-07-18T14:51:15
"LinearSVR (full data, no kernel)",03.03_prediction_svm_tract.ipynb,census_tract,4h,17031320500,1.4104740906698852,24.81,17.84,-0.485,-0.12484237074401,,2026-07-18T14:51:15
"LinearSVR (full data, no kernel)",03.03_prediction_svm_tract.ipynb,census_tract,4h,17031320600,18.336163178708507,52.44,35.8,-0.6904,-0.9216317767042403,,2026-07-18T14:51:15
"LinearSVR (full data, no kernel)",03.03_prediction_svm_tract.ipynb,census_tract,4h,17031330100,34.674600677298656,122.05,78.2,-0.6926,-1.129049823032943,,2026-07-18T14:51:15
"LinearSVR (full data, no kernel)",03.03_prediction_svm_tract.ipynb,census_tract,4h,17031330200,0.0,1.34,0.49,-0.0234,-0.0652173913043476,,2026-07-18T14:51:15
"LinearSVR (full data, no kernel)",03.03_prediction_svm_tract.ipynb,census_tract,4h,17031330300,0.0,0.01,0.0,0.0,,,2026-07-18T14:51:15
"LinearSVR (full data, no kernel)",03.03_prediction_svm_tract.ipynb,census_tract,4h,17031330400,1.5761182126044844,67.5,25.86,-0.1716,0.070118662351672,,2026-07-18T14:51:15
"LinearSVR (full data, no kernel)",03.03_prediction_svm_tract.ipynb,census_tract,4h,17031330500,0.0,0.09,0.09,0.0,-inf,,2026-07-18T14:51:15
"LinearSVR (full data, no kernel)",03.03_prediction_svm_tract.ipynb,census_tract,4h,17031410100,0.0,1.12,0.13,-0.0027,0.3157894736842105,,2026-07-18T14:51:15
"LinearSVR (full data, no kernel)",03.03_prediction_svm_tract.ipynb,census_tract,4h,17031410200,0.0,0.07,0.07,0.0,-inf,,2026-07-18T14:51:15
"LinearSVR (full data, no kernel)",03.03_prediction_svm_tract.ipynb,census_tract,4h,17031410300,0.0,0.09,0.08,0.0,-inf,,2026-07-18T14:51:15
"LinearSVR (full data, no kernel)",03.03_prediction_svm_tract.ipynb,census_tract,4h,17031410400,0.0,0.3,0.18,-0.3839,-8.0,,2026-07-18T14:51:15
"LinearSVR (full data, no kernel)",03.03_prediction_svm_tract.ipynb,census_tract,4h,17031410500,0.0,1.06,0.19,-0.0008,-1.1111111111111112,,2026-07-18T14:51:15
"LinearSVR (full data, no kernel)",03.03_prediction_svm_tract.ipynb,census_tract,4h,17031410600,0.0,0.52,0.1,-0.0168,-4.0,,2026-07-18T14:51:15
"LinearSVR (full data, no kernel)",03.03_prediction_svm_tract.ipynb,census_tract,4h,17031410700,0.0,1.12,0.15,0.0033,-0.6666666666666667,,2026-07-18T14:51:15
"LinearSVR (full data, no kernel)",03.03_prediction_svm_tract.ipynb,census_tract,4h,17031410800,0.0,1.54,0.23,-0.0104,0.4651162790697674,,2026-07-18T14:51:15
"LinearSVR (full data, no kernel)",03.03_prediction_svm_tract.ipynb,census_tract,4h,17031410900,0.0,1.65,0.16,-0.0098,0.5,,2026-07-18T14:51:15
"LinearSVR (full data, no kernel)",03.03_prediction_svm_tract.ipynb,census_tract,4h,17031411000,0.0,28.17,10.85,-0.1741,0.2433751743375174,,2026-07-18T14:51:15
"LinearSVR (full data, no kernel)",03.03_prediction_svm_tract.ipynb,census_tract,4h,17031411100,0.0,0.0,0.0,1.0,1.0,,2026-07-18T14:51:15
"LinearSVR (full data, no kernel)",03.03_prediction_svm_tract.ipynb,census_tract,4h,17031411200,0.0,0.52,0.02,-0.0011,0.5,,2026-07-18T14:51:15
"LinearSVR (full data, no kernel)",03.03_prediction_svm_tract.ipynb,census_tract,4h,17031411300,0.0,0.01,0.01,0.0,-inf,,2026-07-18T14:51:15
"LinearSVR (full data, no kernel)",03.03_prediction_svm_tract.ipynb,census_tract,4h,17031411400,0.0,7.6,2.22,-0.087,0.0632911392405063,,2026-07-18T14:51:15
"LinearSVR (full data, no kernel)",03.03_prediction_svm_tract.ipynb,census_tract,4h,17031560100,0.0,0.08,0.04,-0.3328,-3.0,,2026-07-18T14:51:15
"LinearSVR (full data, no kernel)",03.03_prediction_svm_tract.ipynb,census_tract,4h,17031560200,0.0,0.07,0.07,0.0,-inf,,2026-07-18T14:51:15
"LinearSVR (full data, no kernel)",03.03_prediction_svm_tract.ipynb,census_tract,4h,17031560300,0.0,0.07,0.06,0.0,-inf,,2026-07-18T14:51:15
"LinearSVR (full data, no kernel)",03.03_prediction_svm_tract.ipynb,census_tract,4h,17031560400,0.0,0.0,0.0,0.0,1.0,,2026-07-18T14:51:15
"LinearSVR (full data, no kernel)",03.03_prediction_svm_tract.ipynb,census_tract,4h,17031560500,0.0,0.0,0.0,0.0,,,2026-07-18T14:51:15
"LinearSVR (full data, no kernel)",03.03_prediction_svm_tract.ipynb,census_tract,4h,17031560600,0.0,0.2,0.12,-0.3396,-3.0,,2026-07-18T14:51:15
"LinearSVR (full data, no kernel)",03.03_prediction_svm_tract.ipynb,census_tract,4h,17031560700,0.0,0.12,0.12,0.0,-inf,,2026-07-18T14:51:15
"LinearSVR (full data, no kernel)",03.03_prediction_svm_tract.ipynb,census_tract,4h,17031560800,0.0,0.13,0.11,-2.3883,-inf,,2026-07-18T14:51:15
"LinearSVR (full data, no kernel)",03.03_prediction_svm_tract.ipynb,census_tract,4h,17031560900,0.0,0.02,0.01,0.0,-inf,,2026-07-18T14:51:15
"LinearSVR (full data, no kernel)",03.03_prediction_svm_tract.ipynb,census_tract,4h,17031561000,0.0,0.0,0.0,1.0,,,2026-07-18T14:51:15
"LinearSVR (full data, no kernel)",03.03_prediction_svm_tract.ipynb,census_tract,4h,17031561100,0.0,0.01,0.01,0.0,-inf,,2026-07-18T14:51:15
"LinearSVR (full data, no kernel)",03.03_prediction_svm_tract.ipynb,census_tract,4h,17031561200,56.29219189359678,73.38,51.13,-0.9406,-0.4692528735632186,,2026-07-18T14:51:15
"LinearSVR (full data, no kernel)",03.03_prediction_svm_tract.ipynb,census_tract,4h,17031561300,0.0,0.0,0.0,0.0,,,2026-07-18T14:51:15
"LinearSVR (full data, no kernel)",03.03_prediction_svm_tract.ipynb,census_tract,4h,17031590100,0.0,0.0,0.0,1.0,,,2026-07-18T14:51:15
"LinearSVR (full data, no kernel)",03.03_prediction_svm_tract.ipynb,census_tract,4h,17031590200,0.0,0.01,0.0,0.0,,,2026-07-18T14:51:15
"LinearSVR (full data, no kernel)",03.03_prediction_svm_tract.ipynb,census_tract,4h,17031590300,0.0,9.01,3.17,-0.1273,-0.481308411214953,,2026-07-18T14:51:15
"LinearSVR (full data, no kernel)",03.03_prediction_svm_tract.ipynb,census_tract,4h,17031590400,0.0,0.16,0.16,0.0,-inf,,2026-07-18T14:51:15
"LinearSVR (full data, no kernel)",03.03_prediction_svm_tract.ipynb,census_tract,4h,17031590500,0.0,0.09,0.08,0.0,-inf,,2026-07-18T14:51:15
"LinearSVR (full data, no kernel)",03.03_prediction_svm_tract.ipynb,census_tract,4h,17031590600,0.0,0.0,0.0,1.0,,,2026-07-18T14:51:15
"LinearSVR (full data, no kernel)",03.03_prediction_svm_tract.ipynb,census_tract,4h,17031590700,0.0,0.0,0.0,1.0,,,2026-07-18T14:51:15
"LinearSVR (full data, no kernel)",03.03_prediction_svm_tract.ipynb,census_tract,4h,17031760800,0.0,0.29,0.1,-0.0405,-0.6666666666666667,,2026-07-18T14:51:15
"LinearSVR (full data, no kernel)",03.03_prediction_svm_tract.ipynb,census_tract,4h,17031760900,500.1786799375101,623.26,476.2,-1.4021,-1.713854220094603,,2026-07-18T14:51:15
"LinearSVR (full data, no kernel)",03.03_prediction_svm_tract.ipynb,census_tract,4h,17031770600,0.0,0.1,0.0,-0.0022,1.0,,2026-07-18T14:51:15
"LinearSVR (full data, no kernel)",03.03_prediction_svm_tract.ipynb,census_tract,4h,17031770700,0.0,0.53,0.52,0.0,-inf,,2026-07-18T14:51:15
"LinearSVR (full data, no kernel)",03.03_prediction_svm_tract.ipynb,census_tract,4h,17031770900,0.0,0.0,0.0,1.0,,,2026-07-18T14:51:15
"LinearSVR (full data, no kernel)",03.03_prediction_svm_tract.ipynb,census_tract,4h,17031820800,0.0,0.0,0.0,1.0,,,2026-07-18T14:51:15
"LinearSVR (full data, no kernel)",03.03_prediction_svm_tract.ipynb,census_tract,4h,17031840000,0.0,0.16,0.16,0.0,-inf,,2026-07-18T14:51:15
Profile baseline,03.04_prediction_nn_CA_4h.ipynb,community_area,4h,1,13.0,5.07,3.9,0.6792,0.0,0.2785714285714286,2026-07-21T20:32:00
Profile baseline,03.04_prediction_nn_CA_4h.ipynb,community_area,4h,2,16.0,7.67,5.99,0.3701,0.0,0.3523529411764706,2026-07-21T20:32:00
Profile baseline,03.04_prediction_nn_CA_4h.ipynb,community_area,4h,3,41.0,22.34,15.28,0.7146,0.0,0.3638095238095238,2026-07-21T20:32:00
Profile baseline,03.04_prediction_nn_CA_4h.ipynb,community_area,4h,4,8.0,3.83,2.81,0.7494,0.0,0.3122222222222222,2026-07-21T20:32:00
Profile baseline,03.04_prediction_nn_CA_4h.ipynb,community_area,4h,5,6.0,3.55,2.48,0.5503,0.0,0.3542857142857142,2026-07-21T20:32:00
Profile baseline,03.04_prediction_nn_CA_4h.ipynb,community_area,4h,6,86.0,51.3,34.07,0.5839,0.0,0.3916091954022988,2026-07-21T20:32:00
Profile baseline,03.04_prediction_nn_CA_4h.ipynb,community_area,4h,7,56.0,42.91,28.37,0.4594,0.0,0.497719298245614,2026-07-21T20:32:00
Profile baseline,03.04_prediction_nn_CA_4h.ipynb,community_area,4h,8,553.0,225.89,166.85,0.7707,0.0,0.3011732851985559,2026-07-21T20:32:00
Profile baseline,03.04_prediction_nn_CA_4h.ipynb,community_area,4h,9,0.0,0.91,0.7,-0.3735,0.0,0.7,2026-07-21T20:32:00
Profile baseline,03.04_prediction_nn_CA_4h.ipynb,community_area,4h,10,5.0,2.93,2.39,-0.0864,0.0,0.3983333333333334,2026-07-21T20:32:00
Profile baseline,03.04_prediction_nn_CA_4h.ipynb,community_area,4h,11,3.0,1.99,1.58,0.0118,0.0,0.395,2026-07-21T20:32:00
Profile baseline,03.04_prediction_nn_CA_4h.ipynb,community_area,4h,12,3.0,2.4,1.91,-0.3793,0.0,0.4775,2026-07-21T20:32:00
Profile baseline,03.04_prediction_nn_CA_4h.ipynb,community_area,4h,13,2.0,2.13,1.57,0.0365,0.0,0.5233333333333333,2026-07-21T20:32:00
Profile baseline,03.04_prediction_nn_CA_4h.ipynb,community_area,4h,14,4.0,2.66,2.05,-0.0117,0.0,0.41,2026-07-21T20:32:00
Profile baseline,03.04_prediction_nn_CA_4h.ipynb,community_area,4h,15,3.0,2.54,1.89,0.1322,0.0,0.4725,2026-07-21T20:32:00
Profile baseline,03.04_prediction_nn_CA_4h.ipynb,community_area,4h,16,7.0,4.28,3.27,0.1105,0.0,0.40875,2026-07-21T20:32:00
Profile baseline,03.04_prediction_nn_CA_4h.ipynb,community_area,4h,17,1.0,1.04,0.73,0.2347,0.0,0.365,2026-07-21T20:32:00
Profile baseline,03.04_prediction_nn_CA_4h.ipynb,community_area,4h,18,0.0,0.56,0.37,-0.0771,0.0,0.37,2026-07-21T20:32:00
Profile baseline,03.04_prediction_nn_CA_4h.ipynb,community_area,4h,19,2.0,1.36,1.03,0.2067,0.0,0.3433333333333333,2026-07-21T20:32:00
Profile baseline,03.04_prediction_nn_CA_4h.ipynb,community_area,4h,20,0.0,0.81,0.57,-0.1725,0.0,0.57,2026-07-21T20:32:00
Profile baseline,03.04_prediction_nn_CA_4h.ipynb,community_area,4h,21,4.0,2.54,1.95,0.2979,0.0,0.39,2026-07-21T20:32:00
Profile baseline,03.04_prediction_nn_CA_4h.ipynb,community_area,4h,22,10.0,7.03,4.39,0.4845,0.0,0.399090909090909,2026-07-21T20:32:00
Profile baseline,03.04_prediction_nn_CA_4h.ipynb,community_area,4h,23,2.0,1.63,1.28,0.3253,0.0,0.4266666666666667,2026-07-21T20:32:00
Profile baseline,03.04_prediction_nn_CA_4h.ipynb,community_area,4h,24,24.0,26.82,18.1,0.248,0.0,0.7240000000000001,2026-07-21T20:32:00
Profile baseline,03.04_prediction_nn_CA_4h.ipynb,community_area,4h,25,5.0,2.96,2.23,0.1447,0.0,0.3716666666666666,2026-07-21T20:32:00
Profile baseline,03.04_prediction_nn_CA_4h.ipynb,community_area,4h,26,1.0,1.16,0.89,0.1743,0.0,0.445,2026-07-21T20:32:00
Profile baseline,03.04_prediction_nn_CA_4h.ipynb,community_area,4h,27,2.0,1.78,1.3,0.3903,0.0,0.4333333333333333,2026-07-21T20:32:00
Profile baseline,03.04_prediction_nn_CA_4h.ipynb,community_area,4h,28,221.0,106.12,78.48,0.8149,0.0,0.3535135135135135,2026-07-21T20:32:00
Profile baseline,03.04_prediction_nn_CA_4h.ipynb,community_area,4h,29,2.0,1.75,1.28,0.4115,0.0,0.4266666666666667,2026-07-21T20:32:00
Profile baseline,03.04_prediction_nn_CA_4h.ipynb,community_area,4h,30,1.0,1.39,1.03,0.2081,0.0,0.515,2026-07-21T20:32:00
Profile baseline,03.04_prediction_nn_CA_4h.ipynb,community_area,4h,31,4.0,4.96,3.48,0.1239,0.0,0.696,2026-07-21T20:32:00
Profile baseline,03.04_prediction_nn_CA_4h.ipynb,community_area,4h,32,347.0,119.96,84.09,0.898,0.0,0.2416379310344827,2026-07-21T20:32:00
Profile baseline,03.04_prediction_nn_CA_4h.ipynb,community_area,4h,33,61.0,64.57,34.21,0.636,0.0,0.5517741935483871,2026-07-21T20:32:00
Profile baseline,03.04_prediction_nn_CA_4h.ipynb,community_area,4h,34,6.0,7.06,4.47,0.2625,0.0,0.6385714285714286,2026-07-21T20:32:00
Profile baseline,03.04_prediction_nn_CA_4h.ipynb,community_area,4h,35,14.0,6.56,4.56,0.8199,0.0,0.304,2026-07-21T20:32:00
Profile baseline,03.04_prediction_nn_CA_4h.ipynb,community_area,4h,36,4.0,2.91,2.14,0.535,0.0,0.428,2026-07-21T20:32:00
Profile baseline,03.04_prediction_nn_CA_4h.ipynb,community_area,4h,37,3.0,3.11,2.6,-1.4337,0.0,0.65,2026-07-21T20:32:00
Profile baseline,03.04_prediction_nn_CA_4h.ipynb,community_area,4h,38,12.0,5.33,3.87,0.7839,0.0,0.2976923076923077,2026-07-21T20:32:00
Profile baseline,03.04_prediction_nn_CA_4h.ipynb,community_area,4h,39,9.0,4.51,3.29,0.7743,0.0,0.329,2026-07-21T20:32:00
Profile baseline,03.04_prediction_nn_CA_4h.ipynb,community_area,4h,40,3.0,2.12,1.55,0.5201,0.0,0.3875,2026-07-21T20:32:00
Profile baseline,03.04_prediction_nn_CA_4h.ipynb,community_area,4h,41,13.0,6.75,4.44,0.8747,0.0,0.3171428571428571,2026-07-21T20:32:00
Profile baseline,03.04_prediction_nn_CA_4h.ipynb,community_area,4h,42,6.0,3.32,2.44,0.6686,0.0,0.3485714285714286,2026-07-21T20:32:00
Profile baseline,03.04_prediction_nn_CA_4h.ipynb,community_area,4h,43,15.0,7.14,5.52,0.1957,0.0,0.345,2026-07-21T20:32:00
Profile baseline,03.04_prediction_nn_CA_4h.ipynb,community_area,4h,44,13.0,7.48,5.83,-0.2143,0.0,0.4164285714285714,2026-07-21T20:32:00
Profile baseline,03.04_prediction_nn_CA_4h.ipynb,community_area,4h,45,2.0,1.65,1.21,0.4307,0.0,0.4033333333333333,2026-07-21T20:32:00
Profile baseline,03.04_prediction_nn_CA_4h.ipynb,community_area,4h,46,5.0,3.22,2.4,0.0042,0.0,0.3999999999999999,2026-07-21T20:32:00
Profile baseline,03.04_prediction_nn_CA_4h.ipynb,community_area,4h,47,0.0,1.09,0.74,0.3211,0.0,0.74,2026-07-21T20:32:00
Profile baseline,03.04_prediction_nn_CA_4h.ipynb,community_area,4h,48,2.0,2.23,1.65,0.0753,0.0,0.5499999999999999,2026-07-21T20:32:00
Profile baseline,03.04_prediction_nn_CA_4h.ipynb,community_area,4h,49,7.0,4.08,3.2,0.1142,0.0,0.4,2026-07-21T20:32:00
Profile baseline,03.04_prediction_nn_CA_4h.ipynb,community_area,4h,50,3.0,2.76,2.1,-0.3661,0.0,0.525,2026-07-21T20:32:00
Profile baseline,03.04_prediction_nn_CA_4h.ipynb,community_area,4h,51,4.0,2.8,2.13,-0.1395,0.0,0.426,2026-07-21T20:32:00
Profile baseline,03.04_prediction_nn_CA_4h.ipynb,community_area,4h,52,1.0,1.7,1.29,-1.2297,0.0,0.645,2026-07-21T20:32:00
Profile baseline,03.04_prediction_nn_CA_4h.ipynb,community_area,4h,53,7.0,5.48,4.26,-1.448,0.0,0.5325,2026-07-21T20:32:00
Profile baseline,03.04_prediction_nn_CA_4h.ipynb,community_area,4h,54,2.0,2.29,1.75,-1.2346,0.0,0.5833333333333334,2026-07-21T20:32:00
Profile baseline,03.04_prediction_nn_CA_4h.ipynb,community_area,4h,55,1.0,1.51,1.11,-0.5568,0.0,0.555,2026-07-21T20:32:00
Profile baseline,03.04_prediction_nn_CA_4h.ipynb,community_area,4h,56,72.0,36.91,28.97,0.0204,0.0,0.3968493150684931,2026-07-21T20:32:00
Profile baseline,03.04_prediction_nn_CA_4h.ipynb,community_area,4h,57,0.0,0.82,0.6,0.0264,0.0,0.6,2026-07-21T20:32:00
Profile baseline,03.04_prediction_nn_CA_4h.ipynb,community_area,4h,58,1.0,1.16,0.81,0.3101,0.0,0.405,2026-07-21T20:32:00
Profile baseline,03.04_prediction_nn_CA_4h.ipynb,community_area,4h,59,1.0,2.21,1.28,0.8122,0.0,0.64,2026-07-21T20:32:00
Profile baseline,03.04_prediction_nn_CA_4h.ipynb,community_area,4h,60,1.0,2.31,1.64,0.2475,0.0,0.82,2026-07-21T20:32:00
Profile baseline,03.04_prediction_nn_CA_4h.ipynb,community_area,4h,61,2.0,1.75,1.27,0.4315,0.0,0.4233333333333333,2026-07-21T20:32:00
Profile baseline,03.04_prediction_nn_CA_4h.ipynb,community_area,4h,62,1.0,0.83,0.65,-0.1464,0.0,0.325,2026-07-21T20:32:00
Profile baseline,03.04_prediction_nn_CA_4h.ipynb,community_area,4h,63,0.0,0.63,0.44,-0.3851,0.0,0.44,2026-07-21T20:32:00
Profile baseline,03.04_prediction_nn_CA_4h.ipynb,community_area,4h,64,0.0,0.83,0.6,-0.1682,0.0,0.6,2026-07-21T20:32:00
Profile baseline,03.04_prediction_nn_CA_4h.ipynb,community_area,4h,65,0.0,0.97,0.68,0.354,0.0,0.68,2026-07-21T20:32:00
Profile baseline,03.04_prediction_nn_CA_4h.ipynb,community_area,4h,66,2.0,1.7,1.25,0.1333,0.0,0.4166666666666667,2026-07-21T20:32:00
Profile baseline,03.04_prediction_nn_CA_4h.ipynb,community_area,4h,67,2.0,1.81,1.34,0.2482,0.0,0.4466666666666667,2026-07-21T20:32:00
Profile baseline,03.04_prediction_nn_CA_4h.ipynb,community_area,4h,68,5.0,3.5,2.62,0.1528,0.0,0.4366666666666667,2026-07-21T20:32:00
Profile baseline,03.04_prediction_nn_CA_4h.ipynb,community_area,4h,69,10.0,6.38,4.91,-0.1376,0.0,0.4463636363636363,2026-07-21T20:32:00
Profile baseline,03.04_prediction_nn_CA_4h.ipynb,community_area,4h,70,2.0,1.54,1.12,0.3976,0.0,0.3733333333333333,2026-07-21T20:32:00
Profile baseline,03.04_prediction_nn_CA_4h.ipynb,community_area,4h,71,5.0,2.89,2.17,0.2743,0.0,0.3616666666666666,2026-07-21T20:32:00
Profile baseline,03.04_prediction_nn_CA_4h.ipynb,community_area,4h,72,1.0,1.81,1.26,0.0013,0.0,0.63,2026-07-21T20:32:00
Profile baseline,03.04_prediction_nn_CA_4h.ipynb,community_area,4h,73,4.0,3.01,2.3,-0.1545,0.0,0.4599999999999999,2026-07-21T20:32:00
Profile baseline,03.04_prediction_nn_CA_4h.ipynb,community_area,4h,74,0.0,0.76,0.6,-0.0452,0.0,0.6,2026-07-21T20:32:00
Profile baseline,03.04_prediction_nn_CA_4h.ipynb,community_area,4h,75,4.0,3.49,2.68,-0.4158,0.0,0.536,2026-07-21T20:32:00
Profile baseline,03.04_prediction_nn_CA_4h.ipynb,community_area,4h,76,553.5,135.61,97.63,0.8533,0.0,0.176068530207394,2026-07-21T20:32:00
Profile baseline,03.04_prediction_nn_CA_4h.ipynb,community_area,4h,77,27.0,8.46,6.09,0.8649,0.0,0.2175,2026-07-21T20:32:00
Shallow NN,03.04_prediction_nn_CA_4h.ipynb,community_area,4h,1,13.0,4.82,3.68,0.7099,0.0564102564102563,0.2628571428571428,2026-07-21T20:32:00
Shallow NN,03.04_prediction_nn_CA_4h.ipynb,community_area,4h,2,16.0,6.7,5.2,0.5188,0.1318864774624374,0.3058823529411765,2026-07-21T20:32:00
Shallow NN,03.04_prediction_nn_CA_4h.ipynb,community_area,4h,3,41.0,24.03,16.11,0.6698,-0.0543193717277485,0.3835714285714285,2026-07-21T20:32:00
Shallow NN,03.04_prediction_nn_CA_4h.ipynb,community_area,4h,4,8.0,3.74,2.68,0.761,0.0462633451957295,0.2977777777777778,2026-07-21T20:32:00
Shallow NN,03.04_prediction_nn_CA_4h.ipynb,community_area,4h,5,6.0,3.65,2.48,0.5257,0.0,0.3542857142857142,2026-07-21T20:32:00
Shallow NN,03.04_prediction_nn_CA_4h.ipynb,community_area,4h,6,86.0,57.78,37.23,0.472,-0.0927502201350161,0.4279310344827586,2026-07-21T20:32:00
Shallow NN,03.04_prediction_nn_CA_4h.ipynb,community_area,4h,7,56.0,45.95,29.79,0.3802,-0.0500528727529079,0.5226315789473684,2026-07-21T20:32:00
Shallow NN,03.04_prediction_nn_CA_4h.ipynb,community_area,4h,8,553.0,230.8,169.54,0.7606,-0.0161222655079411,0.306028880866426,2026-07-21T20:32:00
Shallow NN,03.04_prediction_nn_CA_4h.ipynb,community_area,4h,9,0.0,0.77,0.58,0.0293,0.1714285714285714,0.58,2026-07-21T20:32:00
Shallow NN,03.04_prediction_nn_CA_4h.ipynb,community_area,4h,10,5.0,2.55,2.05,0.1794,0.1422594142259415,0.3416666666666666,2026-07-21T20:32:00
Shallow NN,03.04_prediction_nn_CA_4h.ipynb,community_area,4h,11,3.0,1.78,1.4,0.2049,0.1139240506329114,0.35,2026-07-21T20:32:00
Shallow NN,03.04_prediction_nn_CA_4h.ipynb,community_area,4h,12,3.0,2.01,1.6,0.0263,0.1623036649214658,0.4,2026-07-21T20:32:00
Shallow NN,03.04_prediction_nn_CA_4h.ipynb,community_area,4h,13,2.0,1.81,1.35,0.3011,0.1401273885350318,0.45,2026-07-21T20:32:00
Shallow NN,03.04_prediction_nn_CA_4h.ipynb,community_area,4h,14,4.0,2.25,1.7,0.2771,0.1707317073170731,0.3399999999999999,2026-07-21T20:32:00
Shallow NN,03.04_prediction_nn_CA_4h.ipynb,community_area,4h,15,3.0,2.28,1.69,0.297,0.1058201058201058,0.4225,2026-07-21T20:32:00
Shallow NN,03.04_prediction_nn_CA_4h.ipynb,community_area,4h,16,7.0,4.2,3.17,0.1425,0.0305810397553517,0.39625,2026-07-21T20:32:00
Shallow NN,03.04_prediction_nn_CA_4h.ipynb,community_area,4h,17,1.0,0.98,0.67,0.3158,0.0821917808219176,0.335,2026-07-21T20:32:00
Shallow NN,03.04_prediction_nn_CA_4h.ipynb,community_area,4h,18,0.0,0.5,0.32,0.1444,0.1351351351351351,0.32,2026-07-21T20:32:00
Shallow NN,03.04_prediction_nn_CA_4h.ipynb,community_area,4h,19,2.0,1.26,0.95,0.3243,0.0776699029126214,0.3166666666666666,2026-07-21T20:32:00
Shallow NN,03.04_prediction_nn_CA_4h.ipynb,community_area,4h,20,0.0,0.78,0.54,-0.1095,0.0526315789473682,0.54,2026-07-21T20:32:00
Shallow NN,03.04_prediction_nn_CA_4h.ipynb,community_area,4h,21,4.0,2.44,1.76,0.3525,0.0974358974358974,0.352,2026-07-21T20:32:00
Shallow NN,03.04_prediction_nn_CA_4h.ipynb,community_area,4h,22,10.0,7.48,4.52,0.4159,-0.0296127562642369,0.4109090909090909,2026-07-21T20:32:00
Shallow NN,03.04_prediction_nn_CA_4h.ipynb,community_area,4h,23,2.0,1.6,1.23,0.35,0.0390625,0.41,2026-07-21T20:32:00
Shallow NN,03.04_prediction_nn_CA_4h.ipynb,community_area,4h,24,24.0,29.37,19.53,0.0984,-0.0790055248618784,0.7812,2026-07-21T20:32:00
Shallow NN,03.04_prediction_nn_CA_4h.ipynb,community_area,4h,25,5.0,2.68,2.01,0.3008,0.0986547085201794,0.3349999999999999,2026-07-21T20:32:00
Shallow NN,03.04_prediction_nn_CA_4h.ipynb,community_area,4h,26,1.0,1.13,0.84,0.216,0.0561797752808989,0.42,2026-07-21T20:32:00
Shallow NN,03.04_prediction_nn_CA_4h.ipynb,community_area,4h,27,2.0,1.76,1.27,0.4064,0.0230769230769231,0.4233333333333333,2026-07-21T20:32:00
Shallow NN,03.04_prediction_nn_CA_4h.ipynb,community_area,4h,28,221.0,110.49,83.16,0.7993,-0.0596330275229357,0.3745945945945946,2026-07-21T20:32:00
Shallow NN,03.04_prediction_nn_CA_4h.ipynb,community_area,4h,29,2.0,1.74,1.27,0.42,0.0078125,0.4233333333333333,2026-07-21T20:32:00
Shallow NN,03.04_prediction_nn_CA_4h.ipynb,community_area,4h,30,1.0,1.33,0.97,0.2757,0.0582524271844661,0.485,2026-07-21T20:32:00
Shallow NN,03.04_prediction_nn_CA_4h.ipynb,community_area,4h,31,4.0,5.12,3.57,0.0654,-0.0258620689655171,0.714,2026-07-21T20:32:00
Shallow NN,03.04_prediction_nn_CA_4h.ipynb,community_area,4h,32,347.0,134.72,94.54,0.8714,-0.1242716137471757,0.2716666666666666,2026-07-21T20:32:00
Shallow NN,03.04_prediction_nn_CA_4h.ipynb,community_area,4h,33,61.0,78.08,37.97,0.4677,-0.1099093832212803,0.6124193548387097,2026-07-21T20:32:00
Shallow NN,03.04_prediction_nn_CA_4h.ipynb,community_area,4h,34,6.0,7.31,4.45,0.209,0.0044742729306487,0.6357142857142858,2026-07-21T20:32:00
Shallow NN,03.04_prediction_nn_CA_4h.ipynb,community_area,4h,35,14.0,6.52,4.52,0.8223,0.0087719298245614,0.3013333333333333,2026-07-21T20:32:00
Shallow NN,03.04_prediction_nn_CA_4h.ipynb,community_area,4h,36,4.0,2.47,1.78,0.6641,0.1682242990654205,0.356,2026-07-21T20:32:00
Shallow NN,03.04_prediction_nn_CA_4h.ipynb,community_area,4h,37,3.0,2.49,2.03,-0.5543,0.2192307692307693,0.5075,2026-07-21T20:32:00
Shallow NN,03.04_prediction_nn_CA_4h.ipynb,community_area,4h,38,12.0,4.87,3.46,0.8196,0.1059431524547803,0.2661538461538461,2026-07-21T20:32:00
Shallow NN,03.04_prediction_nn_CA_4h.ipynb,community_area,4h,39,9.0,4.14,2.98,0.8097,0.0942249240121581,0.298,2026-07-21T20:32:00
Shallow NN,03.04_prediction_nn_CA_4h.ipynb,community_area,4h,40,3.0,1.94,1.41,0.5997,0.0903225806451614,0.3525,2026-07-21T20:32:00
Shallow NN,03.04_prediction_nn_CA_4h.ipynb,community_area,4h,41,13.0,6.97,4.61,0.8661,-0.0382882882882882,0.3292857142857143,2026-07-21T20:32:00
Shallow NN,03.04_prediction_nn_CA_4h.ipynb,community_area,4h,42,6.0,3.04,2.19,0.7222,0.1024590163934425,0.3128571428571428,2026-07-21T20:32:00
Shallow NN,03.04_prediction_nn_CA_4h.ipynb,community_area,4h,43,15.0,6.53,5.0,0.3281,0.0942028985507246,0.3125,2026-07-21T20:32:00
Shallow NN,03.04_prediction_nn_CA_4h.ipynb,community_area,4h,44,13.0,7.04,5.45,-0.0766,0.065180102915952,0.3892857142857143,2026-07-21T20:32:00
Shallow NN,03.04_prediction_nn_CA_4h.ipynb,community_area,4h,45,2.0,1.48,1.07,0.5368,0.1157024793388429,0.3566666666666667,2026-07-21T20:32:00
Shallow NN,03.04_prediction_nn_CA_4h.ipynb,community_area,4h,46,5.0,2.91,2.15,0.184,0.1041666666666666,0.3583333333333333,2026-07-21T20:32:00
Shallow NN,03.04_prediction_nn_CA_4h.ipynb,community_area,4h,47,0.0,1.02,0.69,0.3969,0.0675675675675676,0.69,2026-07-21T20:32:00
Shallow NN,03.04_prediction_nn_CA_4h.ipynb,community_area,4h,48,2.0,2.05,1.49,0.2189,0.0969696969696969,0.4966666666666666,2026-07-21T20:32:00
Shallow NN,03.04_prediction_nn_CA_4h.ipynb,community_area,4h,49,7.0,3.54,2.75,0.3324,0.140625,0.34375,2026-07-21T20:32:00
Shallow NN,03.04_prediction_nn_CA_4h.ipynb,community_area,4h,50,3.0,2.25,1.7,0.0899,0.1904761904761905,0.425,2026-07-21T20:32:00
Shallow NN,03.04_prediction_nn_CA_4h.ipynb,community_area,4h,51,4.0,2.38,1.8,0.1711,0.1549295774647886,0.36,2026-07-21T20:32:00
Shallow NN,03.04_prediction_nn_CA_4h.ipynb,community_area,4h,52,1.0,1.38,1.05,-0.4644,0.1860465116279069,0.525,2026-07-21T20:32:00
Shallow NN,03.04_prediction_nn_CA_4h.ipynb,community_area,4h,53,7.0,4.17,3.21,-0.4211,0.2464788732394366,0.40125,2026-07-21T20:32:00
Shallow NN,03.04_prediction_nn_CA_4h.ipynb,community_area,4h,54,2.0,1.82,1.38,-0.4197,0.2114285714285715,0.4599999999999999,2026-07-21T20:32:00
Shallow NN,03.04_prediction_nn_CA_4h.ipynb,community_area,4h,55,1.0,1.25,0.92,-0.0672,0.1711711711711712,0.46,2026-07-21T20:32:00
Shallow NN,03.04_prediction_nn_CA_4h.ipynb,community_area,4h,56,72.0,32.28,24.86,0.2508,0.1418709009319986,0.3405479452054794,2026-07-21T20:32:00
Shallow NN,03.04_prediction_nn_CA_4h.ipynb,community_area,4h,57,0.0,0.75,0.53,0.1696,0.1166666666666665,0.53,2026-07-21T20:32:00
Shallow NN,03.04_prediction_nn_CA_4h.ipynb,community_area,4h,58,1.0,1.07,0.71,0.4081,0.1234567901234569,0.355,2026-07-21T20:32:00
Shallow NN,03.04_prediction_nn_CA_4h.ipynb,community_area,4h,59,1.0,2.25,1.27,0.8069,0.0078125,0.635,2026-07-21T20:32:00
Shallow NN,03.04_prediction_nn_CA_4h.ipynb,community_area,4h,60,1.0,2.41,1.69,0.181,-0.0304878048780488,0.845,2026-07-21T20:32:00
Shallow NN,03.04_prediction_nn_CA_4h.ipynb,community_area,4h,61,2.0,1.67,1.22,0.4807,0.0393700787401575,0.4066666666666667,2026-07-21T20:32:00
Shallow NN,03.04_prediction_nn_CA_4h.ipynb,community_area,4h,62,1.0,0.75,0.6,0.0611,0.0769230769230769,0.3,2026-07-21T20:32:00
Shallow NN,03.04_prediction_nn_CA_4h.ipynb,community_area,4h,63,0.0,0.51,0.36,0.1012,0.1818181818181818,0.36,2026-07-21T20:32:00
Shallow NN,03.04_prediction_nn_CA_4h.ipynb,community_area,4h,64,0.0,0.75,0.56,0.0487,0.0666666666666665,0.56,2026-07-21T20:32:00
Shallow NN,03.04_prediction_nn_CA_4h.ipynb,community_area,4h,65,0.0,0.89,0.62,0.4536,0.088235294117647,0.62,2026-07-21T20:32:00
Shallow NN,03.04_prediction_nn_CA_4h.ipynb,community_area,4h,66,2.0,1.47,1.09,0.3517,0.1279999999999999,0.3633333333333333,2026-07-21T20:32:00
Shallow NN,03.04_prediction_nn_CA_4h.ipynb,community_area,4h,67,2.0,1.64,1.21,0.3827,0.0970149253731343,0.4033333333333333,2026-07-21T20:32:00
Shallow NN,03.04_prediction_nn_CA_4h.ipynb,community_area,4h,68,5.0,2.81,2.07,0.4537,0.2099236641221374,0.345,2026-07-21T20:32:00
Shallow NN,03.04_prediction_nn_CA_4h.ipynb,community_area,4h,69,10.0,5.85,4.38,0.0452,0.1079429735234216,0.3981818181818182,2026-07-21T20:32:00
Shallow NN,03.04_prediction_nn_CA_4h.ipynb,community_area,4h,70,2.0,1.4,1.0,0.5018,0.1071428571428572,0.3333333333333333,2026-07-21T20:32:00
Shallow NN,03.04_prediction_nn_CA_4h.ipynb,community_area,4h,71,5.0,2.44,1.83,0.4824,0.1566820276497695,0.305,2026-07-21T20:32:00
Shallow NN,03.04_prediction_nn_CA_4h.ipynb,community_area,4h,72,1.0,1.53,1.08,0.2897,0.1428571428571428,0.54,2026-07-21T20:32:00
Shallow NN,03.04_prediction_nn_CA_4h.ipynb,community_area,4h,73,4.0,2.52,1.92,0.1916,0.1652173913043477,0.384,2026-07-21T20:32:00
Shallow NN,03.04_prediction_nn_CA_4h.ipynb,community_area,4h,74,0.0,0.68,0.52,0.1669,0.1333333333333333,0.52,2026-07-21T20:32:00
Shallow NN,03.04_prediction_nn_CA_4h.ipynb,community_area,4h,75,4.0,2.81,2.15,0.0827,0.1977611940298508,0.43,2026-07-21T20:32:00
Shallow NN,03.04_prediction_nn_CA_4h.ipynb,community_area,4h,76,553.5,141.81,99.54,0.8396,-0.0195636587114618,0.1795130748422002,2026-07-21T20:32:00
Shallow NN,03.04_prediction_nn_CA_4h.ipynb,community_area,4h,77,27.0,8.71,6.34,0.8567,-0.0410509031198687,0.2264285714285714,2026-07-21T20:32:00
Deep NN (tuned),03.04_prediction_nn_CA_4h.ipynb,community_area,4h,1,13.0,4.66,3.48,0.7287,0.1076923076923076,0.2485714285714285,2026-07-21T20:32:00
Deep NN (tuned),03.04_prediction_nn_CA_4h.ipynb,community_area,4h,2,16.0,7.32,5.73,0.4255,0.043405676126878,0.3370588235294118,2026-07-21T20:32:00
Deep NN (tuned),03.04_prediction_nn_CA_4h.ipynb,community_area,4h,3,41.0,20.59,13.95,0.7576,0.0870418848167539,0.3321428571428571,2026-07-21T20:32:00
Deep NN (tuned),03.04_prediction_nn_CA_4h.ipynb,community_area,4h,4,8.0,3.81,2.72,0.7518,0.0320284697508895,0.3022222222222222,2026-07-21T20:32:00
Deep NN (tuned),03.04_prediction_nn_CA_4h.ipynb,community_area,4h,5,6.0,3.62,2.49,0.534,-0.0040322580645162,0.3557142857142857,2026-07-21T20:32:00
Deep NN (tuned),03.04_prediction_nn_CA_4h.ipynb,community_area,4h,6,86.0,49.8,30.92,0.6079,0.0924567067801584,0.3554022988505747,2026-07-21T20:32:00
Deep NN (tuned),03.04_prediction_nn_CA_4h.ipynb,community_area,4h,7,56.0,45.32,29.47,0.3969,-0.0387733521325341,0.5170175438596492,2026-07-21T20:32:00
Deep NN (tuned),03.04_prediction_nn_CA_4h.ipynb,community_area,4h,8,553.0,221.85,160.91,0.7788,0.0356008390770152,0.2904512635379061,2026-07-21T20:32:00
Deep NN (tuned),03.04_prediction_nn_CA_4h.ipynb,community_area,4h,9,0.0,0.79,0.61,-0.0282,0.1285714285714285,0.61,2026-07-21T20:32:00
Deep NN (tuned),03.04_prediction_nn_CA_4h.ipynb,community_area,4h,10,5.0,2.45,1.96,0.2423,0.1799163179916318,0.3266666666666666,2026-07-21T20:32:00
Deep NN (tuned),03.04_prediction_nn_CA_4h.ipynb,community_area,4h,11,3.0,1.78,1.4,0.2054,0.1139240506329114,0.35,2026-07-21T20:32:00
Deep NN (tuned),03.04_prediction_nn_CA_4h.ipynb,community_area,4h,12,3.0,2.01,1.59,0.0278,0.1675392670157067,0.3975,2026-07-21T20:32:00
Deep NN (tuned),03.04_prediction_nn_CA_4h.ipynb,community_area,4h,13,2.0,1.99,1.46,0.1526,0.070063694267516,0.4866666666666666,2026-07-21T20:32:00
Deep NN (tuned),03.04_prediction_nn_CA_4h.ipynb,community_area,4h,14,4.0,2.2,1.69,0.3108,0.1756097560975609,0.3379999999999999,2026-07-21T20:32:00
Deep NN (tuned),03.04_prediction_nn_CA_4h.ipynb,community_area,4h,15,3.0,2.4,1.78,0.2241,0.0582010582010581,0.445,2026-07-21T20:32:00
Deep NN (tuned),03.04_prediction_nn_CA_4h.ipynb,community_area,4h,16,7.0,4.06,3.07,0.1961,0.0611620795107034,0.38375,2026-07-21T20:32:00
Deep NN (tuned),03.04_prediction_nn_CA_4h.ipynb,community_area,4h,17,1.0,0.98,0.67,0.3122,0.0821917808219176,0.335,2026-07-21T20:32:00
Deep NN (tuned),03.04_prediction_nn_CA_4h.ipynb,community_area,4h,18,0.0,0.5,0.33,0.1367,0.108108108108108,0.33,2026-07-21T20:32:00
Deep NN (tuned),03.04_prediction_nn_CA_4h.ipynb,community_area,4h,19,2.0,1.26,0.94,0.3238,0.0873786407766991,0.3133333333333333,2026-07-21T20:32:00
Deep NN (tuned),03.04_prediction_nn_CA_4h.ipynb,community_area,4h,20,0.0,0.78,0.55,-0.0903,0.0350877192982455,0.55,2026-07-21T20:32:00
Deep NN (tuned),03.04_prediction_nn_CA_4h.ipynb,community_area,4h,21,4.0,2.44,1.79,0.3495,0.0820512820512819,0.358,2026-07-21T20:32:00
Deep NN (tuned),03.04_prediction_nn_CA_4h.ipynb,community_area,4h,22,10.0,7.35,4.36,0.4362,0.0068337129840545,0.3963636363636364,2026-07-21T20:32:00
Deep NN (tuned),03.04_prediction_nn_CA_4h.ipynb,community_area,4h,23,2.0,1.62,1.25,0.331,0.0234375,0.4166666666666667,2026-07-21T20:32:00
Deep NN (tuned),03.04_prediction_nn_CA_4h.ipynb,community_area,4h,24,24.0,27.99,18.47,0.1813,-0.020441988950276,0.7387999999999999,2026-07-21T20:32:00
Deep NN (tuned),03.04_prediction_nn_CA_4h.ipynb,community_area,4h,25,5.0,2.52,1.9,0.3785,0.147982062780269,0.3166666666666666,2026-07-21T20:32:00
Deep NN (tuned),03.04_prediction_nn_CA_4h.ipynb,community_area,4h,26,1.0,1.11,0.84,0.2346,0.0561797752808989,0.42,2026-07-21T20:32:00
Deep NN (tuned),03.04_prediction_nn_CA_4h.ipynb,community_area,4h,27,2.0,1.73,1.25,0.4246,0.0384615384615385,0.4166666666666667,2026-07-21T20:32:00
Deep NN (tuned),03.04_prediction_nn_CA_4h.ipynb,community_area,4h,28,221.0,97.96,72.51,0.8423,0.0760703363914373,0.3266216216216216,2026-07-21T20:32:00
Deep NN (tuned),03.04_prediction_nn_CA_4h.ipynb,community_area,4h,29,2.0,1.72,1.26,0.4296,0.015625,0.42,2026-07-21T20:32:00
Deep NN (tuned),03.04_prediction_nn_CA_4h.ipynb,community_area,4h,30,1.0,1.33,0.96,0.2762,0.0679611650485437,0.48,2026-07-21T20:32:00
Deep NN (tuned),03.04_prediction_nn_CA_4h.ipynb,community_area,4h,31,4.0,5.29,3.73,0.0029,-0.0718390804597701,0.746,2026-07-21T20:32:00
Deep NN (tuned),03.04_prediction_nn_CA_4h.ipynb,community_area,4h,32,347.0,124.65,85.35,0.8899,-0.0149839457723865,0.2452586206896551,2026-07-21T20:32:00
Deep NN (tuned),03.04_prediction_nn_CA_4h.ipynb,community_area,4h,33,61.0,71.8,35.32,0.5499,-0.032446653025431,0.5696774193548387,2026-07-21T20:32:00
Deep NN (tuned),03.04_prediction_nn_CA_4h.ipynb,community_area,4h,34,6.0,7.09,4.33,0.2566,0.0313199105145413,0.6185714285714285,2026-07-21T20:32:00
Deep NN (tuned),03.04_prediction_nn_CA_4h.ipynb,community_area,4h,35,14.0,6.29,4.35,0.8346,0.0460526315789473,0.29,2026-07-21T20:32:00
Deep NN (tuned),03.04_prediction_nn_CA_4h.ipynb,community_area,4h,36,4.0,2.66,1.93,0.6106,0.0981308411214954,0.386,2026-07-21T20:32:00
Deep NN (tuned),03.04_prediction_nn_CA_4h.ipynb,community_area,4h,37,3.0,2.69,2.18,-0.8134,0.1615384615384615,0.545,2026-07-21T20:32:00
Deep NN (tuned),03.04_prediction_nn_CA_4h.ipynb,community_area,4h,38,12.0,5.05,3.51,0.8057,0.0930232558139535,0.2699999999999999,2026-07-21T20:32:00
Deep NN (tuned),03.04_prediction_nn_CA_4h.ipynb,community_area,4h,39,9.0,4.17,3.0,0.8073,0.0881458966565349,0.3,2026-07-21T20:32:00
Deep NN (tuned),03.04_prediction_nn_CA_4h.ipynb,community_area,4h,40,3.0,1.96,1.44,0.5901,0.0709677419354839,0.36,2026-07-21T20:32:00
Deep NN (tuned),03.04_prediction_nn_CA_4h.ipynb,community_area,4h,41,13.0,6.76,4.47,0.8741,-0.0067567567567565,0.3192857142857143,2026-07-21T20:32:00
Deep NN (tuned),03.04_prediction_nn_CA_4h.ipynb,community_area,4h,42,6.0,3.17,2.33,0.6971,0.0450819672131147,0.3328571428571428,2026-07-21T20:32:00
Deep NN (tuned),03.04_prediction_nn_CA_4h.ipynb,community_area,4h,43,15.0,6.99,5.29,0.23,0.0416666666666666,0.330625,2026-07-21T20:32:00
Deep NN (tuned),03.04_prediction_nn_CA_4h.ipynb,community_area,4h,44,13.0,7.52,5.77,-0.228,0.0102915951972556,0.4121428571428571,2026-07-21T20:32:00
Deep NN (tuned),03.04_prediction_nn_CA_4h.ipynb,community_area,4h,45,2.0,1.47,1.06,0.5473,0.1239669421487602,0.3533333333333333,2026-07-21T20:32:00
Deep NN (tuned),03.04_prediction_nn_CA_4h.ipynb,community_area,4h,46,5.0,3.01,2.22,0.1288,0.0749999999999998,0.37,2026-07-21T20:32:00
Deep NN (tuned),03.04_prediction_nn_CA_4h.ipynb,community_area,4h,47,0.0,1.01,0.67,0.4157,0.0945945945945945,0.67,2026-07-21T20:32:00
Deep NN (tuned),03.04_prediction_nn_CA_4h.ipynb,community_area,4h,48,2.0,1.99,1.46,0.2643,0.1151515151515151,0.4866666666666666,2026-07-21T20:32:00
Deep NN (tuned),03.04_prediction_nn_CA_4h.ipynb,community_area,4h,49,7.0,4.12,3.19,0.0951,0.003125,0.39875,2026-07-21T20:32:00
Deep NN (tuned),03.04_prediction_nn_CA_4h.ipynb,community_area,4h,50,3.0,2.34,1.77,0.0173,0.1571428571428571,0.4425,2026-07-21T20:32:00
Deep NN (tuned),03.04_prediction_nn_CA_4h.ipynb,community_area,4h,51,4.0,2.28,1.71,0.2387,0.1971830985915492,0.3419999999999999,2026-07-21T20:32:00
Deep NN (tuned),03.04_prediction_nn_CA_4h.ipynb,community_area,4h,52,1.0,1.41,1.07,-0.5254,0.1705426356589147,0.535,2026-07-21T20:32:00
Deep NN (tuned),03.04_prediction_nn_CA_4h.ipynb,community_area,4h,53,7.0,5.0,3.85,-1.0426,0.096244131455399,0.48125,2026-07-21T20:32:00
Deep NN (tuned),03.04_prediction_nn_CA_4h.ipynb,community_area,4h,54,2.0,1.98,1.51,-0.679,0.1371428571428571,0.5033333333333333,2026-07-21T20:32:00
Deep NN (tuned),03.04_prediction_nn_CA_4h.ipynb,community_area,4h,55,1.0,1.18,0.87,0.0536,0.2162162162162163,0.435,2026-07-21T20:32:00
Deep NN (tuned),03.04_prediction_nn_CA_4h.ipynb,community_area,4h,56,72.0,33.77,26.11,0.1801,0.0987228167069381,0.3576712328767123,2026-07-21T20:32:00
Deep NN (tuned),03.04_prediction_nn_CA_4h.ipynb,community_area,4h,57,0.0,0.75,0.54,0.1802,0.0999999999999998,0.54,2026-07-21T20:32:00
Deep NN (tuned),03.04_prediction_nn_CA_4h.ipynb,community_area,4h,58,1.0,1.06,0.74,0.4206,0.0864197530864198,0.37,2026-07-21T20:32:00
Deep NN (tuned),03.04_prediction_nn_CA_4h.ipynb,community_area,4h,59,1.0,2.13,1.21,0.8261,0.0546875,0.605,2026-07-21T20:32:00
Deep NN (tuned),03.04_prediction_nn_CA_4h.ipynb,community_area,4h,60,1.0,2.32,1.64,0.2391,0.0,0.82,2026-07-21T20:32:00
Deep NN (tuned),03.04_prediction_nn_CA_4h.ipynb,community_area,4h,61,2.0,1.67,1.22,0.4855,0.0393700787401575,0.4066666666666667,2026-07-21T20:32:00
Deep NN (tuned),03.04_prediction_nn_CA_4h.ipynb,community_area,4h,62,1.0,0.73,0.59,0.093,0.0923076923076924,0.295,2026-07-21T20:32:00
Deep NN (tuned),03.04_prediction_nn_CA_4h.ipynb,community_area,4h,63,0.0,0.52,0.37,0.0594,0.159090909090909,0.37,2026-07-21T20:32:00
Deep NN (tuned),03.04_prediction_nn_CA_4h.ipynb,community_area,4h,64,0.0,0.74,0.54,0.0644,0.0999999999999998,0.54,2026-07-21T20:32:00
Deep NN (tuned),03.04_prediction_nn_CA_4h.ipynb,community_area,4h,65,0.0,0.92,0.62,0.4214,0.088235294117647,0.62,2026-07-21T20:32:00
Deep NN (tuned),03.04_prediction_nn_CA_4h.ipynb,community_area,4h,66,2.0,1.56,1.14,0.2697,0.088,0.3799999999999999,2026-07-21T20:32:00
Deep NN (tuned),03.04_prediction_nn_CA_4h.ipynb,community_area,4h,67,2.0,1.73,1.28,0.3131,0.044776119402985,0.4266666666666667,2026-07-21T20:32:00
Deep NN (tuned),03.04_prediction_nn_CA_4h.ipynb,community_area,4h,68,5.0,3.43,2.52,0.184,0.0381679389312977,0.42,2026-07-21T20:32:00
Deep NN (tuned),03.04_prediction_nn_CA_4h.ipynb,community_area,4h,69,10.0,6.41,4.86,-0.1481,0.0101832993890019,0.4418181818181818,2026-07-21T20:32:00
Deep NN (tuned),03.04_prediction_nn_CA_4h.ipynb,community_area,4h,70,2.0,1.45,1.05,0.4673,0.0625,0.35,2026-07-21T20:32:00
Deep NN (tuned),03.04_prediction_nn_CA_4h.ipynb,community_area,4h,71,5.0,2.61,1.97,0.4058,0.0921658986175114,0.3283333333333333,2026-07-21T20:32:00
Deep NN (tuned),03.04_prediction_nn_CA_4h.ipynb,community_area,4h,72,1.0,1.68,1.17,0.1471,0.0714285714285715,0.585,2026-07-21T20:32:00
Deep NN (tuned),03.04_prediction_nn_CA_4h.ipynb,community_area,4h,73,4.0,2.98,2.27,-0.1334,0.0130434782608694,0.454,2026-07-21T20:32:00
Deep NN (tuned),03.04_prediction_nn_CA_4h.ipynb,community_area,4h,74,0.0,0.68,0.53,0.1625,0.1166666666666665,0.53,2026-07-21T20:32:00
Deep NN (tuned),03.04_prediction_nn_CA_4h.ipynb,community_area,4h,75,4.0,3.31,2.53,-0.2725,0.0559701492537314,0.506,2026-07-21T20:32:00
Deep NN (tuned),03.04_prediction_nn_CA_4h.ipynb,community_area,4h,76,553.5,170.8,119.79,0.7673,-0.2269794120659634,0.2160324616771866,2026-07-21T20:32:00
Deep NN (tuned),03.04_prediction_nn_CA_4h.ipynb,community_area,4h,77,27.0,8.52,6.12,0.8629,-0.0049261083743843,0.2185714285714285,2026-07-21T20:32:00
Profile baseline,03.05_prediction_nn_CA_1h.ipynb,community_area,1h,1,3.0,2.13,1.6,0.461,0.0,0.4,2026-07-21T20:56:59
Profile baseline,03.05_prediction_nn_CA_1h.ipynb,community_area,1h,2,4.0,2.7,2.04,0.2087,0.0,0.408,2026-07-21T20:56:59
Profile baseline,03.05_prediction_nn_CA_1h.ipynb,community_area,1h,3,9.0,7.55,4.71,0.6441,0.0,0.471,2026-07-21T20:56:59
Profile baseline,03.05_prediction_nn_CA_1h.ipynb,community_area,1h,4,2.0,1.74,1.25,0.4787,0.0,0.4166666666666667,2026-07-21T20:56:59
Profile baseline,03.05_prediction_nn_CA_1h.ipynb,community_area,1h,5,1.0,1.52,1.07,0.3247,0.0,0.535,2026-07-21T20:56:59
Profile baseline,03.05_prediction_nn_CA_1h.ipynb,community_area,1h,6,19.0,14.79,9.65,0.591,0.0,0.4825,2026-07-21T20:56:59
Profile baseline,03.05_prediction_nn_CA_1h.ipynb,community_area,1h,7,13.0,12.08,7.8,0.4617,0.0,0.5571428571428572,2026-07-21T20:56:59
Profile baseline,03.05_prediction_nn_CA_1h.ipynb,community_area,1h,8,146.0,61.14,43.8,0.7612,0.0,0.2979591836734693,2026-07-21T20:56:59
Profile baseline,03.05_prediction_nn_CA_1h.ipynb,community_area,1h,9,0.0,0.43,0.27,-0.2387,0.0,0.27,2026-07-21T20:56:59
Profile baseline,03.05_prediction_nn_CA_1h.ipynb,community_area,1h,10,1.0,1.26,1.0,-0.1471,0.0,0.5,2026-07-21T20:56:59
Profile baseline,03.05_prediction_nn_CA_1h.ipynb,community_area,1h,11,0.0,0.9,0.71,-0.0806,0.0,0.71,2026-07-21T20:56:59
Profile baseline,03.05_prediction_nn_CA_1h.ipynb,community_area,1h,12,1.0,0.98,0.75,-0.2473,0.0,0.375,2026-07-21T20:56:59
Profile baseline,03.05_prediction_nn_CA_1h.ipynb,community_area,1h,13,0.0,0.93,0.68,-0.0788,0.0,0.68,2026-07-21T20:56:59
Profile baseline,03.05_prediction_nn_CA_1h.ipynb,community_area,1h,14,1.0,1.12,0.85,-0.0963,0.0,0.425,2026-07-21T20:56:59
Profile baseline,03.05_prediction_nn_CA_1h.ipynb,community_area,1h,15,1.0,1.07,0.8,-0.0095,0.0,0.4,2026-07-21T20:56:59
Profile baseline,03.05_prediction_nn_CA_1h.ipynb,community_area,1h,16,2.0,1.64,1.26,-0.0494,0.0,0.42,2026-07-21T20:56:59
Profile baseline,03.05_prediction_nn_CA_1h.ipynb,community_area,1h,17,0.0,0.54,0.34,-0.0419,0.0,0.34,2026-07-21T20:56:59
Profile baseline,03.05_prediction_nn_CA_1h.ipynb,community_area,1h,18,0.0,0.26,0.13,-0.0991,0.0,0.13,2026-07-21T20:56:59
Profile baseline,03.05_prediction_nn_CA_1h.ipynb,community_area,1h,19,0.0,0.68,0.49,0.0302,0.0,0.49,2026-07-21T20:56:59
Profile baseline,03.05_prediction_nn_CA_1h.ipynb,community_area,1h,20,0.0,0.37,0.18,-0.0827,0.0,0.18,2026-07-21T20:56:59
Profile baseline,03.05_prediction_nn_CA_1h.ipynb,community_area,1h,21,1.0,1.12,0.86,0.0696,0.0,0.43,2026-07-21T20:56:59
Profile baseline,03.05_prediction_nn_CA_1h.ipynb,community_area,1h,22,2.0,2.5,1.69,0.3267,0.0,0.5633333333333334,2026-07-21T20:56:59
Profile baseline,03.05_prediction_nn_CA_1h.ipynb,community_area,1h,23,0.0,0.8,0.57,0.1054,0.0,0.57,2026-07-21T20:56:59
Profile baseline,03.05_prediction_nn_CA_1h.ipynb,community_area,1h,24,6.0,7.8,5.11,0.259,0.0,0.7300000000000001,2026-07-21T20:56:59
Profile baseline,03.05_prediction_nn_CA_1h.ipynb,community_area,1h,25,1.0,1.23,0.93,0.0117,0.0,0.465,2026-07-21T20:56:59
Profile baseline,03.05_prediction_nn_CA_1h.ipynb,community_area,1h,26,0.0,0.56,0.4,-0.0055,0.0,0.4,2026-07-21T20:56:59
Profile baseline,03.05_prediction_nn_CA_1h.ipynb,community_area,1h,27,0.0,0.86,0.6,0.1149,0.0,0.6,2026-07-21T20:56:59
Profile baseline,03.05_prediction_nn_CA_1h.ipynb,community_area,1h,28,53.0,30.15,20.85,0.8284,0.0,0.3861111111111111,2026-07-21T20:56:59
Profile baseline,03.05_prediction_nn_CA_1h.ipynb,community_area,1h,29,0.0,0.84,0.59,0.1275,0.0,0.59,2026-07-21T20:56:59
Profile baseline,03.05_prediction_nn_CA_1h.ipynb,community_area,1h,30,0.0,0.64,0.45,0.0048,0.0,0.45,2026-07-21T20:56:59
Profile baseline,03.05_prediction_nn_CA_1h.ipynb,community_area,1h,31,1.0,1.78,1.18,0.0975,0.0,0.59,2026-07-21T20:56:59
Profile baseline,03.05_prediction_nn_CA_1h.ipynb,community_area,1h,32,96.0,33.87,23.15,0.8866,0.0,0.2386597938144329,2026-07-21T20:56:59
Profile baseline,03.05_prediction_nn_CA_1h.ipynb,community_area,1h,33,15.0,17.7,9.68,0.6117,0.0,0.605,2026-07-21T20:56:59
Profile baseline,03.05_prediction_nn_CA_1h.ipynb,community_area,1h,34,1.0,2.36,1.56,0.1676,0.0,0.78,2026-07-21T20:56:59
Profile baseline,03.05_prediction_nn_CA_1h.ipynb,community_area,1h,35,3.0,2.65,1.83,0.6467,0.0,0.4575,2026-07-21T20:56:59
Profile baseline,03.05_prediction_nn_CA_1h.ipynb,community_area,1h,36,1.0,1.25,0.88,0.2512,0.0,0.44,2026-07-21T20:56:59
Profile baseline,03.05_prediction_nn_CA_1h.ipynb,community_area,1h,37,1.0,1.09,0.88,-0.7526,0.0,0.44,2026-07-21T20:56:59
Profile baseline,03.05_prediction_nn_CA_1h.ipynb,community_area,1h,38,3.0,2.16,1.56,0.5871,0.0,0.39,2026-07-21T20:56:59
Profile baseline,03.05_prediction_nn_CA_1h.ipynb,community_area,1h,39,2.0,1.9,1.36,0.5431,0.0,0.4533333333333333,2026-07-21T20:56:59
Profile baseline,03.05_prediction_nn_CA_1h.ipynb,community_area,1h,40,1.0,0.99,0.7,0.1972,0.0,0.35,2026-07-21T20:56:59
Profile baseline,03.05_prediction_nn_CA_1h.ipynb,community_area,1h,41,3.0,2.8,1.85,0.744,0.0,0.4625,2026-07-21T20:56:59
Profile baseline,03.05_prediction_nn_CA_1h.ipynb,community_area,1h,42,1.0,1.46,1.05,0.4103,0.0,0.525,2026-07-21T20:56:59
Profile baseline,03.05_prediction_nn_CA_1h.ipynb,community_area,1h,43,3.0,2.46,1.86,0.105,0.0,0.465,2026-07-21T20:56:59
Profile baseline,03.05_prediction_nn_CA_1h.ipynb,community_area,1h,44,3.0,2.42,1.88,-0.1498,0.0,0.47,2026-07-21T20:56:59
Profile baseline,03.05_prediction_nn_CA_1h.ipynb,community_area,1h,45,0.0,0.83,0.58,0.0847,0.0,0.58,2026-07-21T20:56:59
Profile baseline,03.05_prediction_nn_CA_1h.ipynb,community_area,1h,46,1.0,1.26,0.93,-0.1224,0.0,0.465,2026-07-21T20:56:59
Profile baseline,03.05_prediction_nn_CA_1h.ipynb,community_area,1h,47,0.0,0.54,0.33,-0.006,0.0,0.33,2026-07-21T20:56:59
Profile baseline,03.05_prediction_nn_CA_1h.ipynb,community_area,1h,48,0.0,0.93,0.67,-0.0575,0.0,0.67,2026-07-21T20:56:59
Profile baseline,03.05_prediction_nn_CA_1h.ipynb,community_area,1h,49,2.0,1.56,1.22,-0.0362,0.0,0.4066666666666667,2026-07-21T20:56:59
Profile baseline,03.05_prediction_nn_CA_1h.ipynb,community_area,1h,50,1.0,1.04,0.77,-0.2483,0.0,0.385,2026-07-21T20:56:59
Profile baseline,03.05_prediction_nn_CA_1h.ipynb,community_area,1h,51,1.0,1.06,0.8,-0.1543,0.0,0.4,2026-07-21T20:56:59
Profile baseline,03.05_prediction_nn_CA_1h.ipynb,community_area,1h,52,0.0,0.63,0.46,-0.5698,0.0,0.46,2026-07-21T20:56:59
Profile baseline,03.05_prediction_nn_CA_1h.ipynb,community_area,1h,53,2.0,1.76,1.36,-0.7708,0.0,0.4533333333333333,2026-07-21T20:56:59
Profile baseline,03.05_prediction_nn_CA_1h.ipynb,community_area,1h,54,0.0,0.83,0.62,-0.6257,0.0,0.62,2026-07-21T20:56:59
Profile baseline,03.05_prediction_nn_CA_1h.ipynb,community_area,1h,55,0.0,0.63,0.45,-0.3107,0.0,0.45,2026-07-21T20:56:59
Profile baseline,03.05_prediction_nn_CA_1h.ipynb,community_area,1h,56,17.0,10.64,8.08,-0.0004,0.0,0.4488888888888889,2026-07-21T20:56:59
Profile baseline,03.05_prediction_nn_CA_1h.ipynb,community_area,1h,57,0.0,0.4,0.25,-0.1055,0.0,0.25,2026-07-21T20:56:59
Profile baseline,03.05_prediction_nn_CA_1h.ipynb,community_area,1h,58,0.0,0.56,0.35,-0.0007,0.0,0.35,2026-07-21T20:56:59
Profile baseline,03.05_prediction_nn_CA_1h.ipynb,community_area,1h,59,0.0,0.94,0.55,0.6227,0.0,0.55,2026-07-21T20:56:59
Profile baseline,03.05_prediction_nn_CA_1h.ipynb,community_area,1h,60,0.0,0.97,0.65,0.0754,0.0,0.65,2026-07-21T20:56:59
Profile baseline,03.05_prediction_nn_CA_1h.ipynb,community_area,1h,61,0.0,0.85,0.58,0.1093,0.0,0.58,2026-07-21T20:56:59
Profile baseline,03.05_prediction_nn_CA_1h.ipynb,community_area,1h,62,0.0,0.39,0.26,-0.1539,0.0,0.26,2026-07-21T20:56:59
Profile baseline,03.05_prediction_nn_CA_1h.ipynb,community_area,1h,63,0.0,0.29,0.16,-0.3048,0.0,0.16,2026-07-21T20:56:59
Profile baseline,03.05_prediction_nn_CA_1h.ipynb,community_area,1h,64,0.0,0.39,0.23,-0.1237,0.0,0.23,2026-07-21T20:56:59
Profile baseline,03.05_prediction_nn_CA_1h.ipynb,community_area,1h,65,0.0,0.49,0.3,0.1081,0.0,0.3,2026-07-21T20:56:59
Profile baseline,03.05_prediction_nn_CA_1h.ipynb,community_area,1h,66,0.0,0.77,0.55,-0.0616,0.0,0.55,2026-07-21T20:56:59
Profile baseline,03.05_prediction_nn_CA_1h.ipynb,community_area,1h,67,0.0,0.81,0.58,0.0359,0.0,0.58,2026-07-21T20:56:59
Profile baseline,03.05_prediction_nn_CA_1h.ipynb,community_area,1h,68,1.0,1.37,1.03,0.0281,0.0,0.515,2026-07-21T20:56:59
Profile baseline,03.05_prediction_nn_CA_1h.ipynb,community_area,1h,69,2.0,2.15,1.62,-0.1945,0.0,0.54,2026-07-21T20:56:59
Profile baseline,03.05_prediction_nn_CA_1h.ipynb,community_area,1h,70,0.0,0.72,0.49,0.1221,0.0,0.49,2026-07-21T20:56:59
Profile baseline,03.05_prediction_nn_CA_1h.ipynb,community_area,1h,71,1.0,1.26,0.95,0.0367,0.0,0.475,2026-07-21T20:56:59
Profile baseline,03.05_prediction_nn_CA_1h.ipynb,community_area,1h,72,0.0,0.75,0.49,-0.1097,0.0,0.49,2026-07-21T20:56:59
Profile baseline,03.05_prediction_nn_CA_1h.ipynb,community_area,1h,73,1.0,1.2,0.93,-0.168,0.0,0.465,2026-07-21T20:56:59
Profile baseline,03.05_prediction_nn_CA_1h.ipynb,community_area,1h,74,0.0,0.37,0.23,-0.2283,0.0,0.23,2026-07-21T20:56:59
Profile baseline,03.05_prediction_nn_CA_1h.ipynb,community_area,1h,75,1.0,1.25,0.94,-0.2927,0.0,0.47,2026-07-21T20:56:59
Profile baseline,03.05_prediction_nn_CA_1h.ipynb,community_area,1h,76,131.0,43.37,29.78,0.8003,0.0,0.2256060606060606,2026-07-21T20:56:59
Profile baseline,03.05_prediction_nn_CA_1h.ipynb,community_area,1h,77,6.0,3.5,2.47,0.729,0.0,0.3528571428571428,2026-07-21T20:56:59
Shallow NN,03.05_prediction_nn_CA_1h.ipynb,community_area,1h,1,3.0,2.02,1.46,0.5165,0.0875,0.365,2026-07-21T20:56:59
Shallow NN,03.05_prediction_nn_CA_1h.ipynb,community_area,1h,2,4.0,2.29,1.72,0.4295,0.1568627450980392,0.344,2026-07-21T20:56:59
Shallow NN,03.05_prediction_nn_CA_1h.ipynb,community_area,1h,3,9.0,8.3,5.04,0.5701,-0.0700636942675159,0.504,2026-07-21T20:56:59
Shallow NN,03.05_prediction_nn_CA_1h.ipynb,community_area,1h,4,2.0,1.72,1.2,0.4927,0.04,0.3999999999999999,2026-07-21T20:56:59
Shallow NN,03.05_prediction_nn_CA_1h.ipynb,community_area,1h,5,1.0,1.55,1.05,0.2953,0.0186915887850467,0.525,2026-07-21T20:56:59
Shallow NN,03.05_prediction_nn_CA_1h.ipynb,community_area,1h,6,19.0,16.9,10.72,0.4661,-0.110880829015544,0.536,2026-07-21T20:56:59
Shallow NN,03.05_prediction_nn_CA_1h.ipynb,community_area,1h,7,13.0,13.34,8.52,0.3438,-0.0923076923076922,0.6085714285714285,2026-07-21T20:56:59
Shallow NN,03.05_prediction_nn_CA_1h.ipynb,community_area,1h,8,146.0,64.55,45.75,0.7337,-0.0445205479452055,0.3112244897959184,2026-07-21T20:56:59
Shallow NN,03.05_prediction_nn_CA_1h.ipynb,community_area,1h,9,0.0,0.38,0.23,0.0452,0.1481481481481481,0.23,2026-07-21T20:56:59
Shallow NN,03.05_prediction_nn_CA_1h.ipynb,community_area,1h,10,1.0,1.09,0.84,0.1419,0.16,0.42,2026-07-21T20:56:59
Shallow NN,03.05_prediction_nn_CA_1h.ipynb,community_area,1h,11,0.0,0.83,0.63,0.0819,0.1126760563380281,0.63,2026-07-21T20:56:59
Shallow NN,03.05_prediction_nn_CA_1h.ipynb,community_area,1h,12,1.0,0.81,0.64,0.1319,0.1466666666666666,0.32,2026-07-21T20:56:59
Shallow NN,03.05_prediction_nn_CA_1h.ipynb,community_area,1h,13,0.0,0.81,0.58,0.1834,0.1470588235294119,0.58,2026-07-21T20:56:59
Shallow NN,03.05_prediction_nn_CA_1h.ipynb,community_area,1h,14,1.0,0.97,0.73,0.1814,0.1411764705882353,0.365,2026-07-21T20:56:59
Shallow NN,03.05_prediction_nn_CA_1h.ipynb,community_area,1h,15,1.0,0.97,0.71,0.1773,0.1125,0.355,2026-07-21T20:56:59
Shallow NN,03.05_prediction_nn_CA_1h.ipynb,community_area,1h,16,2.0,1.38,1.05,0.2551,0.1666666666666666,0.35,2026-07-21T20:56:59
Shallow NN,03.05_prediction_nn_CA_1h.ipynb,community_area,1h,17,0.0,0.51,0.3,0.058,0.1176470588235295,0.3,2026-07-21T20:56:59
Shallow NN,03.05_prediction_nn_CA_1h.ipynb,community_area,1h,18,0.0,0.25,0.09,0.0157,0.3076923076923077,0.09,2026-07-21T20:56:59
Shallow NN,03.05_prediction_nn_CA_1h.ipynb,community_area,1h,19,0.0,0.63,0.46,0.1602,0.0612244897959183,0.46,2026-07-21T20:56:59
Shallow NN,03.05_prediction_nn_CA_1h.ipynb,community_area,1h,20,0.0,0.37,0.16,-0.0346,0.111111111111111,0.16,2026-07-21T20:56:59
Shallow NN,03.05_prediction_nn_CA_1h.ipynb,community_area,1h,21,1.0,1.06,0.78,0.1673,0.0930232558139534,0.39,2026-07-21T20:56:59
Shallow NN,03.05_prediction_nn_CA_1h.ipynb,community_area,1h,22,2.0,2.66,1.69,0.2396,0.0,0.5633333333333334,2026-07-21T20:56:59
Shallow NN,03.05_prediction_nn_CA_1h.ipynb,community_area,1h,23,0.0,0.8,0.55,0.1073,0.0350877192982455,0.55,2026-07-21T20:56:59
Shallow NN,03.05_prediction_nn_CA_1h.ipynb,community_area,1h,24,6.0,8.67,5.56,0.0856,-0.0880626223091975,0.7942857142857143,2026-07-21T20:56:59
Shallow NN,03.05_prediction_nn_CA_1h.ipynb,community_area,1h,25,1.0,1.07,0.81,0.2542,0.1290322580645161,0.405,2026-07-21T20:56:59
Shallow NN,03.05_prediction_nn_CA_1h.ipynb,community_area,1h,26,0.0,0.55,0.37,0.0563,0.075,0.37,2026-07-21T20:56:59
Shallow NN,03.05_prediction_nn_CA_1h.ipynb,community_area,1h,27,0.0,0.84,0.57,0.1478,0.05,0.57,2026-07-21T20:56:59
Shallow NN,03.05_prediction_nn_CA_1h.ipynb,community_area,1h,28,53.0,37.61,24.91,0.7331,-0.1947242206235011,0.4612962962962963,2026-07-21T20:56:59
Shallow NN,03.05_prediction_nn_CA_1h.ipynb,community_area,1h,29,0.0,0.87,0.58,0.0701,0.0169491525423729,0.58,2026-07-21T20:56:59
Shallow NN,03.05_prediction_nn_CA_1h.ipynb,community_area,1h,30,0.0,0.62,0.42,0.0803,0.0666666666666667,0.42,2026-07-21T20:56:59
Shallow NN,03.05_prediction_nn_CA_1h.ipynb,community_area,1h,31,1.0,1.92,1.25,-0.0527,-0.0593220338983051,0.625,2026-07-21T20:56:59
Shallow NN,03.05_prediction_nn_CA_1h.ipynb,community_area,1h,32,96.0,40.41,27.1,0.8385,-0.1706263498920088,0.2793814432989691,2026-07-21T20:56:59
Shallow NN,03.05_prediction_nn_CA_1h.ipynb,community_area,1h,33,15.0,21.44,10.79,0.4299,-0.1146694214876031,0.674375,2026-07-21T20:56:59
Shallow NN,03.05_prediction_nn_CA_1h.ipynb,community_area,1h,34,1.0,2.48,1.57,0.078,-0.0064102564102563,0.785,2026-07-21T20:56:59
Shallow NN,03.05_prediction_nn_CA_1h.ipynb,community_area,1h,35,3.0,2.68,1.82,0.6381,0.0054644808743169,0.455,2026-07-21T20:56:59
Shallow NN,03.05_prediction_nn_CA_1h.ipynb,community_area,1h,36,1.0,1.08,0.75,0.4396,0.1477272727272727,0.375,2026-07-21T20:56:59
Shallow NN,03.05_prediction_nn_CA_1h.ipynb,community_area,1h,37,1.0,0.82,0.68,0.0067,0.2272727272727271,0.34,2026-07-21T20:56:59
Shallow NN,03.05_prediction_nn_CA_1h.ipynb,community_area,1h,38,3.0,1.91,1.36,0.6762,0.1282051282051282,0.34,2026-07-21T20:56:59
Shallow NN,03.05_prediction_nn_CA_1h.ipynb,community_area,1h,39,2.0,1.73,1.21,0.6185,0.1102941176470588,0.4033333333333333,2026-07-21T20:56:59
Shallow NN,03.05_prediction_nn_CA_1h.ipynb,community_area,1h,40,1.0,0.91,0.64,0.3215,0.0857142857142856,0.32,2026-07-21T20:56:59
Shallow NN,03.05_prediction_nn_CA_1h.ipynb,community_area,1h,41,3.0,2.81,1.8,0.7429,0.027027027027027,0.45,2026-07-21T20:56:59
Shallow NN,03.05_prediction_nn_CA_1h.ipynb,community_area,1h,42,1.0,1.37,0.96,0.4793,0.0857142857142857,0.48,2026-07-21T20:56:59
Shallow NN,03.05_prediction_nn_CA_1h.ipynb,community_area,1h,43,3.0,2.1,1.6,0.3463,0.1397849462365591,0.4,2026-07-21T20:56:59
Shallow NN,03.05_prediction_nn_CA_1h.ipynb,community_area,1h,44,3.0,1.92,1.49,0.2758,0.2074468085106382,0.3725,2026-07-21T20:56:59
Shallow NN,03.05_prediction_nn_CA_1h.ipynb,community_area,1h,45,0.0,0.78,0.51,0.1992,0.1206896551724137,0.51,2026-07-21T20:56:59
Shallow NN,03.05_prediction_nn_CA_1h.ipynb,community_area,1h,46,1.0,1.03,0.77,0.2478,0.1720430107526882,0.385,2026-07-21T20:56:59
Shallow NN,03.05_prediction_nn_CA_1h.ipynb,community_area,1h,47,0.0,0.5,0.28,0.1196,0.1515151515151515,0.28,2026-07-21T20:56:59
Shallow NN,03.05_prediction_nn_CA_1h.ipynb,community_area,1h,48,0.0,0.81,0.59,0.1966,0.1194029850746269,0.59,2026-07-21T20:56:59
Shallow NN,03.05_prediction_nn_CA_1h.ipynb,community_area,1h,49,2.0,1.28,0.99,0.304,0.1885245901639344,0.33,2026-07-21T20:56:59
Shallow NN,03.05_prediction_nn_CA_1h.ipynb,community_area,1h,50,1.0,0.86,0.64,0.1485,0.1688311688311689,0.32,2026-07-21T20:56:59
Shallow NN,03.05_prediction_nn_CA_1h.ipynb,community_area,1h,51,1.0,0.88,0.66,0.1963,0.175,0.33,2026-07-21T20:56:59
Shallow NN,03.05_prediction_nn_CA_1h.ipynb,community_area,1h,52,0.0,0.5,0.37,0.0126,0.1956521739130435,0.37,2026-07-21T20:56:59
Shallow NN,03.05_prediction_nn_CA_1h.ipynb,community_area,1h,53,2.0,1.3,1.01,0.039,0.2573529411764707,0.3366666666666666,2026-07-21T20:56:59
Shallow NN,03.05_prediction_nn_CA_1h.ipynb,community_area,1h,54,0.0,0.64,0.48,0.0393,0.2258064516129032,0.48,2026-07-21T20:56:59
Shallow NN,03.05_prediction_nn_CA_1h.ipynb,community_area,1h,55,0.0,0.53,0.4,0.0511,0.111111111111111,0.4,2026-07-21T20:56:59
Shallow NN,03.05_prediction_nn_CA_1h.ipynb,community_area,1h,56,17.0,7.95,6.02,0.4411,0.2549504950495049,0.3344444444444444,2026-07-21T20:56:59
Shallow NN,03.05_prediction_nn_CA_1h.ipynb,community_area,1h,57,0.0,0.38,0.2,0.0291,0.1999999999999999,0.2,2026-07-21T20:56:59
Shallow NN,03.05_prediction_nn_CA_1h.ipynb,community_area,1h,58,0.0,0.52,0.32,0.1402,0.0857142857142856,0.32,2026-07-21T20:56:59
Shallow NN,03.05_prediction_nn_CA_1h.ipynb,community_area,1h,59,0.0,1.03,0.56,0.5424,-0.0181818181818183,0.56,2026-07-21T20:56:59
Shallow NN,03.05_prediction_nn_CA_1h.ipynb,community_area,1h,60,0.0,1.01,0.66,0.0158,-0.0153846153846153,0.66,2026-07-21T20:56:59
Shallow NN,03.05_prediction_nn_CA_1h.ipynb,community_area,1h,61,0.0,0.8,0.52,0.2096,0.1034482758620688,0.52,2026-07-21T20:56:59
Shallow NN,03.05_prediction_nn_CA_1h.ipynb,community_area,1h,62,0.0,0.36,0.22,0.0347,0.1538461538461538,0.22,2026-07-21T20:56:59
Shallow NN,03.05_prediction_nn_CA_1h.ipynb,community_area,1h,63,0.0,0.26,0.13,-0.006,0.1875,0.13,2026-07-21T20:56:59
Shallow NN,03.05_prediction_nn_CA_1h.ipynb,community_area,1h,64,0.0,0.36,0.2,0.0193,0.1304347826086956,0.2,2026-07-21T20:56:59
Shallow NN,03.05_prediction_nn_CA_1h.ipynb,community_area,1h,65,0.0,0.47,0.29,0.1604,0.0333333333333333,0.29,2026-07-21T20:56:59
Shallow NN,03.05_prediction_nn_CA_1h.ipynb,community_area,1h,66,0.0,0.66,0.47,0.2059,0.1454545454545456,0.47,2026-07-21T20:56:59
Shallow NN,03.05_prediction_nn_CA_1h.ipynb,community_area,1h,67,0.0,0.75,0.5,0.1822,0.1379310344827585,0.5,2026-07-21T20:56:59
Shallow NN,03.05_prediction_nn_CA_1h.ipynb,community_area,1h,68,1.0,1.14,0.85,0.3327,0.1747572815533981,0.425,2026-07-21T20:56:59
Shallow NN,03.05_prediction_nn_CA_1h.ipynb,community_area,1h,69,2.0,1.66,1.27,0.2841,0.2160493827160494,0.4233333333333333,2026-07-21T20:56:59
Shallow NN,03.05_prediction_nn_CA_1h.ipynb,community_area,1h,70,0.0,0.68,0.45,0.2159,0.0816326530612244,0.45,2026-07-21T20:56:59
Shallow NN,03.05_prediction_nn_CA_1h.ipynb,community_area,1h,71,1.0,1.11,0.83,0.2557,0.1263157894736841,0.415,2026-07-21T20:56:59
Shallow NN,03.05_prediction_nn_CA_1h.ipynb,community_area,1h,72,0.0,0.63,0.42,0.2202,0.1428571428571429,0.42,2026-07-21T20:56:59
Shallow NN,03.05_prediction_nn_CA_1h.ipynb,community_area,1h,73,1.0,1.01,0.77,0.168,0.1720430107526882,0.385,2026-07-21T20:56:59
Shallow NN,03.05_prediction_nn_CA_1h.ipynb,community_area,1h,74,0.0,0.33,0.18,0.0304,0.2173913043478261,0.18,2026-07-21T20:56:59
Shallow NN,03.05_prediction_nn_CA_1h.ipynb,community_area,1h,75,1.0,1.0,0.77,0.1737,0.1808510638297872,0.385,2026-07-21T20:56:59
Shallow NN,03.05_prediction_nn_CA_1h.ipynb,community_area,1h,76,131.0,43.09,29.62,0.8028,0.005372733378106,0.2243939393939394,2026-07-21T20:56:59
Shallow NN,03.05_prediction_nn_CA_1h.ipynb,community_area,1h,77,6.0,3.4,2.33,0.7449,0.0566801619433199,0.3328571428571428,2026-07-21T20:56:59
Deep NN (tuned),03.05_prediction_nn_CA_1h.ipynb,community_area,1h,1,3.0,1.99,1.45,0.5338,0.0937500000000001,0.3625,2026-07-21T20:56:59
Deep NN (tuned),03.05_prediction_nn_CA_1h.ipynb,community_area,1h,2,4.0,2.49,1.89,0.3266,0.0735294117647059,0.378,2026-07-21T20:56:59
Deep NN (tuned),03.05_prediction_nn_CA_1h.ipynb,community_area,1h,3,9.0,7.83,4.77,0.6178,-0.0127388535031847,0.477,2026-07-21T20:56:59
Deep NN (tuned),03.05_prediction_nn_CA_1h.ipynb,community_area,1h,4,2.0,1.71,1.2,0.4956,0.04,0.3999999999999999,2026-07-21T20:56:59
Deep NN (tuned),03.05_prediction_nn_CA_1h.ipynb,community_area,1h,5,1.0,1.52,1.04,0.3242,0.02803738317757,0.52,2026-07-21T20:56:59
Deep NN (tuned),03.05_prediction_nn_CA_1h.ipynb,community_area,1h,6,19.0,13.87,8.64,0.6404,0.1046632124352331,0.432,2026-07-21T20:56:59
Deep NN (tuned),03.05_prediction_nn_CA_1h.ipynb,community_area,1h,7,13.0,12.23,7.74,0.4486,0.0076923076923076,0.5528571428571428,2026-07-21T20:56:59
Deep NN (tuned),03.05_prediction_nn_CA_1h.ipynb,community_area,1h,8,146.0,49.3,33.77,0.8447,0.2289954337899542,0.2297278911564626,2026-07-21T20:56:59
Deep NN (tuned),03.05_prediction_nn_CA_1h.ipynb,community_area,1h,9,0.0,0.37,0.23,0.0737,0.1481481481481481,0.23,2026-07-21T20:56:59
Deep NN (tuned),03.05_prediction_nn_CA_1h.ipynb,community_area,1h,10,1.0,1.12,0.88,0.0912,0.12,0.44,2026-07-21T20:56:59
Deep NN (tuned),03.05_prediction_nn_CA_1h.ipynb,community_area,1h,11,0.0,0.84,0.64,0.0763,0.0985915492957746,0.64,2026-07-21T20:56:59
Deep NN (tuned),03.05_prediction_nn_CA_1h.ipynb,community_area,1h,12,1.0,0.85,0.67,0.046,0.1066666666666665,0.335,2026-07-21T20:56:59
Deep NN (tuned),03.05_prediction_nn_CA_1h.ipynb,community_area,1h,13,0.0,0.82,0.6,0.1678,0.1176470588235295,0.6,2026-07-21T20:56:59
Deep NN (tuned),03.05_prediction_nn_CA_1h.ipynb,community_area,1h,14,1.0,1.0,0.77,0.1295,0.0941176470588235,0.385,2026-07-21T20:56:59
Deep NN (tuned),03.05_prediction_nn_CA_1h.ipynb,community_area,1h,15,1.0,0.97,0.71,0.183,0.1125,0.355,2026-07-21T20:56:59
Deep NN (tuned),03.05_prediction_nn_CA_1h.ipynb,community_area,1h,16,2.0,1.48,1.14,0.1487,0.0952380952380953,0.3799999999999999,2026-07-21T20:56:59
Deep NN (tuned),03.05_prediction_nn_CA_1h.ipynb,community_area,1h,17,0.0,0.51,0.32,0.0625,0.0588235294117647,0.32,2026-07-21T20:56:59
Deep NN (tuned),03.05_prediction_nn_CA_1h.ipynb,community_area,1h,18,0.0,0.25,0.12,0.0376,0.0769230769230769,0.12,2026-07-21T20:56:59
Deep NN (tuned),03.05_prediction_nn_CA_1h.ipynb,community_area,1h,19,0.0,0.63,0.45,0.1562,0.0816326530612244,0.45,2026-07-21T20:56:59
Deep NN (tuned),03.05_prediction_nn_CA_1h.ipynb,community_area,1h,20,0.0,0.36,0.17,-0.0293,0.0555555555555554,0.17,2026-07-21T20:56:59
Deep NN (tuned),03.05_prediction_nn_CA_1h.ipynb,community_area,1h,21,1.0,1.07,0.79,0.1566,0.0813953488372092,0.395,2026-07-21T20:56:59
Deep NN (tuned),03.05_prediction_nn_CA_1h.ipynb,community_area,1h,22,2.0,2.51,1.66,0.3182,0.0177514792899408,0.5533333333333333,2026-07-21T20:56:59
Deep NN (tuned),03.05_prediction_nn_CA_1h.ipynb,community_area,1h,23,0.0,0.79,0.55,0.1312,0.0350877192982455,0.55,2026-07-21T20:56:59
Deep NN (tuned),03.05_prediction_nn_CA_1h.ipynb,community_area,1h,24,6.0,8.01,5.13,0.2183,-0.0039138943248531,0.7328571428571429,2026-07-21T20:56:59
Deep NN (tuned),03.05_prediction_nn_CA_1h.ipynb,community_area,1h,25,1.0,1.08,0.82,0.242,0.1182795698924732,0.41,2026-07-21T20:56:59
Deep NN (tuned),03.05_prediction_nn_CA_1h.ipynb,community_area,1h,26,0.0,0.54,0.38,0.0857,0.05,0.38,2026-07-21T20:56:59
Deep NN (tuned),03.05_prediction_nn_CA_1h.ipynb,community_area,1h,27,0.0,0.83,0.57,0.1667,0.05,0.57,2026-07-21T20:56:59
Deep NN (tuned),03.05_prediction_nn_CA_1h.ipynb,community_area,1h,28,53.0,30.05,20.1,0.8296,0.0359712230215827,0.3722222222222222,2026-07-21T20:56:59
Deep NN (tuned),03.05_prediction_nn_CA_1h.ipynb,community_area,1h,29,0.0,0.8,0.57,0.2118,0.0338983050847457,0.57,2026-07-21T20:56:59
Deep NN (tuned),03.05_prediction_nn_CA_1h.ipynb,community_area,1h,30,0.0,0.62,0.43,0.0666,0.0444444444444445,0.43,2026-07-21T20:56:59
Deep NN (tuned),03.05_prediction_nn_CA_1h.ipynb,community_area,1h,31,1.0,1.91,1.25,-0.0447,-0.0593220338983051,0.625,2026-07-21T20:56:59
Deep NN (tuned),03.05_prediction_nn_CA_1h.ipynb,community_area,1h,32,96.0,34.3,22.5,0.8837,0.0280777537796975,0.2319587628865979,2026-07-21T20:56:59
Deep NN (tuned),03.05_prediction_nn_CA_1h.ipynb,community_area,1h,33,15.0,20.31,10.08,0.4884,-0.0413223140495868,0.63,2026-07-21T20:56:59
Deep NN (tuned),03.05_prediction_nn_CA_1h.ipynb,community_area,1h,34,1.0,2.31,1.5,0.2004,0.0384615384615385,0.75,2026-07-21T20:56:59
Deep NN (tuned),03.05_prediction_nn_CA_1h.ipynb,community_area,1h,35,3.0,2.51,1.73,0.6831,0.0546448087431694,0.4325,2026-07-21T20:56:59
Deep NN (tuned),03.05_prediction_nn_CA_1h.ipynb,community_area,1h,36,1.0,1.09,0.77,0.4268,0.125,0.385,2026-07-21T20:56:59
Deep NN (tuned),03.05_prediction_nn_CA_1h.ipynb,community_area,1h,37,1.0,0.87,0.71,-0.1056,0.1931818181818182,0.355,2026-07-21T20:56:59
Deep NN (tuned),03.05_prediction_nn_CA_1h.ipynb,community_area,1h,38,3.0,1.97,1.4,0.6575,0.1025641025641026,0.35,2026-07-21T20:56:59
Deep NN (tuned),03.05_prediction_nn_CA_1h.ipynb,community_area,1h,39,2.0,1.72,1.21,0.6226,0.1102941176470588,0.4033333333333333,2026-07-21T20:56:59
Deep NN (tuned),03.05_prediction_nn_CA_1h.ipynb,community_area,1h,40,1.0,0.92,0.64,0.3092,0.0857142857142856,0.32,2026-07-21T20:56:59
Deep NN (tuned),03.05_prediction_nn_CA_1h.ipynb,community_area,1h,41,3.0,2.87,1.81,0.7311,0.0216216216216216,0.4525,2026-07-21T20:56:59
Deep NN (tuned),03.05_prediction_nn_CA_1h.ipynb,community_area,1h,42,1.0,1.38,0.99,0.4702,0.0571428571428571,0.495,2026-07-21T20:56:59
Deep NN (tuned),03.05_prediction_nn_CA_1h.ipynb,community_area,1h,43,3.0,2.34,1.77,0.1881,0.0483870967741936,0.4425,2026-07-21T20:56:59
Deep NN (tuned),03.05_prediction_nn_CA_1h.ipynb,community_area,1h,44,3.0,2.29,1.78,-0.0297,0.053191489361702,0.445,2026-07-21T20:56:59
Deep NN (tuned),03.05_prediction_nn_CA_1h.ipynb,community_area,1h,45,0.0,0.76,0.52,0.241,0.1034482758620688,0.52,2026-07-21T20:56:59
Deep NN (tuned),03.05_prediction_nn_CA_1h.ipynb,community_area,1h,46,1.0,1.09,0.81,0.1651,0.1290322580645161,0.405,2026-07-21T20:56:59
Deep NN (tuned),03.05_prediction_nn_CA_1h.ipynb,community_area,1h,47,0.0,0.49,0.3,0.1431,0.0909090909090909,0.3,2026-07-21T20:56:59
Deep NN (tuned),03.05_prediction_nn_CA_1h.ipynb,community_area,1h,48,0.0,0.85,0.61,0.1318,0.0895522388059701,0.61,2026-07-21T20:56:59
Deep NN (tuned),03.05_prediction_nn_CA_1h.ipynb,community_area,1h,49,2.0,1.46,1.14,0.0913,0.0655737704918033,0.3799999999999999,2026-07-21T20:56:59
Deep NN (tuned),03.05_prediction_nn_CA_1h.ipynb,community_area,1h,50,1.0,0.88,0.66,0.1091,0.1428571428571428,0.33,2026-07-21T20:56:59
Deep NN (tuned),03.05_prediction_nn_CA_1h.ipynb,community_area,1h,51,1.0,0.91,0.69,0.1422,0.1375,0.345,2026-07-21T20:56:59
Deep NN (tuned),03.05_prediction_nn_CA_1h.ipynb,community_area,1h,52,0.0,0.52,0.4,-0.0663,0.1304347826086956,0.4,2026-07-21T20:56:59
Deep NN (tuned),03.05_prediction_nn_CA_1h.ipynb,community_area,1h,53,2.0,1.55,1.21,-0.3764,0.1102941176470588,0.4033333333333333,2026-07-21T20:56:59
Deep NN (tuned),03.05_prediction_nn_CA_1h.ipynb,community_area,1h,54,0.0,0.69,0.53,-0.135,0.1451612903225806,0.53,2026-07-21T20:56:59
Deep NN (tuned),03.05_prediction_nn_CA_1h.ipynb,community_area,1h,55,0.0,0.55,0.41,-0.0086,0.088888888888889,0.41,2026-07-21T20:56:59
Deep NN (tuned),03.05_prediction_nn_CA_1h.ipynb,community_area,1h,56,17.0,8.32,6.25,0.3885,0.2264851485148514,0.3472222222222222,2026-07-21T20:56:59
Deep NN (tuned),03.05_prediction_nn_CA_1h.ipynb,community_area,1h,57,0.0,0.38,0.21,0.0402,0.16,0.21,2026-07-21T20:56:59
Deep NN (tuned),03.05_prediction_nn_CA_1h.ipynb,community_area,1h,58,0.0,0.52,0.34,0.1353,0.0285714285714284,0.34,2026-07-21T20:56:59
Deep NN (tuned),03.05_prediction_nn_CA_1h.ipynb,community_area,1h,59,0.0,1.0,0.55,0.5708,0.0,0.55,2026-07-21T20:56:59
Deep NN (tuned),03.05_prediction_nn_CA_1h.ipynb,community_area,1h,60,0.0,1.0,0.65,0.0287,0.0,0.65,2026-07-21T20:56:59
Deep NN (tuned),03.05_prediction_nn_CA_1h.ipynb,community_area,1h,61,0.0,0.8,0.52,0.2046,0.1034482758620688,0.52,2026-07-21T20:56:59
Deep NN (tuned),03.05_prediction_nn_CA_1h.ipynb,community_area,1h,62,0.0,0.36,0.22,0.0497,0.1538461538461538,0.22,2026-07-21T20:56:59
Deep NN (tuned),03.05_prediction_nn_CA_1h.ipynb,community_area,1h,63,0.0,0.25,0.12,0.0262,0.25,0.12,2026-07-21T20:56:59
Deep NN (tuned),03.05_prediction_nn_CA_1h.ipynb,community_area,1h,64,0.0,0.36,0.2,0.0198,0.1304347826086956,0.2,2026-07-21T20:56:59
Deep NN (tuned),03.05_prediction_nn_CA_1h.ipynb,community_area,1h,65,0.0,0.47,0.28,0.1662,0.0666666666666665,0.28,2026-07-21T20:56:59
Deep NN (tuned),03.05_prediction_nn_CA_1h.ipynb,community_area,1h,66,0.0,0.66,0.47,0.2036,0.1454545454545456,0.47,2026-07-21T20:56:59
Deep NN (tuned),03.05_prediction_nn_CA_1h.ipynb,community_area,1h,67,0.0,0.74,0.51,0.1944,0.1206896551724137,0.51,2026-07-21T20:56:59
Deep NN (tuned),03.05_prediction_nn_CA_1h.ipynb,community_area,1h,68,1.0,1.24,0.92,0.2066,0.1067961165048543,0.46,2026-07-21T20:56:59
Deep NN (tuned),03.05_prediction_nn_CA_1h.ipynb,community_area,1h,69,2.0,1.95,1.47,0.0141,0.0925925925925926,0.49,2026-07-21T20:56:59
Deep NN (tuned),03.05_prediction_nn_CA_1h.ipynb,community_area,1h,70,0.0,0.67,0.45,0.2462,0.0816326530612244,0.45,2026-07-21T20:56:59
Deep NN (tuned),03.05_prediction_nn_CA_1h.ipynb,community_area,1h,71,1.0,1.13,0.85,0.2245,0.1052631578947368,0.425,2026-07-21T20:56:59
Deep NN (tuned),03.05_prediction_nn_CA_1h.ipynb,community_area,1h,72,0.0,0.63,0.42,0.209,0.1428571428571429,0.42,2026-07-21T20:56:59
Deep NN (tuned),03.05_prediction_nn_CA_1h.ipynb,community_area,1h,73,1.0,1.05,0.8,0.1147,0.1397849462365591,0.4,2026-07-21T20:56:59
Deep NN (tuned),03.05_prediction_nn_CA_1h.ipynb,community_area,1h,74,0.0,0.33,0.21,0.0119,0.0869565217391304,0.21,2026-07-21T20:56:59
Deep NN (tuned),03.05_prediction_nn_CA_1h.ipynb,community_area,1h,75,1.0,1.06,0.81,0.061,0.1382978723404254,0.405,2026-07-21T20:56:59
Deep NN (tuned),03.05_prediction_nn_CA_1h.ipynb,community_area,1h,76,131.0,45.78,32.66,0.7774,-0.0967092008059098,0.2474242424242424,2026-07-21T20:56:59
Deep NN (tuned),03.05_prediction_nn_CA_1h.ipynb,community_area,1h,77,6.0,3.44,2.36,0.7389,0.0445344129554656,0.3371428571428571,2026-07-21T20:56:59
Profile baseline (tract),03.06_prediction_nn_tract.ipynb,census_tract,4h,17031031000,0.0,1.05,0.13,-0.0246,0.0,,2026-07-24T12:28:04
Profile baseline (tract),03.06_prediction_nn_tract.ipynb,census_tract,4h,17031031100,0.0,6.12,1.57,0.0141,0.0,,2026-07-24T12:28:04
Profile baseline (tract),03.06_prediction_nn_tract.ipynb,census_tract,4h,17031031200,0.0,12.17,5.09,0.0586,0.0,,2026-07-24T12:28:04
Profile baseline (tract),03.06_prediction_nn_tract.ipynb,census_tract,4h,17031031300,0.0,18.79,9.04,0.2086,0.0,,2026-07-24T12:28:04
Profile baseline (tract),03.06_prediction_nn_tract.ipynb,census_tract,4h,17031031400,0.0,33.34,17.15,0.5009,0.0,,2026-07-24T12:28:04
Profile baseline (tract),03.06_prediction_nn_tract.ipynb,census_tract,4h,17031031500,0.0,14.21,5.03,0.1251,0.0,,2026-07-24T12:28:04
Profile baseline (tract),03.06_prediction_nn_tract.ipynb,census_tract,4h,17031031600,0.0,0.0,0.0,1.0,0.0,,2026-07-24T12:28:04
Profile baseline (tract),03.06_prediction_nn_tract.ipynb,census_tract,4h,17031031700,0.0,8.91,2.48,-0.0027,0.0,,2026-07-24T12:28:04
Profile baseline (tract),03.06_prediction_nn_tract.ipynb,census_tract,4h,17031031800,0.0,0.0,0.0,1.0,0.0,,2026-07-24T12:28:04
Profile baseline (tract),03.06_prediction_nn_tract.ipynb,census_tract,4h,17031031900,0.0,1.91,0.14,-0.0064,0.0,,2026-07-24T12:28:04
Profile baseline (tract),03.06_prediction_nn_tract.ipynb,census_tract,4h,17031032000,0.0,19.16,9.62,0.0909,0.0,,2026-07-24T12:28:04
Profile baseline (tract),03.06_prediction_nn_tract.ipynb,census_tract,4h,17031032100,0.0,23.25,11.4,0.2862,0.0,,2026-07-24T12:28:04
Profile baseline (tract),03.06_prediction_nn_tract.ipynb,census_tract,4h,17031060100,0.0,1.49,0.13,-0.0035,0.0,,2026-07-24T12:28:04
Profile baseline (tract),03.06_prediction_nn_tract.ipynb,census_tract,4h,17031060200,0.0,0.4,0.03,-0.0263,0.0,,2026-07-24T12:28:04
Profile baseline (tract),03.06_prediction_nn_tract.ipynb,census_tract,4h,17031060300,0.0,0.09,0.03,0.0,0.0,,2026-07-24T12:28:04
Profile baseline (tract),03.06_prediction_nn_tract.ipynb,census_tract,4h,17031060400,0.0,3.29,0.49,0.0118,0.0,,2026-07-24T12:28:04
Profile baseline (tract),03.06_prediction_nn_tract.ipynb,census_tract,4h,17031060500,0.0,1.44,0.15,-0.0135,0.0,,2026-07-24T12:28:04
Profile baseline (tract),03.06_prediction_nn_tract.ipynb,census_tract,4h,17031060600,0.0,0.0,0.0,1.0,0.0,,2026-07-24T12:28:04
Profile baseline (tract),03.06_prediction_nn_tract.ipynb,census_tract,4h,17031060700,0.0,7.57,2.38,0.0508,0.0,,2026-07-24T12:28:04
Profile baseline (tract),03.06_prediction_nn_tract.ipynb,census_tract,4h,17031060800,0.0,18.66,9.12,0.2536,0.0,,2026-07-24T12:28:04
Profile baseline (tract),03.06_prediction_nn_tract.ipynb,census_tract,4h,17031060900,0.0,31.02,17.56,0.5033,0.0,,2026-07-24T12:28:04
Profile baseline (tract),03.06_prediction_nn_tract.ipynb,census_tract,4h,17031061000,0.0,9.66,3.94,-0.0433,0.0,,2026-07-24T12:28:04
Profile baseline (tract),03.06_prediction_nn_tract.ipynb,census_tract,4h,17031061100,0.0,13.29,4.55,0.048,0.0,,2026-07-24T12:28:04
Profile baseline (tract),03.06_prediction_nn_tract.ipynb,census_tract,4h,17031061200,0.0,2.8,0.48,-0.0019,0.0,,2026-07-24T12:28:04
Profile baseline (tract),03.06_prediction_nn_tract.ipynb,census_tract,4h,17031061300,0.0,0.0,0.0,1.0,0.0,,2026-07-24T12:28:04
Profile baseline (tract),03.06_prediction_nn_tract.ipynb,census_tract,4h,17031061400,0.0,2.71,0.39,-0.0018,0.0,,2026-07-24T12:28:04
Profile baseline (tract),03.06_prediction_nn_tract.ipynb,census_tract,4h,17031061500,0.0,1.25,0.15,0.0085,0.0,,2026-07-24T12:28:04
Profile baseline (tract),03.06_prediction_nn_tract.ipynb,census_tract,4h,17031061600,0.0,0.0,0.0,1.0,0.0,,2026-07-24T12:28:04
Profile baseline (tract),03.06_prediction_nn_tract.ipynb,census_tract,4h,17031061700,0.0,18.51,7.48,0.0221,0.0,,2026-07-24T12:28:04
Profile baseline (tract),03.06_prediction_nn_tract.ipynb,census_tract,4h,17031061800,0.0,6.03,1.14,0.0248,0.0,,2026-07-24T12:28:04
Profile baseline (tract),03.06_prediction_nn_tract.ipynb,census_tract,4h,17031062000,0.0,8.89,3.28,0.0759,0.0,,2026-07-24T12:28:04
Profile baseline (tract),03.06_prediction_nn_tract.ipynb,census_tract,4h,17031062100,0.0,17.54,6.24,0.0822,0.0,,2026-07-24T12:28:04
Profile baseline (tract),03.06_prediction_nn_tract.ipynb,census_tract,4h,17031062200,0.0,6.78,1.68,-0.0031,0.0,,2026-07-24T12:28:04
Profile baseline (tract),03.06_prediction_nn_tract.ipynb,census_tract,4h,17031062300,0.0,0.89,0.07,-0.0132,0.0,,2026-07-24T12:28:04
Profile baseline (tract),03.06_prediction_nn_tract.ipynb,census_tract,4h,17031062400,0.0,0.41,0.05,-0.0735,0.0,,2026-07-24T12:28:04
Profile baseline (tract),03.06_prediction_nn_tract.ipynb,census_tract,4h,17031062500,0.0,0.8,0.03,-0.0057,0.0,,2026-07-24T12:28:04
Profile baseline (tract),03.06_prediction_nn_tract.ipynb,census_tract,4h,17031062600,0.0,0.39,0.03,0.0191,0.0,,2026-07-24T12:28:04
Profile baseline (tract),03.06_prediction_nn_tract.ipynb,census_tract,4h,17031062700,0.0,1.65,0.19,-0.021,0.0,,2026-07-24T12:28:04
Profile baseline (tract),03.06_prediction_nn_tract.ipynb,census_tract,4h,17031062800,0.0,2.85,0.52,0.0111,0.0,,2026-07-24T12:28:04
Profile baseline (tract),03.06_prediction_nn_tract.ipynb,census_tract,4h,17031062900,0.0,3.27,0.72,0.0336,0.0,,2026-07-24T12:28:04
Profile baseline (tract),03.06_prediction_nn_tract.ipynb,census_tract,4h,17031063000,0.0,9.82,4.84,0.1447,0.0,,2026-07-24T12:28:04
Profile baseline (tract),03.06_prediction_nn_tract.ipynb,census_tract,4h,17031063100,0.0,5.82,1.81,0.0259,0.0,,2026-07-24T12:28:04
Profile baseline (tract),03.06_prediction_nn_tract.ipynb,census_tract,4h,17031063200,0.0,24.13,13.74,0.2903,0.0,,2026-07-24T12:28:04
Profile baseline (tract),03.06_prediction_nn_tract.ipynb,census_tract,4h,17031063300,0.0,27.54,15.0,0.2296,0.0,,2026-07-24T12:28:04
Profile baseline (tract),03.06_prediction_nn_tract.ipynb,census_tract,4h,17031063400,0.0,6.85,2.18,0.039,0.0,,2026-07-24T12:28:04
Profile baseline (tract),03.06_prediction_nn_tract.ipynb,census_tract,4h,17031070100,0.0,23.07,12.45,0.259,0.0,,2026-07-24T12:28:04
Profile baseline (tract),03.06_prediction_nn_tract.ipynb,census_tract,4h,17031070200,0.0,10.93,5.03,0.0737,0.0,,2026-07-24T12:28:04
Profile baseline (tract),03.06_prediction_nn_tract.ipynb,census_tract,4h,17031070300,0.0,7.93,1.94,0.0412,0.0,,2026-07-24T12:28:04
Profile baseline (tract),03.06_prediction_nn_tract.ipynb,census_tract,4h,17031070400,0.0,1.96,0.36,-0.026,0.0,,2026-07-24T12:28:04
Profile baseline (tract),03.06_prediction_nn_tract.ipynb,census_tract,4h,17031070500,0.0,1.03,0.15,-0.0037,0.0,,2026-07-24T12:28:04
Profile baseline (tract),03.06_prediction_nn_tract.ipynb,census_tract,4h,17031070600,0.0,1.33,0.13,0.011,0.0,,2026-07-24T12:28:04
Profile baseline (tract),03.06_prediction_nn_tract.ipynb,census_tract,4h,17031070700,0.0,1.9,0.28,0.0606,0.0,,2026-07-24T12:28:04
Profile baseline (tract),03.06_prediction_nn_tract.ipynb,census_tract,4h,17031070800,0.0,5.98,1.58,0.0117,0.0,,2026-07-24T12:28:04
Profile baseline (tract),03.06_prediction_nn_tract.ipynb,census_tract,4h,17031070900,0.0,0.0,0.0,1.0,0.0,,2026-07-24T12:28:04
Profile baseline (tract),03.06_prediction_nn_tract.ipynb,census_tract,4h,17031071000,0.0,2.08,0.28,0.01,0.0,,2026-07-24T12:28:04
Profile baseline (tract),03.06_prediction_nn_tract.ipynb,census_tract,4h,17031071100,0.0,5.59,1.3,0.009,0.0,,2026-07-24T12:28:04
Profile baseline (tract),03.06_prediction_nn_tract.ipynb,census_tract,4h,17031071200,0.0,10.15,3.11,0.0203,0.0,,2026-07-24T12:28:04
Profile baseline (tract),03.06_prediction_nn_tract.ipynb,census_tract,4h,17031071300,0.0,6.56,2.02,0.0501,0.0,,2026-07-24T12:28:04
Profile baseline (tract),03.06_prediction_nn_tract.ipynb,census_tract,4h,17031071400,0.0,33.32,18.0,0.2019,0.0,,2026-07-24T12:28:04
Profile baseline (tract),03.06_prediction_nn_tract.ipynb,census_tract,4h,17031071500,9.762519854946504,44.33,26.66,0.2695,0.0,,2026-07-24T12:28:04
Profile baseline (tract),03.06_prediction_nn_tract.ipynb,census_tract,4h,17031071600,0.0,2.74,0.34,-0.0021,0.0,,2026-07-24T12:28:04
Profile baseline (tract),03.06_prediction_nn_tract.ipynb,census_tract,4h,17031071700,0.0,1.62,0.16,-0.0033,0.0,,2026-07-24T12:28:04
Profile baseline (tract),03.06_prediction_nn_tract.ipynb,census_tract,4h,17031071800,0.0,3.26,0.6,0.001,0.0,,2026-07-24T12:28:04
Profile baseline (tract),03.06_prediction_nn_tract.ipynb,census_tract,4h,17031071900,0.0,0.0,0.0,1.0,0.0,,2026-07-24T12:28:04
Profile baseline (tract),03.06_prediction_nn_tract.ipynb,census_tract,4h,17031072000,0.0,11.07,3.77,0.0661,0.0,,2026-07-24T12:28:04
Profile baseline (tract),03.06_prediction_nn_tract.ipynb,census_tract,4h,17031080100,10.679328154245162,19.5,12.07,0.6582,0.0,,2026-07-24T12:28:04
Profile baseline (tract),03.06_prediction_nn_tract.ipynb,census_tract,4h,17031080200,5.339664077122581,16.71,10.31,0.5205,0.0,,2026-07-24T12:28:04
Profile baseline (tract),03.06_prediction_nn_tract.ipynb,census_tract,4h,17031080300,0.0,9.29,5.17,0.1256,0.0,,2026-07-24T12:28:04
Profile baseline (tract),03.06_prediction_nn_tract.ipynb,census_tract,4h,17031080400,0.0,1.27,0.57,0.0573,0.0,,2026-07-24T12:28:04
Profile baseline (tract),03.06_prediction_nn_tract.ipynb,census_tract,4h,17031080500,0.0,0.0,0.0,1.0,0.0,,2026-07-24T12:28:04
Profile baseline (tract),03.06_prediction_nn_tract.ipynb,census_tract,4h,17031080600,0.0,6.1,3.2,0.0455,0.0,,2026-07-24T12:28:04
Profile baseline (tract),03.06_prediction_nn_tract.ipynb,census_tract,4h,17031080700,0.0,0.0,0.0,1.0,0.0,,2026-07-24T12:28:04
Profile baseline (tract),03.06_prediction_nn_tract.ipynb,census_tract,4h,17031080800,0.0,4.75,2.64,0.0235,0.0,,2026-07-24T12:28:04
Profile baseline (tract),03.06_prediction_nn_tract.ipynb,census_tract,4h,17031080900,0.0,0.0,0.0,1.0,0.0,,2026-07-24T12:28:04
Profile baseline (tract),03.06_prediction_nn_tract.ipynb,census_tract,4h,17031081000,5.339664077122581,17.68,11.5,0.3112,0.0,,2026-07-24T12:28:04
Profile baseline (tract),03.06_prediction_nn_tract.ipynb,census_tract,4h,17031081100,5.339664077122581,12.43,8.35,0.394,0.0,,2026-07-24T12:28:04
Profile baseline (tract),03.06_prediction_nn_tract.ipynb,census_tract,4h,17031081200,53.396640771225805,33.49,22.48,0.8044,0.0,,2026-07-24T12:28:04
Profile baseline (tract),03.06_prediction_nn_tract.ipynb,census_tract,4h,17031081300,39.15753656556559,24.89,16.96,0.7812,0.0,,2026-07-24T12:28:04
Profile baseline (tract),03.06_prediction_nn_tract.ipynb,census_tract,4h,17031081400,119.2524977224043,88.81,58.76,0.8293,0.0,,2026-07-24T12:28:04
Profile baseline (tract),03.06_prediction_nn_tract.ipynb,census_tract,4h,17031081500,106.7932815424516,43.0,30.35,0.8327,0.0,,2026-07-24T12:28:04
Profile baseline (tract),03.06_prediction_nn_tract.ipynb,census_tract,4h,17031081600,12.459216179952689,17.5,12.03,0.4088,0.0,,2026-07-24T12:28:04
Profile baseline (tract),03.06_prediction_nn_tract.ipynb,census_tract,4h,17031081700,24.918432359905378,31.1,21.31,0.5263,0.0,,2026-07-24T12:28:04
Profile baseline (tract),03.06_prediction_nn_tract.ipynb,census_tract,4h,17031081800,21.358656308490325,43.64,30.28,0.4024,0.0,,2026-07-24T12:28:04
Profile baseline (tract),03.06_prediction_nn_tract.ipynb,census_tract,4h,17031081900,0.0,1.22,0.31,-0.0124,0.0,,2026-07-24T12:28:04
Profile baseline (tract),03.06_prediction_nn_tract.ipynb,census_tract,4h,17031280100,38.3234000272529,27.63,17.48,0.9045,0.0,,2026-07-24T12:28:04
Profile baseline (tract),03.06_prediction_nn_tract.ipynb,census_tract,4h,17031280200,0.0,0.0,0.0,1.0,0.0,,2026-07-24T12:28:04
Profile baseline (tract),03.06_prediction_nn_tract.ipynb,census_tract,4h,17031280300,8.331173918968023,34.26,22.35,0.2121,0.0,,2026-07-24T12:28:04
Profile baseline (tract),03.06_prediction_nn_tract.ipynb,census_tract,4h,17031280400,0.0,0.21,0.03,0.0349,0.0,,2026-07-24T12:28:04
Profile baseline (tract),03.06_prediction_nn_tract.ipynb,census_tract,4h,17031280500,0.0,0.29,0.07,0.0061,0.0,,2026-07-24T12:28:04
Profile baseline (tract),03.06_prediction_nn_tract.ipynb,census_tract,4h,17031280600,0.0,0.0,0.0,1.0,0.0,,2026-07-24T12:28:04
Profile baseline (tract),03.06_prediction_nn_tract.ipynb,census_tract,4h,17031280700,0.0,0.0,0.0,1.0,0.0,,2026-07-24T12:28:04
Profile baseline (tract),03.06_prediction_nn_tract.ipynb,census_tract,4h,17031280800,0.0,0.0,0.0,1.0,0.0,,2026-07-24T12:28:04
Profile baseline (tract),03.06_prediction_nn_tract.ipynb,census_tract,4h,17031280900,0.0,0.0,0.0,0.0,0.0,,2026-07-24T12:28:04
Profile baseline (tract),03.06_prediction_nn_tract.ipynb,census_tract,4h,17031281000,0.0,0.0,0.0,1.0,0.0,,2026-07-24T12:28:04
Profile baseline (tract),03.06_prediction_nn_tract.ipynb,census_tract,4h,17031281100,0.0,0.0,0.0,1.0,0.0,,2026-07-24T12:28:04
Profile baseline (tract),03.06_prediction_nn_tract.ipynb,census_tract,4h,17031281200,0.0,0.0,0.0,1.0,0.0,,2026-07-24T12:28:04
Profile baseline (tract),03.06_prediction_nn_tract.ipynb,census_tract,4h,17031281300,0.0,0.37,0.06,-0.0015,0.0,,2026-07-24T12:28:04
Profile baseline (tract),03.06_prediction_nn_tract.ipynb,census_tract,4h,17031281400,0.0,0.0,0.0,1.0,0.0,,2026-07-24T12:28:04
Profile baseline (tract),03.06_prediction_nn_tract.ipynb,census_tract,4h,17031281500,0.0,0.0,0.0,1.0,0.0,,2026-07-24T12:28:04
Profile baseline (tract),03.06_prediction_nn_tract.ipynb,census_tract,4h,17031281600,0.0,5.05,2.25,0.0918,0.0,,2026-07-24T12:28:04
Profile baseline (tract),03.06_prediction_nn_tract.ipynb,census_tract,4h,17031281700,0.0,0.0,0.0,1.0,0.0,,2026-07-24T12:28:04
Profile baseline (tract),03.06_prediction_nn_tract.ipynb,census_tract,4h,17031281800,0.0,14.93,9.36,-0.0998,0.0,,2026-07-24T12:28:04
Profile baseline (tract),03.06_prediction_nn_tract.ipynb,census_tract,4h,17031281900,124.96760878452034,62.45,40.08,0.9086,0.0,,2026-07-24T12:28:04
Profile baseline (tract),03.06_prediction_nn_tract.ipynb,census_tract,4h,17031282000,0.0,0.0,0.0,1.0,0.0,,2026-07-24T12:28:04
Profile baseline (tract),03.06_prediction_nn_tract.ipynb,census_tract,4h,17031282100,0.0,0.0,0.0,1.0,0.0,,2026-07-24T12:28:04
Profile baseline (tract),03.06_prediction_nn_tract.ipynb,census_tract,4h,17031282200,0.0,0.96,0.21,-0.0134,0.0,,2026-07-24T12:28:04
Profile baseline (tract),03.06_prediction_nn_tract.ipynb,census_tract,4h,17031282300,0.0,0.0,0.0,1.0,0.0,,2026-07-24T12:28:04
Profile baseline (tract),03.06_prediction_nn_tract.ipynb,census_tract,4h,17031282400,0.0,0.76,0.19,0.0094,0.0,,2026-07-24T12:28:04
Profile baseline (tract),03.06_prediction_nn_tract.ipynb,census_tract,4h,17031282500,0.0,0.0,0.0,1.0,0.0,,2026-07-24T12:28:04
Profile baseline (tract),03.06_prediction_nn_tract.ipynb,census_tract,4h,17031282600,0.0,0.0,0.0,1.0,0.0,,2026-07-24T12:28:04
Profile baseline (tract),03.06_prediction_nn_tract.ipynb,census_tract,4h,17031282700,0.0,0.06,0.0,-0.0031,0.0,,2026-07-24T12:28:04
Profile baseline (tract),03.06_prediction_nn_tract.ipynb,census_tract,4h,17031282800,0.0,0.0,0.0,0.0,0.0,,2026-07-24T12:28:04
Profile baseline (tract),03.06_prediction_nn_tract.ipynb,census_tract,4h,17031282900,0.0,6.67,3.11,0.6253,0.0,,2026-07-24T12:28:04
Profile baseline (tract),03.06_prediction_nn_tract.ipynb,census_tract,4h,17031283000,0.0,0.0,0.0,1.0,0.0,,2026-07-24T12:28:04
Profile baseline (tract),03.06_prediction_nn_tract.ipynb,census_tract,4h,17031283100,0.0,0.41,0.05,-0.0114,0.0,,2026-07-24T12:28:04
Profile baseline (tract),03.06_prediction_nn_tract.ipynb,census_tract,4h,17031283200,0.0,0.11,0.0,-0.0016,0.0,,2026-07-24T12:28:04
Profile baseline (tract),03.06_prediction_nn_tract.ipynb,census_tract,4h,17031283300,0.0,0.0,0.0,1.0,0.0,,2026-07-24T12:28:04
Profile baseline (tract),03.06_prediction_nn_tract.ipynb,census_tract,4h,17031283400,0.0,0.0,0.0,1.0,0.0,,2026-07-24T12:28:04
Profile baseline (tract),03.06_prediction_nn_tract.ipynb,census_tract,4h,17031283500,0.0,10.48,5.77,0.1733,0.0,,2026-07-24T12:28:04
Profile baseline (tract),03.06_prediction_nn_tract.ipynb,census_tract,4h,17031283600,0.0,0.0,0.0,1.0,0.0,,2026-07-24T12:28:04
Profile baseline (tract),03.06_prediction_nn_tract.ipynb,census_tract,4h,17031283700,0.0,0.0,0.0,1.0,0.0,,2026-07-24T12:28:04
Profile baseline (tract),03.06_prediction_nn_tract.ipynb,census_tract,4h,17031283800,0.0,0.17,0.01,-0.0028,0.0,,2026-07-24T12:28:04
Profile baseline (tract),03.06_prediction_nn_tract.ipynb,census_tract,4h,17031283900,0.0,0.0,0.0,1.0,0.0,,2026-07-24T12:28:04
Profile baseline (tract),03.06_prediction_nn_tract.ipynb,census_tract,4h,17031284000,0.0,0.0,0.0,1.0,0.0,,2026-07-24T12:28:04
Profile baseline (tract),03.06_prediction_nn_tract.ipynb,census_tract,4h,17031284100,0.0,0.83,0.27,0.043,0.0,,2026-07-24T12:28:04
Profile baseline (tract),03.06_prediction_nn_tract.ipynb,census_tract,4h,17031284200,0.0,0.0,0.0,1.0,0.0,,2026-07-24T12:28:04
Profile baseline (tract),03.06_prediction_nn_tract.ipynb,census_tract,4h,17031284300,0.0,0.0,0.0,1.0,0.0,,2026-07-24T12:28:04
Profile baseline (tract),03.06_prediction_nn_tract.ipynb,census_tract,4h,17031320100,133.99503861363908,54.76,36.32,0.8739,0.0,,2026-07-24T12:28:04
Profile baseline (tract),03.06_prediction_nn_tract.ipynb,census_tract,4h,17031320200,0.0,0.0,0.0,1.0,0.0,,2026-07-24T12:28:04
Profile baseline (tract),03.06_prediction_nn_tract.ipynb,census_tract,4h,17031320300,93.09128998421242,66.85,39.68,0.9038,0.0,,2026-07-24T12:28:04
Profile baseline (tract),03.06_prediction_nn_tract.ipynb,census_tract,4h,17031320400,28.2094818133977,22.48,15.57,0.7116,0.0,,2026-07-24T12:28:04
Profile baseline (tract),03.06_prediction_nn_tract.ipynb,census_tract,4h,17031320500,1.4104740906698852,22.88,15.86,-0.2621,0.0,,2026-07-24T12:28:04
Profile baseline (tract),03.06_prediction_nn_tract.ipynb,census_tract,4h,17031320600,18.336163178708507,28.39,18.63,0.5048,0.0,,2026-07-24T12:28:04
Profile baseline (tract),03.06_prediction_nn_tract.ipynb,census_tract,4h,17031330100,34.674600677298656,68.52,36.73,0.4664,0.0,,2026-07-24T12:28:04
Profile baseline (tract),03.06_prediction_nn_tract.ipynb,census_tract,4h,17031330200,0.0,1.33,0.46,-0.0097,0.0,,2026-07-24T12:28:04
Profile baseline (tract),03.06_prediction_nn_tract.ipynb,census_tract,4h,17031330300,0.0,0.0,0.0,1.0,0.0,,2026-07-24T12:28:04
Profile baseline (tract),03.06_prediction_nn_tract.ipynb,census_tract,4h,17031330400,1.5761182126044844,56.83,27.81,0.1696,0.0,,2026-07-24T12:28:04
Profile baseline (tract),03.06_prediction_nn_tract.ipynb,census_tract,4h,17031330500,0.0,0.0,0.0,1.0,0.0,,2026-07-24T12:28:04
Profile baseline (tract),03.06_prediction_nn_tract.ipynb,census_tract,4h,17031410100,0.0,1.11,0.19,0.0085,0.0,,2026-07-24T12:28:04
Profile baseline (tract),03.06_prediction_nn_tract.ipynb,census_tract,4h,17031410200,0.0,0.0,0.0,1.0,0.0,,2026-07-24T12:28:04
Profile baseline (tract),03.06_prediction_nn_tract.ipynb,census_tract,4h,17031410300,0.0,0.0,0.0,1.0,0.0,,2026-07-24T12:28:04
Profile baseline (tract),03.06_prediction_nn_tract.ipynb,census_tract,4h,17031410400,0.0,0.26,0.02,-0.0132,0.0,,2026-07-24T12:28:04
Profile baseline (tract),03.06_prediction_nn_tract.ipynb,census_tract,4h,17031410500,0.0,1.06,0.09,0.0133,0.0,,2026-07-24T12:28:04
Profile baseline (tract),03.06_prediction_nn_tract.ipynb,census_tract,4h,17031410600,0.0,0.52,0.02,-0.005,0.0,,2026-07-24T12:28:04
Profile baseline (tract),03.06_prediction_nn_tract.ipynb,census_tract,4h,17031410700,0.0,1.13,0.09,-0.0049,0.0,,2026-07-24T12:28:04
Profile baseline (tract),03.06_prediction_nn_tract.ipynb,census_tract,4h,17031410800,0.0,1.51,0.43,0.0323,0.0,,2026-07-24T12:28:04
Profile baseline (tract),03.06_prediction_nn_tract.ipynb,census_tract,4h,17031410900,0.0,1.65,0.32,-0.0074,0.0,,2026-07-24T12:28:04
Profile baseline (tract),03.06_prediction_nn_tract.ipynb,census_tract,4h,17031411000,0.0,27.56,14.34,-0.1241,0.0,,2026-07-24T12:28:04
Profile baseline (tract),03.06_prediction_nn_tract.ipynb,census_tract,4h,17031411100,0.0,0.06,0.02,0.0,0.0,,2026-07-24T12:28:04
Profile baseline (tract),03.06_prediction_nn_tract.ipynb,census_tract,4h,17031411200,0.0,0.52,0.04,0.0004,0.0,,2026-07-24T12:28:04
Profile baseline (tract),03.06_prediction_nn_tract.ipynb,census_tract,4h,17031411300,0.0,0.0,0.0,1.0,0.0,,2026-07-24T12:28:04
Profile baseline (tract),03.06_prediction_nn_tract.ipynb,census_tract,4h,17031411400,0.0,6.58,2.37,0.1858,0.0,,2026-07-24T12:28:04
Profile baseline (tract),03.06_prediction_nn_tract.ipynb,census_tract,4h,17031560100,0.0,0.08,0.01,-0.0924,0.0,,2026-07-24T12:28:04
Profile baseline (tract),03.06_prediction_nn_tract.ipynb,census_tract,4h,17031560200,0.0,0.0,0.0,1.0,0.0,,2026-07-24T12:28:04
Profile baseline (tract),03.06_prediction_nn_tract.ipynb,census_tract,4h,17031560300,0.0,0.01,0.0,0.0,0.0,,2026-07-24T12:28:04
Profile baseline (tract),03.06_prediction_nn_tract.ipynb,census_tract,4h,17031560400,0.0,0.01,0.01,0.0,0.0,,2026-07-24T12:28:04
Profile baseline (tract),03.06_prediction_nn_tract.ipynb,census_tract,4h,17031560500,0.0,0.0,0.0,1.0,0.0,,2026-07-24T12:28:04
Profile baseline (tract),03.06_prediction_nn_tract.ipynb,census_tract,4h,17031560600,0.0,0.18,0.03,-0.0435,0.0,,2026-07-24T12:28:04
Profile baseline (tract),03.06_prediction_nn_tract.ipynb,census_tract,4h,17031560700,0.0,0.0,0.0,1.0,0.0,,2026-07-24T12:28:04
Profile baseline (tract),03.06_prediction_nn_tract.ipynb,census_tract,4h,17031560800,0.0,0.07,0.0,-0.003,0.0,,2026-07-24T12:28:04
Profile baseline (tract),03.06_prediction_nn_tract.ipynb,census_tract,4h,17031560900,0.0,0.0,0.0,0.0,0.0,,2026-07-24T12:28:04
Profile baseline (tract),03.06_prediction_nn_tract.ipynb,census_tract,4h,17031561000,0.0,0.0,0.0,0.0,0.0,,2026-07-24T12:28:04
Profile baseline (tract),03.06_prediction_nn_tract.ipynb,census_tract,4h,17031561100,0.0,0.0,0.0,1.0,0.0,,2026-07-24T12:28:04
Profile baseline (tract),03.06_prediction_nn_tract.ipynb,census_tract,4h,17031561200,56.29219189359678,47.71,34.8,0.1795,0.0,,2026-07-24T12:28:04
Profile baseline (tract),03.06_prediction_nn_tract.ipynb,census_tract,4h,17031561300,0.0,0.0,0.0,1.0,0.0,,2026-07-24T12:28:04
Profile baseline (tract),03.06_prediction_nn_tract.ipynb,census_tract,4h,17031590100,0.0,0.0,0.0,1.0,0.0,,2026-07-24T12:28:04
Profile baseline (tract),03.06_prediction_nn_tract.ipynb,census_tract,4h,17031590200,0.0,0.01,0.0,0.0,0.0,,2026-07-24T12:28:04
Profile baseline (tract),03.06_prediction_nn_tract.ipynb,census_tract,4h,17031590300,0.0,5.52,2.14,0.5768,0.0,,2026-07-24T12:28:04
Profile baseline (tract),03.06_prediction_nn_tract.ipynb,census_tract,4h,17031590400,0.0,0.0,0.0,1.0,0.0,,2026-07-24T12:28:04
Profile baseline (tract),03.06_prediction_nn_tract.ipynb,census_tract,4h,17031590500,0.0,0.0,0.0,1.0,0.0,,2026-07-24T12:28:04
Profile baseline (tract),03.06_prediction_nn_tract.ipynb,census_tract,4h,17031590600,0.0,0.0,0.0,1.0,0.0,,2026-07-24T12:28:04
Profile baseline (tract),03.06_prediction_nn_tract.ipynb,census_tract,4h,17031590700,0.0,0.0,0.0,1.0,0.0,,2026-07-24T12:28:04
Profile baseline (tract),03.06_prediction_nn_tract.ipynb,census_tract,4h,17031760800,0.0,0.29,0.06,-0.0058,0.0,,2026-07-24T12:28:04
Profile baseline (tract),03.06_prediction_nn_tract.ipynb,census_tract,4h,17031760900,500.1786799375101,244.8,175.47,0.6294,0.0,,2026-07-24T12:28:04
Profile baseline (tract),03.06_prediction_nn_tract.ipynb,census_tract,4h,17031770600,0.0,0.1,0.01,-0.0488,0.0,,2026-07-24T12:28:04
Profile baseline (tract),03.06_prediction_nn_tract.ipynb,census_tract,4h,17031770700,0.0,0.0,0.0,1.0,0.0,,2026-07-24T12:28:04
Profile baseline (tract),03.06_prediction_nn_tract.ipynb,census_tract,4h,17031770900,0.0,0.0,0.0,1.0,0.0,,2026-07-24T12:28:04
Profile baseline (tract),03.06_prediction_nn_tract.ipynb,census_tract,4h,17031820800,0.0,0.0,0.0,1.0,0.0,,2026-07-24T12:28:04
Profile baseline (tract),03.06_prediction_nn_tract.ipynb,census_tract,4h,17031840000,0.0,0.0,0.0,1.0,0.0,,2026-07-24T12:28:04
Shallow NN,03.06_prediction_nn_tract.ipynb,census_tract,4h,17031031000,0.0,1.06,0.15,-0.0524,-0.1538461538461537,,2026-07-24T12:28:04
Shallow NN,03.06_prediction_nn_tract.ipynb,census_tract,4h,17031031100,0.0,6.25,1.33,-0.0284,0.1528662420382165,,2026-07-24T12:28:04
Shallow NN,03.06_prediction_nn_tract.ipynb,census_tract,4h,17031031200,0.0,12.92,4.41,-0.061,0.1335952848722985,,2026-07-24T12:28:04
Shallow NN,03.06_prediction_nn_tract.ipynb,census_tract,4h,17031031300,0.0,21.2,8.58,-0.0074,0.0508849557522123,,2026-07-24T12:28:04
Shallow NN,03.06_prediction_nn_tract.ipynb,census_tract,4h,17031031400,0.0,39.36,19.4,0.3046,-0.1311953352769679,,2026-07-24T12:28:04
Shallow NN,03.06_prediction_nn_tract.ipynb,census_tract,4h,17031031500,0.0,15.4,4.65,-0.0281,0.0755467196819085,,2026-07-24T12:28:04
Shallow NN,03.06_prediction_nn_tract.ipynb,census_tract,4h,17031031600,0.0,0.05,0.03,0.0,-inf,,2026-07-24T12:28:04
Shallow NN,03.06_prediction_nn_tract.ipynb,census_tract,4h,17031031700,0.0,9.15,2.25,-0.0559,0.092741935483871,,2026-07-24T12:28:04
Shallow NN,03.06_prediction_nn_tract.ipynb,census_tract,4h,17031031800,0.0,0.05,0.03,0.0,-inf,,2026-07-24T12:28:04
Shallow NN,03.06_prediction_nn_tract.ipynb,census_tract,4h,17031031900,0.0,1.91,0.13,-0.0029,0.0714285714285715,,2026-07-24T12:28:04
Shallow NN,03.06_prediction_nn_tract.ipynb,census_tract,4h,17031032000,0.0,21.39,9.51,-0.1337,0.0114345114345113,,2026-07-24T12:28:04
Shallow NN,03.06_prediction_nn_tract.ipynb,census_tract,4h,17031032100,0.0,28.06,12.98,-0.0397,-0.1385964912280701,,2026-07-24T12:28:04
Shallow NN,03.06_prediction_nn_tract.ipynb,census_tract,4h,17031060100,0.0,1.49,0.11,-0.0025,0.1538461538461538,,2026-07-24T12:28:04
Shallow NN,03.06_prediction_nn_tract.ipynb,census_tract,4h,17031060200,0.0,0.4,0.05,-0.0237,-0.6666666666666667,,2026-07-24T12:28:04
Shallow NN,03.06_prediction_nn_tract.ipynb,census_tract,4h,17031060300,0.0,0.06,0.04,0.0,-0.3333333333333335,,2026-07-24T12:28:04
Shallow NN,03.06_prediction_nn_tract.ipynb,census_tract,4h,17031060400,0.0,3.31,0.4,-0.0024,0.183673469387755,,2026-07-24T12:28:04
Shallow NN,03.06_prediction_nn_tract.ipynb,census_tract,4h,17031060500,0.0,1.43,0.13,-0.0029,0.1333333333333333,,2026-07-24T12:28:04
Shallow NN,03.06_prediction_nn_tract.ipynb,census_tract,4h,17031060600,0.0,0.05,0.03,0.0,-inf,,2026-07-24T12:28:04
Shallow NN,03.06_prediction_nn_tract.ipynb,census_tract,4h,17031060700,0.0,7.92,2.02,-0.0404,0.1512605042016805,,2026-07-24T12:28:04
Shallow NN,03.06_prediction_nn_tract.ipynb,census_tract,4h,17031060800,0.0,22.19,9.36,-0.0551,-0.0263157894736842,,2026-07-24T12:28:04
Shallow NN,03.06_prediction_nn_tract.ipynb,census_tract,4h,17031060900,0.0,38.62,19.82,0.2301,-0.1287015945330296,,2026-07-24T12:28:04
Shallow NN,03.06_prediction_nn_tract.ipynb,census_tract,4h,17031061000,0.0,9.46,1.83,-0.0001,0.5355329949238579,,2026-07-24T12:28:04
Shallow NN,03.06_prediction_nn_tract.ipynb,census_tract,4h,17031061100,0.0,13.59,2.37,0.0056,0.4791208791208791,,2026-07-24T12:28:04
Shallow NN,03.06_prediction_nn_tract.ipynb,census_tract,4h,17031061200,0.0,2.8,0.38,-0.0046,0.2083333333333332,,2026-07-24T12:28:04
Shallow NN,03.06_prediction_nn_tract.ipynb,census_tract,4h,17031061300,0.0,0.07,0.04,0.0,-inf,,2026-07-24T12:28:04
Shallow NN,03.06_prediction_nn_tract.ipynb,census_tract,4h,17031061400,0.0,2.72,0.35,-0.0081,0.1025641025641026,,2026-07-24T12:28:04
Shallow NN,03.06_prediction_nn_tract.ipynb,census_tract,4h,17031061500,0.0,1.25,0.17,0.0113,-0.1333333333333335,,2026-07-24T12:28:04
Shallow NN,03.06_prediction_nn_tract.ipynb,census_tract,4h,17031061600,0.0,0.06,0.04,0.0,-inf,,2026-07-24T12:28:04
Shallow NN,03.06_prediction_nn_tract.ipynb,census_tract,4h,17031061700,0.0,18.77,3.9,-0.005,0.4786096256684492,,2026-07-24T12:28:04
Shallow NN,03.06_prediction_nn_tract.ipynb,census_tract,4h,17031061800,0.0,6.1,0.89,-0.0002,0.219298245614035,,2026-07-24T12:28:04
Shallow NN,03.06_prediction_nn_tract.ipynb,census_tract,4h,17031062000,0.0,9.4,2.59,-0.0321,0.2103658536585365,,2026-07-24T12:28:04
Shallow NN,03.06_prediction_nn_tract.ipynb,census_tract,4h,17031062100,0.0,18.53,4.39,-0.025,0.296474358974359,,2026-07-24T12:28:04
Shallow NN,03.06_prediction_nn_tract.ipynb,census_tract,4h,17031062200,0.0,6.81,1.1,-0.0132,0.3452380952380951,,2026-07-24T12:28:04
Shallow NN,03.06_prediction_nn_tract.ipynb,census_tract,4h,17031062300,0.0,0.89,0.08,-0.0044,-0.1428571428571428,,2026-07-24T12:28:04
Shallow NN,03.06_prediction_nn_tract.ipynb,census_tract,4h,17031062400,0.0,0.4,0.04,-0.0178,0.2,,2026-07-24T12:28:04
Shallow NN,03.06_prediction_nn_tract.ipynb,census_tract,4h,17031062500,0.0,0.79,0.05,0.0007,-0.6666666666666667,,2026-07-24T12:28:04
Shallow NN,03.06_prediction_nn_tract.ipynb,census_tract,4h,17031062600,0.0,0.4,0.04,0.0099,-0.3333333333333335,,2026-07-24T12:28:04
Shallow NN,03.06_prediction_nn_tract.ipynb,census_tract,4h,17031062700,0.0,1.64,0.14,-0.0054,0.263157894736842,,2026-07-24T12:28:04
Shallow NN,03.06_prediction_nn_tract.ipynb,census_tract,4h,17031062800,0.0,2.88,0.44,-0.0071,0.1538461538461538,,2026-07-24T12:28:04
Shallow NN,03.06_prediction_nn_tract.ipynb,census_tract,4h,17031062900,0.0,3.34,0.43,-0.0035,0.4027777777777778,,2026-07-24T12:28:04
Shallow NN,03.06_prediction_nn_tract.ipynb,census_tract,4h,17031063000,0.0,10.87,4.44,-0.0477,0.0826446280991735,,2026-07-24T12:28:04
Shallow NN,03.06_prediction_nn_tract.ipynb,census_tract,4h,17031063100,0.0,5.99,1.45,-0.0308,0.1988950276243094,,2026-07-24T12:28:04
Shallow NN,03.06_prediction_nn_tract.ipynb,census_tract,4h,17031063200,0.0,29.03,15.1,-0.0276,-0.0989810771470158,,2026-07-24T12:28:04
Shallow NN,03.06_prediction_nn_tract.ipynb,census_tract,4h,17031063300,0.0,31.97,15.92,-0.0378,-0.0613333333333332,,2026-07-24T12:28:04
Shallow NN,03.06_prediction_nn_tract.ipynb,census_tract,4h,17031063400,0.0,7.1,1.81,-0.0352,0.1697247706422018,,2026-07-24T12:28:04
Shallow NN,03.06_prediction_nn_tract.ipynb,census_tract,4h,17031070100,0.0,27.08,13.31,-0.0206,-0.0690763052208836,,2026-07-24T12:28:04
Shallow NN,03.06_prediction_nn_tract.ipynb,census_tract,4h,17031070200,0.0,11.76,4.3,-0.0723,0.1451292246520875,,2026-07-24T12:28:04
Shallow NN,03.06_prediction_nn_tract.ipynb,census_tract,4h,17031070300,0.0,8.21,1.71,-0.028,0.1185567010309278,,2026-07-24T12:28:04
Shallow NN,03.06_prediction_nn_tract.ipynb,census_tract,4h,17031070400,0.0,1.94,0.28,-0.002,0.2222222222222221,,2026-07-24T12:28:04
Shallow NN,03.06_prediction_nn_tract.ipynb,census_tract,4h,17031070500,0.0,1.02,0.11,0.0067,0.2666666666666666,,2026-07-24T12:28:04
Shallow NN,03.06_prediction_nn_tract.ipynb,census_tract,4h,17031070600,0.0,1.33,0.13,-0.0016,0.0,,2026-07-24T12:28:04
Shallow NN,03.06_prediction_nn_tract.ipynb,census_tract,4h,17031070700,0.0,1.95,0.22,0.0097,0.2142857142857143,,2026-07-24T12:28:04
Shallow NN,03.06_prediction_nn_tract.ipynb,census_tract,4h,17031070800,0.0,6.1,1.35,-0.029,0.1455696202531645,,2026-07-24T12:28:04
Shallow NN,03.06_prediction_nn_tract.ipynb,census_tract,4h,17031070900,0.0,0.07,0.04,0.0,-inf,,2026-07-24T12:28:04
Shallow NN,03.06_prediction_nn_tract.ipynb,census_tract,4h,17031071000,0.0,2.09,0.31,0.0029,-0.1071428571428569,,2026-07-24T12:28:04
Shallow NN,03.06_prediction_nn_tract.ipynb,census_tract,4h,17031071100,0.0,5.67,1.18,-0.0223,0.0923076923076924,,2026-07-24T12:28:04
Shallow NN,03.06_prediction_nn_tract.ipynb,census_tract,4h,17031071200,0.0,10.48,2.62,-0.0455,0.157556270096463,,2026-07-24T12:28:04
Shallow NN,03.06_prediction_nn_tract.ipynb,census_tract,4h,17031071300,0.0,6.83,1.57,-0.0283,0.2227722772277227,,2026-07-24T12:28:04
Shallow NN,03.06_prediction_nn_tract.ipynb,census_tract,4h,17031071400,0.0,39.56,19.55,-0.1251,-0.0861111111111112,,2026-07-24T12:28:04
Shallow NN,03.06_prediction_nn_tract.ipynb,census_tract,4h,17031071500,9.762519854946504,51.77,29.89,0.0037,-0.1211552888222056,,2026-07-24T12:28:04
Shallow NN,03.06_prediction_nn_tract.ipynb,census_tract,4h,17031071600,0.0,2.75,0.29,-0.0052,0.1470588235294119,,2026-07-24T12:28:04
Shallow NN,03.06_prediction_nn_tract.ipynb,census_tract,4h,17031071700,0.0,1.62,0.15,-0.0054,0.0625,,2026-07-24T12:28:04
Shallow NN,03.06_prediction_nn_tract.ipynb,census_tract,4h,17031071800,0.0,3.28,0.51,-0.0086,0.1499999999999999,,2026-07-24T12:28:04
Shallow NN,03.06_prediction_nn_tract.ipynb,census_tract,4h,17031071900,0.0,0.05,0.03,0.0,-inf,,2026-07-24T12:28:04
Shallow NN,03.06_prediction_nn_tract.ipynb,census_tract,4h,17031072000,0.0,11.75,3.47,-0.0523,0.0795755968169761,,2026-07-24T12:28:04
Shallow NN,03.06_prediction_nn_tract.ipynb,census_tract,4h,17031080100,10.679328154245162,22.29,13.91,0.5535,-0.152444076222038,,2026-07-24T12:28:04
Shallow NN,03.06_prediction_nn_tract.ipynb,census_tract,4h,17031080200,5.339664077122581,19.87,12.6,0.3218,-0.2221144519883606,,2026-07-24T12:28:04
Shallow NN,03.06_prediction_nn_tract.ipynb,census_tract,4h,17031080300,0.0,10.46,5.79,-0.1071,-0.1199226305609284,,2026-07-24T12:28:04
Shallow NN,03.06_prediction_nn_tract.ipynb,census_tract,4h,17031080400,0.0,1.33,0.52,-0.0231,0.0877192982456139,,2026-07-24T12:28:04
Shallow NN,03.06_prediction_nn_tract.ipynb,census_tract,4h,17031080500,0.0,0.06,0.04,0.0,-inf,,2026-07-24T12:28:04
Shallow NN,03.06_prediction_nn_tract.ipynb,census_tract,4h,17031080600,0.0,6.6,3.41,-0.115,-0.065625,,2026-07-24T12:28:04
Shallow NN,03.06_prediction_nn_tract.ipynb,census_tract,4h,17031080700,0.0,0.04,0.02,0.0,-inf,,2026-07-24T12:28:04
Shallow NN,03.06_prediction_nn_tract.ipynb,census_tract,4h,17031080800,0.0,5.18,2.84,-0.1633,-0.0757575757575756,,2026-07-24T12:28:04
Shallow NN,03.06_prediction_nn_tract.ipynb,census_tract,4h,17031080900,0.0,0.05,0.03,0.0,-inf,,2026-07-24T12:28:04
Shallow NN,03.06_prediction_nn_tract.ipynb,census_tract,4h,17031081000,5.339664077122581,19.65,13.04,0.1489,-0.1339130434782607,,2026-07-24T12:28:04
Shallow NN,03.06_prediction_nn_tract.ipynb,census_tract,4h,17031081100,5.339664077122581,14.71,9.97,0.1513,-0.1940119760479042,,2026-07-24T12:28:04
Shallow NN,03.06_prediction_nn_tract.ipynb,census_tract,4h,17031081200,53.396640771225805,35.77,23.11,0.7768,-0.0280249110320285,,2026-07-24T12:28:04
Shallow NN,03.06_prediction_nn_tract.ipynb,census_tract,4h,17031081300,39.15753656556559,24.56,16.19,0.7869,0.0454009433962263,,2026-07-24T12:28:04
Shallow NN,03.06_prediction_nn_tract.ipynb,census_tract,4h,17031081400,119.2524977224043,112.77,77.47,0.7248,-0.3184138869979578,,2026-07-24T12:28:04
Shallow NN,03.06_prediction_nn_tract.ipynb,census_tract,4h,17031081500,106.7932815424516,43.54,29.42,0.8284,0.0306425041186161,,2026-07-24T12:28:04
Shallow NN,03.06_prediction_nn_tract.ipynb,census_tract,4h,17031081600,12.459216179952689,21.08,14.5,0.1421,-0.2053200332502078,,2026-07-24T12:28:04
Shallow NN,03.06_prediction_nn_tract.ipynb,census_tract,4h,17031081700,24.918432359905378,35.97,24.77,0.3665,-0.1623650868137025,,2026-07-24T12:28:04
Shallow NN,03.06_prediction_nn_tract.ipynb,census_tract,4h,17031081800,21.358656308490325,46.73,32.66,0.3149,-0.0785997357992072,,2026-07-24T12:28:04
Shallow NN,03.06_prediction_nn_tract.ipynb,census_tract,4h,17031081900,0.0,1.23,0.32,-0.0244,-0.032258064516129,,2026-07-24T12:28:04
Shallow NN,03.06_prediction_nn_tract.ipynb,census_tract,4h,17031280100,38.3234000272529,32.8,21.31,0.8653,-0.2191075514874141,,2026-07-24T12:28:04
Shallow NN,03.06_prediction_nn_tract.ipynb,census_tract,4h,17031280200,0.0,0.07,0.04,0.0,-inf,,2026-07-24T12:28:04
Shallow NN,03.06_prediction_nn_tract.ipynb,census_tract,4h,17031280300,8.331173918968023,40.52,27.24,-0.1021,-0.2187919463087246,,2026-07-24T12:28:04
Shallow NN,03.06_prediction_nn_tract.ipynb,census_tract,4h,17031280400,0.0,0.22,0.05,-0.0741,-0.6666666666666667,,2026-07-24T12:28:04
Shallow NN,03.06_prediction_nn_tract.ipynb,census_tract,4h,17031280500,0.0,0.29,0.08,-0.0207,-0.1428571428571428,,2026-07-24T12:28:04
Shallow NN,03.06_prediction_nn_tract.ipynb,census_tract,4h,17031280600,0.0,0.05,0.03,0.0,-inf,,2026-07-24T12:28:04
Shallow NN,03.06_prediction_nn_tract.ipynb,census_tract,4h,17031280700,0.0,0.05,0.03,0.0,-inf,,2026-07-24T12:28:04
Shallow NN,03.06_prediction_nn_tract.ipynb,census_tract,4h,17031280800,0.0,0.06,0.03,0.0,-inf,,2026-07-24T12:28:04
Shallow NN,03.06_prediction_nn_tract.ipynb,census_tract,4h,17031280900,0.0,0.05,0.03,0.0,-inf,,2026-07-24T12:28:04
Shallow NN,03.06_prediction_nn_tract.ipynb,census_tract,4h,17031281000,0.0,0.05,0.03,0.0,-inf,,2026-07-24T12:28:04
Shallow NN,03.06_prediction_nn_tract.ipynb,census_tract,4h,17031281100,0.0,0.07,0.04,0.0,-inf,,2026-07-24T12:28:04
Shallow NN,03.06_prediction_nn_tract.ipynb,census_tract,4h,17031281200,0.0,0.05,0.03,0.0,-inf,,2026-07-24T12:28:04
Shallow NN,03.06_prediction_nn_tract.ipynb,census_tract,4h,17031281300,0.0,0.38,0.08,-0.0326,-0.3333333333333335,,2026-07-24T12:28:04
Shallow NN,03.06_prediction_nn_tract.ipynb,census_tract,4h,17031281400,0.0,0.03,0.02,0.0,-inf,,2026-07-24T12:28:04
Shallow NN,03.06_prediction_nn_tract.ipynb,census_tract,4h,17031281500,0.0,0.05,0.03,0.0,-inf,,2026-07-24T12:28:04
Shallow NN,03.06_prediction_nn_tract.ipynb,census_tract,4h,17031281600,0.0,5.42,2.21,-0.0437,0.0177777777777777,,2026-07-24T12:28:04
Shallow NN,03.06_prediction_nn_tract.ipynb,census_tract,4h,17031281700,0.0,0.04,0.02,0.0,-inf,,2026-07-24T12:28:04
Shallow NN,03.06_prediction_nn_tract.ipynb,census_tract,4h,17031281800,0.0,16.93,10.84,-0.4143,-0.1581196581196582,,2026-07-24T12:28:04
Shallow NN,03.06_prediction_nn_tract.ipynb,census_tract,4h,17031281900,124.96760878452034,73.13,45.81,0.8746,-0.1429640718562874,,2026-07-24T12:28:04
Shallow NN,03.06_prediction_nn_tract.ipynb,census_tract,4h,17031282000,0.0,0.05,0.03,0.0,-inf,,2026-07-24T12:28:04
Shallow NN,03.06_prediction_nn_tract.ipynb,census_tract,4h,17031282100,0.0,0.06,0.04,0.0,-inf,,2026-07-24T12:28:04
Shallow NN,03.06_prediction_nn_tract.ipynb,census_tract,4h,17031282200,0.0,0.96,0.25,-0.0026,-0.1904761904761904,,2026-07-24T12:28:04
Shallow NN,03.06_prediction_nn_tract.ipynb,census_tract,4h,17031282300,0.0,0.05,0.03,0.0,-inf,,2026-07-24T12:28:04
Shallow NN,03.06_prediction_nn_tract.ipynb,census_tract,4h,17031282400,0.0,0.77,0.19,-0.0135,0.0,,2026-07-24T12:28:04
Shallow NN,03.06_prediction_nn_tract.ipynb,census_tract,4h,17031282500,0.0,0.06,0.04,0.0,-inf,,2026-07-24T12:28:04
Shallow NN,03.06_prediction_nn_tract.ipynb,census_tract,4h,17031282600,0.0,0.06,0.03,0.0,-inf,,2026-07-24T12:28:04
Shallow NN,03.06_prediction_nn_tract.ipynb,census_tract,4h,17031282700,0.0,0.08,0.04,-1.1736,-inf,,2026-07-24T12:28:04
Shallow NN,03.06_prediction_nn_tract.ipynb,census_tract,4h,17031282800,0.0,0.05,0.03,0.0,-inf,,2026-07-24T12:28:04
Shallow NN,03.06_prediction_nn_tract.ipynb,census_tract,4h,17031282900,0.0,7.34,3.5,0.546,-0.1254019292604502,,2026-07-24T12:28:04
Shallow NN,03.06_prediction_nn_tract.ipynb,census_tract,4h,17031283000,0.0,0.06,0.04,0.0,-inf,,2026-07-24T12:28:04
Shallow NN,03.06_prediction_nn_tract.ipynb,census_tract,4h,17031283100,0.0,0.4,0.07,0.0017,-0.4000000000000001,,2026-07-24T12:28:04
Shallow NN,03.06_prediction_nn_tract.ipynb,census_tract,4h,17031283200,0.0,0.12,0.04,-0.1818,-inf,,2026-07-24T12:28:04
Shallow NN,03.06_prediction_nn_tract.ipynb,census_tract,4h,17031283300,0.0,0.06,0.03,0.0,-inf,,2026-07-24T12:28:04
Shallow NN,03.06_prediction_nn_tract.ipynb,census_tract,4h,17031283400,0.0,0.05,0.03,0.0,-inf,,2026-07-24T12:28:04
Shallow NN,03.06_prediction_nn_tract.ipynb,census_tract,4h,17031283500,0.0,11.3,6.31,0.0399,-0.0935875216637782,,2026-07-24T12:28:04
Shallow NN,03.06_prediction_nn_tract.ipynb,census_tract,4h,17031283600,0.0,0.05,0.02,0.0,-inf,,2026-07-24T12:28:04
Shallow NN,03.06_prediction_nn_tract.ipynb,census_tract,4h,17031283700,0.0,0.06,0.04,0.0,-inf,,2026-07-24T12:28:04
Shallow NN,03.06_prediction_nn_tract.ipynb,census_tract,4h,17031283800,0.0,0.18,0.05,-0.1484,-4.0,,2026-07-24T12:28:04
Shallow NN,03.06_prediction_nn_tract.ipynb,census_tract,4h,17031283900,0.0,0.06,0.04,0.0,-inf,,2026-07-24T12:28:04
Shallow NN,03.06_prediction_nn_tract.ipynb,census_tract,4h,17031284000,0.0,0.05,0.03,0.0,-inf,,2026-07-24T12:28:04
Shallow NN,03.06_prediction_nn_tract.ipynb,census_tract,4h,17031284100,0.0,0.84,0.26,0.0213,0.037037037037037,,2026-07-24T12:28:04
Shallow NN,03.06_prediction_nn_tract.ipynb,census_tract,4h,17031284200,0.0,0.05,0.03,0.0,-inf,,2026-07-24T12:28:04
Shallow NN,03.06_prediction_nn_tract.ipynb,census_tract,4h,17031284300,0.0,0.06,0.04,0.0,-inf,,2026-07-24T12:28:04
Shallow NN,03.06_prediction_nn_tract.ipynb,census_tract,4h,17031320100,133.99503861363908,64.64,43.72,0.8242,-0.2037444933920704,,2026-07-24T12:28:04
Shallow NN,03.06_prediction_nn_tract.ipynb,census_tract,4h,17031320200,0.0,0.06,0.03,0.0,-inf,,2026-07-24T12:28:04
Shallow NN,03.06_prediction_nn_tract.ipynb,census_tract,4h,17031320300,93.09128998421242,78.29,48.77,0.868,-0.2290826612903227,,2026-07-24T12:28:04
Shallow NN,03.06_prediction_nn_tract.ipynb,census_tract,4h,17031320400,28.2094818133977,23.25,14.96,0.6914,0.0391779062299293,,2026-07-24T12:28:04
Shallow NN,03.06_prediction_nn_tract.ipynb,census_tract,4h,17031320500,1.4104740906698852,25.84,18.34,-0.611,-0.1563682219419924,,2026-07-24T12:28:04
Shallow NN,03.06_prediction_nn_tract.ipynb,census_tract,4h,17031320600,18.336163178708507,31.57,19.87,0.3874,-0.0665593129361246,,2026-07-24T12:28:04
Shallow NN,03.06_prediction_nn_tract.ipynb,census_tract,4h,17031330100,34.674600677298656,65.41,34.26,0.5138,0.0672474816226517,,2026-07-24T12:28:04
Shallow NN,03.06_prediction_nn_tract.ipynb,census_tract,4h,17031330200,0.0,1.34,0.45,-0.0288,0.0217391304347825,,2026-07-24T12:28:04
Shallow NN,03.06_prediction_nn_tract.ipynb,census_tract,4h,17031330300,0.0,0.07,0.04,0.0,-inf,,2026-07-24T12:28:04
Shallow NN,03.06_prediction_nn_tract.ipynb,census_tract,4h,17031330400,1.5761182126044844,62.06,22.82,0.0095,0.1794318590435094,,2026-07-24T12:28:04
Shallow NN,03.06_prediction_nn_tract.ipynb,census_tract,4h,17031330500,0.0,0.03,0.02,0.0,-inf,,2026-07-24T12:28:04
Shallow NN,03.06_prediction_nn_tract.ipynb,census_tract,4h,17031410100,0.0,1.12,0.14,-0.0091,0.263157894736842,,2026-07-24T12:28:04
Shallow NN,03.06_prediction_nn_tract.ipynb,census_tract,4h,17031410200,0.0,0.08,0.05,0.0,-inf,,2026-07-24T12:28:04
Shallow NN,03.06_prediction_nn_tract.ipynb,census_tract,4h,17031410300,0.0,0.06,0.04,0.0,-inf,,2026-07-24T12:28:04
Shallow NN,03.06_prediction_nn_tract.ipynb,census_tract,4h,17031410400,0.0,0.27,0.05,-0.0625,-1.5,,2026-07-24T12:28:04
Shallow NN,03.06_prediction_nn_tract.ipynb,census_tract,4h,17031410500,0.0,1.07,0.14,-0.0052,-0.5555555555555558,,2026-07-24T12:28:04
Shallow NN,03.06_prediction_nn_tract.ipynb,census_tract,4h,17031410600,0.0,0.52,0.05,-0.0062,-1.5,,2026-07-24T12:28:04
Shallow NN,03.06_prediction_nn_tract.ipynb,census_tract,4h,17031410700,0.0,1.12,0.16,-0.002,-0.7777777777777779,,2026-07-24T12:28:04
Shallow NN,03.06_prediction_nn_tract.ipynb,census_tract,4h,17031410800,0.0,1.54,0.24,-0.0029,0.4418604651162791,,2026-07-24T12:28:04
Shallow NN,03.06_prediction_nn_tract.ipynb,census_tract,4h,17031410900,0.0,1.64,0.24,-0.0002,0.25,,2026-07-24T12:28:04
Shallow NN,03.06_prediction_nn_tract.ipynb,census_tract,4h,17031411000,0.0,19.29,8.19,0.4494,0.4288702928870292,,2026-07-24T12:28:04
Shallow NN,03.06_prediction_nn_tract.ipynb,census_tract,4h,17031411100,0.0,0.05,0.03,0.0,-0.5,,2026-07-24T12:28:04
Shallow NN,03.06_prediction_nn_tract.ipynb,census_tract,4h,17031411200,0.0,0.52,0.05,-0.0085,-0.25,,2026-07-24T12:28:04
Shallow NN,03.06_prediction_nn_tract.ipynb,census_tract,4h,17031411300,0.0,0.05,0.03,0.0,-inf,,2026-07-24T12:28:04
Shallow NN,03.06_prediction_nn_tract.ipynb,census_tract,4h,17031411400,0.0,7.13,2.24,0.0443,0.0548523206751054,,2026-07-24T12:28:04
Shallow NN,03.06_prediction_nn_tract.ipynb,census_tract,4h,17031560100,0.0,0.08,0.02,-0.356,-1.0,,2026-07-24T12:28:04
Shallow NN,03.06_prediction_nn_tract.ipynb,census_tract,4h,17031560200,0.0,0.07,0.04,0.0,-inf,,2026-07-24T12:28:04
Shallow NN,03.06_prediction_nn_tract.ipynb,census_tract,4h,17031560300,0.0,0.06,0.04,0.0,-inf,,2026-07-24T12:28:04
Shallow NN,03.06_prediction_nn_tract.ipynb,census_tract,4h,17031560400,0.0,0.07,0.05,0.0,-4.0,,2026-07-24T12:28:04
Shallow NN,03.06_prediction_nn_tract.ipynb,census_tract,4h,17031560500,0.0,0.05,0.02,0.0,-inf,,2026-07-24T12:28:04
Shallow NN,03.06_prediction_nn_tract.ipynb,census_tract,4h,17031560600,0.0,0.18,0.05,-0.1039,-0.6666666666666667,,2026-07-24T12:28:04
Shallow NN,03.06_prediction_nn_tract.ipynb,census_tract,4h,17031560700,0.0,0.08,0.05,0.0,-inf,,2026-07-24T12:28:04
Shallow NN,03.06_prediction_nn_tract.ipynb,census_tract,4h,17031560800,0.0,0.09,0.03,-0.455,-inf,,2026-07-24T12:28:04
Shallow NN,03.06_prediction_nn_tract.ipynb,census_tract,4h,17031560900,0.0,0.06,0.04,0.0,-inf,,2026-07-24T12:28:04
Shallow NN,03.06_prediction_nn_tract.ipynb,census_tract,4h,17031561000,0.0,0.04,0.02,0.0,-inf,,2026-07-24T12:28:04
Shallow NN,03.06_prediction_nn_tract.ipynb,census_tract,4h,17031561100,0.0,0.05,0.03,0.0,-inf,,2026-07-24T12:28:04
Shallow NN,03.06_prediction_nn_tract.ipynb,census_tract,4h,17031561200,56.29219189359678,39.35,25.75,0.442,0.2600574712643677,,2026-07-24T12:28:04
Shallow NN,03.06_prediction_nn_tract.ipynb,census_tract,4h,17031561300,0.0,0.05,0.03,0.0,-inf,,2026-07-24T12:28:04
Shallow NN,03.06_prediction_nn_tract.ipynb,census_tract,4h,17031590100,0.0,0.04,0.02,0.0,-inf,,2026-07-24T12:28:04
Shallow NN,03.06_prediction_nn_tract.ipynb,census_tract,4h,17031590200,0.0,0.05,0.03,0.0,-inf,,2026-07-24T12:28:04
Shallow NN,03.06_prediction_nn_tract.ipynb,census_tract,4h,17031590300,0.0,5.8,2.14,0.5321,0.0,,2026-07-24T12:28:04
Shallow NN,03.06_prediction_nn_tract.ipynb,census_tract,4h,17031590400,0.0,0.04,0.02,0.0,-inf,,2026-07-24T12:28:04
Shallow NN,03.06_prediction_nn_tract.ipynb,census_tract,4h,17031590500,0.0,0.04,0.02,0.0,-inf,,2026-07-24T12:28:04
Shallow NN,03.06_prediction_nn_tract.ipynb,census_tract,4h,17031590600,0.0,0.05,0.03,0.0,-inf,,2026-07-24T12:28:04
Shallow NN,03.06_prediction_nn_tract.ipynb,census_tract,4h,17031590700,0.0,0.05,0.03,0.0,-inf,,2026-07-24T12:28:04
Shallow NN,03.06_prediction_nn_tract.ipynb,census_tract,4h,17031760800,0.0,0.29,0.05,-0.0154,0.1666666666666666,,2026-07-24T12:28:04
Shallow NN,03.06_prediction_nn_tract.ipynb,census_tract,4h,17031760900,500.1786799375101,200.99,128.35,0.7502,0.2685359320681598,,2026-07-24T12:28:04
Shallow NN,03.06_prediction_nn_tract.ipynb,census_tract,4h,17031770600,0.0,0.12,0.04,-0.3778,-3.0,,2026-07-24T12:28:04
Shallow NN,03.06_prediction_nn_tract.ipynb,census_tract,4h,17031770700,0.0,0.06,0.04,0.0,-inf,,2026-07-24T12:28:04
Shallow NN,03.06_prediction_nn_tract.ipynb,census_tract,4h,17031770900,0.0,0.04,0.02,0.0,-inf,,2026-07-24T12:28:04
Shallow NN,03.06_prediction_nn_tract.ipynb,census_tract,4h,17031820800,0.0,0.06,0.04,0.0,-inf,,2026-07-24T12:28:04
Shallow NN,03.06_prediction_nn_tract.ipynb,census_tract,4h,17031840000,0.0,0.04,0.02,0.0,-inf,,2026-07-24T12:28:04
Deep NN (03.04 config),03.06_prediction_nn_tract.ipynb,census_tract,4h,17031031000,0.0,1.07,0.21,-0.0775,-0.6153846153846152,,2026-07-24T12:28:04
Deep NN (03.04 config),03.06_prediction_nn_tract.ipynb,census_tract,4h,17031031100,0.0,6.25,1.29,-0.0297,0.1783439490445859,,2026-07-24T12:28:04
Deep NN (03.04 config),03.06_prediction_nn_tract.ipynb,census_tract,4h,17031031200,0.0,12.8,4.44,-0.0411,0.1277013752455794,,2026-07-24T12:28:04
Deep NN (03.04 config),03.06_prediction_nn_tract.ipynb,census_tract,4h,17031031300,0.0,21.07,8.43,0.0046,0.0674778761061946,,2026-07-24T12:28:04
Deep NN (03.04 config),03.06_prediction_nn_tract.ipynb,census_tract,4h,17031031400,0.0,39.37,19.37,0.3041,-0.1294460641399417,,2026-07-24T12:28:04
Deep NN (03.04 config),03.06_prediction_nn_tract.ipynb,census_tract,4h,17031031500,0.0,15.32,4.57,-0.0179,0.0914512922465208,,2026-07-24T12:28:04
Deep NN (03.04 config),03.06_prediction_nn_tract.ipynb,census_tract,4h,17031031600,0.0,0.03,0.01,0.0,-inf,,2026-07-24T12:28:04
Deep NN (03.04 config),03.06_prediction_nn_tract.ipynb,census_tract,4h,17031031700,0.0,9.14,2.25,-0.0547,0.092741935483871,,2026-07-24T12:28:04
Deep NN (03.04 config),03.06_prediction_nn_tract.ipynb,census_tract,4h,17031031800,0.0,0.02,0.01,0.0,-inf,,2026-07-24T12:28:04
Deep NN (03.04 config),03.06_prediction_nn_tract.ipynb,census_tract,4h,17031031900,0.0,1.91,0.12,-0.0033,0.142857142857143,,2026-07-24T12:28:04
Deep NN (03.04 config),03.06_prediction_nn_tract.ipynb,census_tract,4h,17031032000,0.0,21.06,9.41,-0.0985,0.0218295218295216,,2026-07-24T12:28:04
Deep NN (03.04 config),03.06_prediction_nn_tract.ipynb,census_tract,4h,17031032100,0.0,27.62,12.72,-0.0077,-0.1157894736842104,,2026-07-24T12:28:04
Deep NN (03.04 config),03.06_prediction_nn_tract.ipynb,census_tract,4h,17031060100,0.0,1.49,0.09,-0.0024,0.3076923076923077,,2026-07-24T12:28:04
Deep NN (03.04 config),03.06_prediction_nn_tract.ipynb,census_tract,4h,17031060200,0.0,0.4,0.02,0.0029,0.3333333333333332,,2026-07-24T12:28:04
Deep NN (03.04 config),03.06_prediction_nn_tract.ipynb,census_tract,4h,17031060300,0.0,0.02,0.01,0.0,0.6666666666666666,,2026-07-24T12:28:04
Deep NN (03.04 config),03.06_prediction_nn_tract.ipynb,census_tract,4h,17031060400,0.0,3.33,0.36,-0.0093,0.2653061224489795,,2026-07-24T12:28:04
Deep NN (03.04 config),03.06_prediction_nn_tract.ipynb,census_tract,4h,17031060500,0.0,1.43,0.11,-0.0035,0.2666666666666666,,2026-07-24T12:28:04
Deep NN (03.04 config),03.06_prediction_nn_tract.ipynb,census_tract,4h,17031060600,0.0,0.02,0.01,0.0,-inf,,2026-07-24T12:28:04
Deep NN (03.04 config),03.06_prediction_nn_tract.ipynb,census_tract,4h,17031060700,0.0,7.83,2.11,-0.0165,0.1134453781512605,,2026-07-24T12:28:04
Deep NN (03.04 config),03.06_prediction_nn_tract.ipynb,census_tract,4h,17031060800,0.0,21.86,9.29,-0.0239,-0.018640350877193,,2026-07-24T12:28:04
Deep NN (03.04 config),03.06_prediction_nn_tract.ipynb,census_tract,4h,17031060900,0.0,35.99,18.58,0.3314,-0.0580865603644646,,2026-07-24T12:28:04
Deep NN (03.04 config),03.06_prediction_nn_tract.ipynb,census_tract,4h,17031061000,0.0,9.4,1.87,0.0128,0.5253807106598984,,2026-07-24T12:28:04
Deep NN (03.04 config),03.06_prediction_nn_tract.ipynb,census_tract,4h,17031061100,0.0,13.47,2.4,0.022,0.4725274725274725,,2026-07-24T12:28:04
Deep NN (03.04 config),03.06_prediction_nn_tract.ipynb,census_tract,4h,17031061200,0.0,2.81,0.34,-0.0101,0.2916666666666666,,2026-07-24T12:28:04
Deep NN (03.04 config),03.06_prediction_nn_tract.ipynb,census_tract,4h,17031061300,0.0,0.02,0.01,0.0,-inf,,2026-07-24T12:28:04
Deep NN (03.04 config),03.06_prediction_nn_tract.ipynb,census_tract,4h,17031061400,0.0,2.73,0.32,-0.0109,0.1794871794871795,,2026-07-24T12:28:04
Deep NN (03.04 config),03.06_prediction_nn_tract.ipynb,census_tract,4h,17031061500,0.0,1.26,0.09,-0.0014,0.4,,2026-07-24T12:28:04
Deep NN (03.04 config),03.06_prediction_nn_tract.ipynb,census_tract,4h,17031061600,0.0,0.03,0.01,0.0,-inf,,2026-07-24T12:28:04
Deep NN (03.04 config),03.06_prediction_nn_tract.ipynb,census_tract,4h,17031061700,0.0,18.71,3.95,0.0016,0.4719251336898395,,2026-07-24T12:28:04
Deep NN (03.04 config),03.06_prediction_nn_tract.ipynb,census_tract,4h,17031061800,0.0,6.14,0.78,-0.0115,0.3157894736842104,,2026-07-24T12:28:04
Deep NN (03.04 config),03.06_prediction_nn_tract.ipynb,census_tract,4h,17031062000,0.0,9.35,2.58,-0.0227,0.2134146341463414,,2026-07-24T12:28:04
Deep NN (03.04 config),03.06_prediction_nn_tract.ipynb,census_tract,4h,17031062100,0.0,18.44,4.4,-0.0153,0.2948717948717948,,2026-07-24T12:28:04
Deep NN (03.04 config),03.06_prediction_nn_tract.ipynb,census_tract,4h,17031062200,0.0,6.82,1.1,-0.0151,0.3452380952380951,,2026-07-24T12:28:04
Deep NN (03.04 config),03.06_prediction_nn_tract.ipynb,census_tract,4h,17031062300,0.0,0.89,0.05,-0.0004,0.2857142857142857,,2026-07-24T12:28:04
Deep NN (03.04 config),03.06_prediction_nn_tract.ipynb,census_tract,4h,17031062400,0.0,0.4,0.03,-0.0063,0.4,,2026-07-24T12:28:04
Deep NN (03.04 config),03.06_prediction_nn_tract.ipynb,census_tract,4h,17031062500,0.0,0.8,0.05,0.0003,-0.6666666666666667,,2026-07-24T12:28:04
Deep NN (03.04 config),03.06_prediction_nn_tract.ipynb,census_tract,4h,17031062600,0.0,0.4,0.02,0.0039,0.3333333333333332,,2026-07-24T12:28:04
Deep NN (03.04 config),03.06_prediction_nn_tract.ipynb,census_tract,4h,17031062700,0.0,1.64,0.11,-0.0034,0.4210526315789473,,2026-07-24T12:28:04
Deep NN (03.04 config),03.06_prediction_nn_tract.ipynb,census_tract,4h,17031062800,0.0,2.89,0.41,-0.0119,0.2115384615384615,,2026-07-24T12:28:04
Deep NN (03.04 config),03.06_prediction_nn_tract.ipynb,census_tract,4h,17031062900,0.0,3.34,0.43,-0.0038,0.4027777777777778,,2026-07-24T12:28:04
Deep NN (03.04 config),03.06_prediction_nn_tract.ipynb,census_tract,4h,17031063000,0.0,11.02,4.4,-0.0779,0.0909090909090908,,2026-07-24T12:28:04
Deep NN (03.04 config),03.06_prediction_nn_tract.ipynb,census_tract,4h,17031063100,0.0,6.01,1.41,-0.0386,0.2209944751381216,,2026-07-24T12:28:04
Deep NN (03.04 config),03.06_prediction_nn_tract.ipynb,census_tract,4h,17031063200,0.0,28.32,14.63,0.0223,-0.0647743813682679,,2026-07-24T12:28:04
Deep NN (03.04 config),03.06_prediction_nn_tract.ipynb,census_tract,4h,17031063300,0.0,30.53,15.19,0.0538,-0.0126666666666666,,2026-07-24T12:28:04
Deep NN (03.04 config),03.06_prediction_nn_tract.ipynb,census_tract,4h,17031063400,0.0,7.09,1.83,-0.0302,0.1605504587155963,,2026-07-24T12:28:04
Deep NN (03.04 config),03.06_prediction_nn_tract.ipynb,census_tract,4h,17031070100,0.0,26.95,13.2,-0.0109,-0.0602409638554217,,2026-07-24T12:28:04
Deep NN (03.04 config),03.06_prediction_nn_tract.ipynb,census_tract,4h,17031070200,0.0,11.8,4.27,-0.0795,0.1510934393638172,,2026-07-24T12:28:04
Deep NN (03.04 config),03.06_prediction_nn_tract.ipynb,census_tract,4h,17031070300,0.0,8.24,1.69,-0.0341,0.1288659793814432,,2026-07-24T12:28:04
Deep NN (03.04 config),03.06_prediction_nn_tract.ipynb,census_tract,4h,17031070400,0.0,1.94,0.27,-0.0069,0.2499999999999999,,2026-07-24T12:28:04
Deep NN (03.04 config),03.06_prediction_nn_tract.ipynb,census_tract,4h,17031070500,0.0,1.02,0.08,0.0008,0.4666666666666667,,2026-07-24T12:28:04
Deep NN (03.04 config),03.06_prediction_nn_tract.ipynb,census_tract,4h,17031070600,0.0,1.34,0.11,-0.002,0.1538461538461538,,2026-07-24T12:28:04
Deep NN (03.04 config),03.06_prediction_nn_tract.ipynb,census_tract,4h,17031070700,0.0,1.97,0.2,-0.0043,0.2857142857142857,,2026-07-24T12:28:04
Deep NN (03.04 config),03.06_prediction_nn_tract.ipynb,census_tract,4h,17031070800,0.0,6.12,1.34,-0.0352,0.1518987341772152,,2026-07-24T12:28:04
Deep NN (03.04 config),03.06_prediction_nn_tract.ipynb,census_tract,4h,17031070900,0.0,0.02,0.01,0.0,-inf,,2026-07-24T12:28:04
Deep NN (03.04 config),03.06_prediction_nn_tract.ipynb,census_tract,4h,17031071000,0.0,2.1,0.26,-0.0071,0.0714285714285715,,2026-07-24T12:28:04
Deep NN (03.04 config),03.06_prediction_nn_tract.ipynb,census_tract,4h,17031071100,0.0,5.69,1.15,-0.0267,0.1153846153846155,,2026-07-24T12:28:04
Deep NN (03.04 config),03.06_prediction_nn_tract.ipynb,census_tract,4h,17031071200,0.0,10.47,2.63,-0.0422,0.1543408360128617,,2026-07-24T12:28:04
Deep NN (03.04 config),03.06_prediction_nn_tract.ipynb,census_tract,4h,17031071300,0.0,6.84,1.55,-0.0316,0.2326732673267326,,2026-07-24T12:28:04
Deep NN (03.04 config),03.06_prediction_nn_tract.ipynb,census_tract,4h,17031071400,0.0,38.74,19.24,-0.0788,-0.0688888888888887,,2026-07-24T12:28:04
Deep NN (03.04 config),03.06_prediction_nn_tract.ipynb,census_tract,4h,17031071500,9.762519854946504,51.35,29.56,0.0195,-0.1087771942985746,,2026-07-24T12:28:04
Deep NN (03.04 config),03.06_prediction_nn_tract.ipynb,census_tract,4h,17031071600,0.0,2.75,0.27,-0.0084,0.2058823529411765,,2026-07-24T12:28:04
Deep NN (03.04 config),03.06_prediction_nn_tract.ipynb,census_tract,4h,17031071700,0.0,1.62,0.13,-0.002,0.1875,,2026-07-24T12:28:04
Deep NN (03.04 config),03.06_prediction_nn_tract.ipynb,census_tract,4h,17031071800,0.0,3.29,0.46,-0.016,0.2333333333333332,,2026-07-24T12:28:04
Deep NN (03.04 config),03.06_prediction_nn_tract.ipynb,census_tract,4h,17031071900,0.0,0.02,0.01,0.0,-inf,,2026-07-24T12:28:04
Deep NN (03.04 config),03.06_prediction_nn_tract.ipynb,census_tract,4h,17031072000,0.0,11.73,3.45,-0.048,0.0848806366047745,,2026-07-24T12:28:04
Deep NN (03.04 config),03.06_prediction_nn_tract.ipynb,census_tract,4h,17031080100,10.679328154245162,21.51,13.29,0.5839,-0.1010770505385252,,2026-07-24T12:28:04
Deep NN (03.04 config),03.06_prediction_nn_tract.ipynb,census_tract,4h,17031080200,5.339664077122581,18.22,11.44,0.4299,-0.1096023278370512,,2026-07-24T12:28:04
Deep NN (03.04 config),03.06_prediction_nn_tract.ipynb,census_tract,4h,17031080300,0.0,10.43,5.77,-0.1023,-0.11605415860735,,2026-07-24T12:28:04
Deep NN (03.04 config),03.06_prediction_nn_tract.ipynb,census_tract,4h,17031080400,0.0,1.33,0.51,-0.0301,0.1052631578947367,,2026-07-24T12:28:04
Deep NN (03.04 config),03.06_prediction_nn_tract.ipynb,census_tract,4h,17031080500,0.0,0.02,0.01,0.0,-inf,,2026-07-24T12:28:04
Deep NN (03.04 config),03.06_prediction_nn_tract.ipynb,census_tract,4h,17031080600,0.0,6.76,3.48,-0.1697,-0.0874999999999999,,2026-07-24T12:28:04
Deep NN (03.04 config),03.06_prediction_nn_tract.ipynb,census_tract,4h,17031080700,0.0,0.02,0.01,0.0,-inf,,2026-07-24T12:28:04
Deep NN (03.04 config),03.06_prediction_nn_tract.ipynb,census_tract,4h,17031080800,0.0,5.02,2.77,-0.0913,-0.0492424242424243,,2026-07-24T12:28:04
Deep NN (03.04 config),03.06_prediction_nn_tract.ipynb,census_tract,4h,17031080900,0.0,0.02,0.01,0.0,-inf,,2026-07-24T12:28:04
Deep NN (03.04 config),03.06_prediction_nn_tract.ipynb,census_tract,4h,17031081000,5.339664077122581,19.97,13.24,0.1206,-0.1513043478260869,,2026-07-24T12:28:04
Deep NN (03.04 config),03.06_prediction_nn_tract.ipynb,census_tract,4h,17031081100,5.339664077122581,16.05,10.95,-0.0103,-0.311377245508982,,2026-07-24T12:28:04
Deep NN (03.04 config),03.06_prediction_nn_tract.ipynb,census_tract,4h,17031081200,53.396640771225805,38.12,24.37,0.7465,-0.0840747330960853,,2026-07-24T12:28:04
Deep NN (03.04 config),03.06_prediction_nn_tract.ipynb,census_tract,4h,17031081300,39.15753656556559,29.25,18.64,0.6977,-0.0990566037735849,,2026-07-24T12:28:04
Deep NN (03.04 config),03.06_prediction_nn_tract.ipynb,census_tract,4h,17031081400,119.2524977224043,102.72,67.68,0.7717,-0.1518039482641253,,2026-07-24T12:28:04
Deep NN (03.04 config),03.06_prediction_nn_tract.ipynb,census_tract,4h,17031081500,106.7932815424516,50.78,34.13,0.7666,-0.1245469522240527,,2026-07-24T12:28:04
Deep NN (03.04 config),03.06_prediction_nn_tract.ipynb,census_tract,4h,17031081600,12.459216179952689,22.15,15.27,0.0527,-0.2693266832917707,,2026-07-24T12:28:04
Deep NN (03.04 config),03.06_prediction_nn_tract.ipynb,census_tract,4h,17031081700,24.918432359905378,39.13,27.28,0.25,-0.28015016424214,,2026-07-24T12:28:04
Deep NN (03.04 config),03.06_prediction_nn_tract.ipynb,census_tract,4h,17031081800,21.358656308490325,52.65,37.17,0.1301,-0.2275429326287978,,2026-07-24T12:28:04
Deep NN (03.04 config),03.06_prediction_nn_tract.ipynb,census_tract,4h,17031081900,0.0,1.24,0.29,-0.0358,0.0645161290322581,,2026-07-24T12:28:04
Deep NN (03.04 config),03.06_prediction_nn_tract.ipynb,census_tract,4h,17031280100,38.3234000272529,53.17,27.89,0.6461,-0.5955377574370708,,2026-07-24T12:28:04
Deep NN (03.04 config),03.06_prediction_nn_tract.ipynb,census_tract,4h,17031280200,0.0,0.02,0.01,0.0,-inf,,2026-07-24T12:28:04
Deep NN (03.04 config),03.06_prediction_nn_tract.ipynb,census_tract,4h,17031280300,8.331173918968023,39.52,26.47,-0.0487,-0.1843400447427292,,2026-07-24T12:28:04
Deep NN (03.04 config),03.06_prediction_nn_tract.ipynb,census_tract,4h,17031280400,0.0,0.21,0.02,-0.009,0.3333333333333332,,2026-07-24T12:28:04
Deep NN (03.04 config),03.06_prediction_nn_tract.ipynb,census_tract,4h,17031280500,0.0,0.29,0.05,0.016,0.2857142857142857,,2026-07-24T12:28:04
Deep NN (03.04 config),03.06_prediction_nn_tract.ipynb,census_tract,4h,17031280600,0.0,0.02,0.01,0.0,-inf,,2026-07-24T12:28:04
Deep NN (03.04 config),03.06_prediction_nn_tract.ipynb,census_tract,4h,17031280700,0.0,0.02,0.01,0.0,-inf,,2026-07-24T12:28:04
Deep NN (03.04 config),03.06_prediction_nn_tract.ipynb,census_tract,4h,17031280800,0.0,0.02,0.01,0.0,-inf,,2026-07-24T12:28:04
Deep NN (03.04 config),03.06_prediction_nn_tract.ipynb,census_tract,4h,17031280900,0.0,0.03,0.01,0.0,-inf,,2026-07-24T12:28:04
Deep NN (03.04 config),03.06_prediction_nn_tract.ipynb,census_tract,4h,17031281000,0.0,0.02,0.01,0.0,-inf,,2026-07-24T12:28:04
Deep NN (03.04 config),03.06_prediction_nn_tract.ipynb,census_tract,4h,17031281100,0.0,0.02,0.01,0.0,-inf,,2026-07-24T12:28:04
Deep NN (03.04 config),03.06_prediction_nn_tract.ipynb,census_tract,4h,17031281200,0.0,0.02,0.01,0.0,-inf,,2026-07-24T12:28:04
Deep NN (03.04 config),03.06_prediction_nn_tract.ipynb,census_tract,4h,17031281300,0.0,0.37,0.06,0.0064,0.0,,2026-07-24T12:28:04
Deep NN (03.04 config),03.06_prediction_nn_tract.ipynb,census_tract,4h,17031281400,0.0,0.02,0.01,0.0,-inf,,2026-07-24T12:28:04
Deep NN (03.04 config),03.06_prediction_nn_tract.ipynb,census_tract,4h,17031281500,0.0,0.02,0.01,0.0,-inf,,2026-07-24T12:28:04
Deep NN (03.04 config),03.06_prediction_nn_tract.ipynb,census_tract,4h,17031281600,0.0,5.41,2.18,-0.0403,0.031111111111111,,2026-07-24T12:28:04
Deep NN (03.04 config),03.06_prediction_nn_tract.ipynb,census_tract,4h,17031281700,0.0,0.02,0.01,0.0,-inf,,2026-07-24T12:28:04
Deep NN (03.04 config),03.06_prediction_nn_tract.ipynb,census_tract,4h,17031281800,0.0,16.53,10.59,-0.3479,-0.1314102564102564,,2026-07-24T12:28:04
Deep NN (03.04 config),03.06_prediction_nn_tract.ipynb,census_tract,4h,17031281900,124.96760878452034,120.57,59.66,0.6592,-0.4885229540918163,,2026-07-24T12:28:04
Deep NN (03.04 config),03.06_prediction_nn_tract.ipynb,census_tract,4h,17031282000,0.0,0.03,0.01,0.0,-inf,,2026-07-24T12:28:04
Deep NN (03.04 config),03.06_prediction_nn_tract.ipynb,census_tract,4h,17031282100,0.0,0.01,0.01,0.0,-inf,,2026-07-24T12:28:04
Deep NN (03.04 config),03.06_prediction_nn_tract.ipynb,census_tract,4h,17031282200,0.0,0.96,0.21,-0.0209,0.0,,2026-07-24T12:28:04
Deep NN (03.04 config),03.06_prediction_nn_tract.ipynb,census_tract,4h,17031282300,0.0,0.02,0.01,0.0,-inf,,2026-07-24T12:28:04
Deep NN (03.04 config),03.06_prediction_nn_tract.ipynb,census_tract,4h,17031282400,0.0,0.77,0.17,-0.0015,0.1052631578947368,,2026-07-24T12:28:04
Deep NN (03.04 config),03.06_prediction_nn_tract.ipynb,census_tract,4h,17031282500,0.0,0.02,0.01,0.0,-inf,,2026-07-24T12:28:04
Deep NN (03.04 config),03.06_prediction_nn_tract.ipynb,census_tract,4h,17031282600,0.0,0.01,0.01,0.0,-inf,,2026-07-24T12:28:04
Deep NN (03.04 config),03.06_prediction_nn_tract.ipynb,census_tract,4h,17031282700,0.0,0.06,0.01,-0.1312,-inf,,2026-07-24T12:28:04
Deep NN (03.04 config),03.06_prediction_nn_tract.ipynb,census_tract,4h,17031282800,0.0,0.02,0.01,0.0,-inf,,2026-07-24T12:28:04
Deep NN (03.04 config),03.06_prediction_nn_tract.ipynb,census_tract,4h,17031282900,0.0,7.66,3.68,0.506,-0.1832797427652734,,2026-07-24T12:28:04
Deep NN (03.04 config),03.06_prediction_nn_tract.ipynb,census_tract,4h,17031283000,0.0,0.03,0.01,0.0,-inf,,2026-07-24T12:28:04
Deep NN (03.04 config),03.06_prediction_nn_tract.ipynb,census_tract,4h,17031283100,0.0,0.41,0.05,-0.0042,0.0,,2026-07-24T12:28:04
Deep NN (03.04 config),03.06_prediction_nn_tract.ipynb,census_tract,4h,17031283200,0.0,0.11,0.01,0.0064,-inf,,2026-07-24T12:28:04
Deep NN (03.04 config),03.06_prediction_nn_tract.ipynb,census_tract,4h,17031283300,0.0,0.02,0.01,0.0,-inf,,2026-07-24T12:28:04
Deep NN (03.04 config),03.06_prediction_nn_tract.ipynb,census_tract,4h,17031283400,0.0,0.02,0.01,0.0,-inf,,2026-07-24T12:28:04
Deep NN (03.04 config),03.06_prediction_nn_tract.ipynb,census_tract,4h,17031283500,0.0,11.44,6.38,0.0159,-0.1057192374350086,,2026-07-24T12:28:04
Deep NN (03.04 config),03.06_prediction_nn_tract.ipynb,census_tract,4h,17031283600,0.0,0.02,0.01,0.0,-inf,,2026-07-24T12:28:04
Deep NN (03.04 config),03.06_prediction_nn_tract.ipynb,census_tract,4h,17031283700,0.0,0.02,0.01,0.0,-inf,,2026-07-24T12:28:04
Deep NN (03.04 config),03.06_prediction_nn_tract.ipynb,census_tract,4h,17031283800,0.0,0.17,0.02,-0.0196,-1.0,,2026-07-24T12:28:04
Deep NN (03.04 config),03.06_prediction_nn_tract.ipynb,census_tract,4h,17031283900,0.0,0.03,0.01,0.0,-inf,,2026-07-24T12:28:04
Deep NN (03.04 config),03.06_prediction_nn_tract.ipynb,census_tract,4h,17031284000,0.0,0.03,0.01,0.0,-inf,,2026-07-24T12:28:04
Deep NN (03.04 config),03.06_prediction_nn_tract.ipynb,census_tract,4h,17031284100,0.0,0.84,0.24,0.0152,0.1111111111111111,,2026-07-24T12:28:04
Deep NN (03.04 config),03.06_prediction_nn_tract.ipynb,census_tract,4h,17031284200,0.0,0.02,0.01,0.0,-inf,,2026-07-24T12:28:04
Deep NN (03.04 config),03.06_prediction_nn_tract.ipynb,census_tract,4h,17031284300,0.0,0.02,0.01,0.0,-inf,,2026-07-24T12:28:04
Deep NN (03.04 config),03.06_prediction_nn_tract.ipynb,census_tract,4h,17031320100,133.99503861363908,74.88,47.47,0.7641,-0.3069933920704846,,2026-07-24T12:28:04
Deep NN (03.04 config),03.06_prediction_nn_tract.ipynb,census_tract,4h,17031320200,0.0,0.02,0.01,0.0,-inf,,2026-07-24T12:28:04
Deep NN (03.04 config),03.06_prediction_nn_tract.ipynb,census_tract,4h,17031320300,93.09128998421242,93.07,55.59,0.8135,-0.4009576612903227,,2026-07-24T12:28:04
Deep NN (03.04 config),03.06_prediction_nn_tract.ipynb,census_tract,4h,17031320400,28.2094818133977,23.13,15.04,0.6946,0.0340398201669879,,2026-07-24T12:28:04
Deep NN (03.04 config),03.06_prediction_nn_tract.ipynb,census_tract,4h,17031320500,1.4104740906698852,25.35,18.03,-0.5505,-0.1368221941992435,,2026-07-24T12:28:04
Deep NN (03.04 config),03.06_prediction_nn_tract.ipynb,census_tract,4h,17031320600,18.336163178708507,36.1,23.21,0.199,-0.2458400429414924,,2026-07-24T12:28:04
Deep NN (03.04 config),03.06_prediction_nn_tract.ipynb,census_tract,4h,17031330100,34.674600677298656,63.9,33.36,0.536,0.0917506125782738,,2026-07-24T12:28:04
Deep NN (03.04 config),03.06_prediction_nn_tract.ipynb,census_tract,4h,17031330200,0.0,1.36,0.42,-0.0473,0.0869565217391304,,2026-07-24T12:28:04
Deep NN (03.04 config),03.06_prediction_nn_tract.ipynb,census_tract,4h,17031330300,0.0,0.02,0.01,0.0,-inf,,2026-07-24T12:28:04
Deep NN (03.04 config),03.06_prediction_nn_tract.ipynb,census_tract,4h,17031330400,1.5761182126044844,60.78,22.47,0.05,0.192017259978425,,2026-07-24T12:28:04
Deep NN (03.04 config),03.06_prediction_nn_tract.ipynb,census_tract,4h,17031330500,0.0,0.02,0.01,0.0,-inf,,2026-07-24T12:28:04
Deep NN (03.04 config),03.06_prediction_nn_tract.ipynb,census_tract,4h,17031410100,0.0,1.12,0.13,-0.0004,0.3157894736842105,,2026-07-24T12:28:04
Deep NN (03.04 config),03.06_prediction_nn_tract.ipynb,census_tract,4h,17031410200,0.0,0.02,0.01,0.0,-inf,,2026-07-24T12:28:04
Deep NN (03.04 config),03.06_prediction_nn_tract.ipynb,census_tract,4h,17031410300,0.0,0.02,0.01,0.0,-inf,,2026-07-24T12:28:04
Deep NN (03.04 config),03.06_prediction_nn_tract.ipynb,census_tract,4h,17031410400,0.0,0.26,0.02,-0.0016,0.0,,2026-07-24T12:28:04
Deep NN (03.04 config),03.06_prediction_nn_tract.ipynb,census_tract,4h,17031410500,0.0,1.06,0.08,0.0064,0.111111111111111,,2026-07-24T12:28:04
Deep NN (03.04 config),03.06_prediction_nn_tract.ipynb,census_tract,4h,17031410600,0.0,0.52,0.03,-0.0029,-0.5,,2026-07-24T12:28:04
Deep NN (03.04 config),03.06_prediction_nn_tract.ipynb,census_tract,4h,17031410700,0.0,1.12,0.09,0.0001,0.0,,2026-07-24T12:28:04
Deep NN (03.04 config),03.06_prediction_nn_tract.ipynb,census_tract,4h,17031410800,0.0,1.53,0.26,0.0096,0.3953488372093022,,2026-07-24T12:28:04
Deep NN (03.04 config),03.06_prediction_nn_tract.ipynb,census_tract,4h,17031410900,0.0,1.65,0.19,-0.0023,0.40625,,2026-07-24T12:28:04
Deep NN (03.04 config),03.06_prediction_nn_tract.ipynb,census_tract,4h,17031411000,0.0,20.25,8.48,0.3931,0.4086471408647141,,2026-07-24T12:28:04
Deep NN (03.04 config),03.06_prediction_nn_tract.ipynb,census_tract,4h,17031411100,0.0,0.02,0.01,0.0,0.5,,2026-07-24T12:28:04
Deep NN (03.04 config),03.06_prediction_nn_tract.ipynb,census_tract,4h,17031411200,0.0,0.52,0.03,0.0016,0.25,,2026-07-24T12:28:04
Deep NN (03.04 config),03.06_prediction_nn_tract.ipynb,census_tract,4h,17031411300,0.0,0.03,0.01,0.0,-inf,,2026-07-24T12:28:04
Deep NN (03.04 config),03.06_prediction_nn_tract.ipynb,census_tract,4h,17031411400,0.0,6.99,2.21,0.0804,0.0675105485232068,,2026-07-24T12:28:04
Deep NN (03.04 config),03.06_prediction_nn_tract.ipynb,census_tract,4h,17031560100,0.0,0.08,0.01,-0.09,0.0,,2026-07-24T12:28:04
Deep NN (03.04 config),03.06_prediction_nn_tract.ipynb,census_tract,4h,17031560200,0.0,0.02,0.01,0.0,-inf,,2026-07-24T12:28:04
Deep NN (03.04 config),03.06_prediction_nn_tract.ipynb,census_tract,4h,17031560300,0.0,0.02,0.01,0.0,-inf,,2026-07-24T12:28:04
Deep NN (03.04 config),03.06_prediction_nn_tract.ipynb,census_tract,4h,17031560400,0.0,0.02,0.01,0.0,0.0,,2026-07-24T12:28:04
Deep NN (03.04 config),03.06_prediction_nn_tract.ipynb,census_tract,4h,17031560500,0.0,0.02,0.01,0.0,-inf,,2026-07-24T12:28:04
Deep NN (03.04 config),03.06_prediction_nn_tract.ipynb,census_tract,4h,17031560600,0.0,0.18,0.03,-0.0209,0.0,,2026-07-24T12:28:04
Deep NN (03.04 config),03.06_prediction_nn_tract.ipynb,census_tract,4h,17031560700,0.0,0.02,0.01,0.0,-inf,,2026-07-24T12:28:04
Deep NN (03.04 config),03.06_prediction_nn_tract.ipynb,census_tract,4h,17031560800,0.0,0.08,0.01,-0.1207,-inf,,2026-07-24T12:28:04
Deep NN (03.04 config),03.06_prediction_nn_tract.ipynb,census_tract,4h,17031560900,0.0,0.02,0.01,0.0,-inf,,2026-07-24T12:28:04
Deep NN (03.04 config),03.06_prediction_nn_tract.ipynb,census_tract,4h,17031561000,0.0,0.02,0.01,0.0,-inf,,2026-07-24T12:28:04
Deep NN (03.04 config),03.06_prediction_nn_tract.ipynb,census_tract,4h,17031561100,0.0,0.02,0.01,0.0,-inf,,2026-07-24T12:28:04
Deep NN (03.04 config),03.06_prediction_nn_tract.ipynb,census_tract,4h,17031561200,56.29219189359678,48.73,33.23,0.1443,0.0451149425287356,,2026-07-24T12:28:04
Deep NN (03.04 config),03.06_prediction_nn_tract.ipynb,census_tract,4h,17031561300,0.0,0.02,0.01,0.0,-inf,,2026-07-24T12:28:04
Deep NN (03.04 config),03.06_prediction_nn_tract.ipynb,census_tract,4h,17031590100,0.0,0.02,0.01,0.0,-inf,,2026-07-24T12:28:04
Deep NN (03.04 config),03.06_prediction_nn_tract.ipynb,census_tract,4h,17031590200,0.0,0.03,0.01,0.0,-inf,,2026-07-24T12:28:04
Deep NN (03.04 config),03.06_prediction_nn_tract.ipynb,census_tract,4h,17031590300,0.0,5.53,1.96,0.5747,0.0841121495327104,,2026-07-24T12:28:04
Deep NN (03.04 config),03.06_prediction_nn_tract.ipynb,census_tract,4h,17031590400,0.0,0.03,0.01,0.0,-inf,,2026-07-24T12:28:04
Deep NN (03.04 config),03.06_prediction_nn_tract.ipynb,census_tract,4h,17031590500,0.0,0.02,0.01,0.0,-inf,,2026-07-24T12:28:04
Deep NN (03.04 config),03.06_prediction_nn_tract.ipynb,census_tract,4h,17031590600,0.0,0.01,0.01,0.0,-inf,,2026-07-24T12:28:04
Deep NN (03.04 config),03.06_prediction_nn_tract.ipynb,census_tract,4h,17031590700,0.0,0.02,0.01,0.0,-inf,,2026-07-24T12:28:04
Deep NN (03.04 config),03.06_prediction_nn_tract.ipynb,census_tract,4h,17031760800,0.0,0.29,0.05,-0.0261,0.1666666666666666,,2026-07-24T12:28:04
Deep NN (03.04 config),03.06_prediction_nn_tract.ipynb,census_tract,4h,17031760900,500.1786799375101,203.95,138.25,0.7428,0.2121160312304097,,2026-07-24T12:28:04
Deep NN (03.04 config),03.06_prediction_nn_tract.ipynb,census_tract,4h,17031770600,0.0,0.1,0.02,-0.0533,-1.0,,2026-07-24T12:28:04
Deep NN (03.04 config),03.06_prediction_nn_tract.ipynb,census_tract,4h,17031770700,0.0,0.02,0.01,0.0,-inf,,2026-07-24T12:28:04
Deep NN (03.04 config),03.06_prediction_nn_tract.ipynb,census_tract,4h,17031770900,0.0,0.03,0.01,0.0,-inf,,2026-07-24T12:28:04
Deep NN (03.04 config),03.06_prediction_nn_tract.ipynb,census_tract,4h,17031820800,0.0,0.02,0.01,0.0,-inf,,2026-07-24T12:28:04
Deep NN (03.04 config),03.06_prediction_nn_tract.ipynb,census_tract,4h,17031840000,0.0,0.03,0.01,0.0,-inf,,2026-07-24T12:28:04
Profile baseline,03.02_prediction_svm_CA_1h.ipynb,community_area,1h,1,3.0,2.13,1.6,0.461,0.0,0.4,2026-07-24T14:31:55
Profile baseline,03.02_prediction_svm_CA_1h.ipynb,community_area,1h,2,4.0,2.7,2.04,0.2087,0.0,0.40800000000000003,2026-07-24T14:31:55
Profile baseline,03.02_prediction_svm_CA_1h.ipynb,community_area,1h,3,9.0,7.55,4.71,0.6441,0.0,0.471,2026-07-24T14:31:55
Profile baseline,03.02_prediction_svm_CA_1h.ipynb,community_area,1h,4,2.0,1.74,1.25,0.4787,0.0,0.4166666666666667,2026-07-24T14:31:55
Profile baseline,03.02_prediction_svm_CA_1h.ipynb,community_area,1h,5,1.0,1.52,1.07,0.3247,0.0,0.535,2026-07-24T14:31:55
Profile baseline,03.02_prediction_svm_CA_1h.ipynb,community_area,1h,6,19.0,14.79,9.65,0.591,0.0,0.48250000000000004,2026-07-24T14:31:55
Profile baseline,03.02_prediction_svm_CA_1h.ipynb,community_area,1h,7,13.0,12.08,7.8,0.4617,0.0,0.5571428571428572,2026-07-24T14:31:55
Profile baseline,03.02_prediction_svm_CA_1h.ipynb,community_area,1h,8,146.0,61.14,43.8,0.7612,0.0,0.29795918367346935,2026-07-24T14:31:55
Profile baseline,03.02_prediction_svm_CA_1h.ipynb,community_area,1h,9,0.0,0.43,0.27,-0.2387,0.0,0.27,2026-07-24T14:31:55
Profile baseline,03.02_prediction_svm_CA_1h.ipynb,community_area,1h,10,1.0,1.26,1.0,-0.1471,0.0,0.5,2026-07-24T14:31:55
Profile baseline,03.02_prediction_svm_CA_1h.ipynb,community_area,1h,11,0.0,0.9,0.71,-0.0806,0.0,0.71,2026-07-24T14:31:55
Profile baseline,03.02_prediction_svm_CA_1h.ipynb,community_area,1h,12,1.0,0.98,0.75,-0.2473,0.0,0.375,2026-07-24T14:31:55
Profile baseline,03.02_prediction_svm_CA_1h.ipynb,community_area,1h,13,0.0,0.93,0.68,-0.0788,0.0,0.68,2026-07-24T14:31:55
Profile baseline,03.02_prediction_svm_CA_1h.ipynb,community_area,1h,14,1.0,1.12,0.85,-0.0963,0.0,0.425,2026-07-24T14:31:55
Profile baseline,03.02_prediction_svm_CA_1h.ipynb,community_area,1h,15,1.0,1.07,0.8,-0.0095,0.0,0.4,2026-07-24T14:31:55
Profile baseline,03.02_prediction_svm_CA_1h.ipynb,community_area,1h,16,2.0,1.64,1.26,-0.0494,0.0,0.42,2026-07-24T14:31:55
Profile baseline,03.02_prediction_svm_CA_1h.ipynb,community_area,1h,17,0.0,0.54,0.34,-0.0419,0.0,0.34,2026-07-24T14:31:55
Profile baseline,03.02_prediction_svm_CA_1h.ipynb,community_area,1h,18,0.0,0.26,0.13,-0.0991,0.0,0.13,2026-07-24T14:31:55
Profile baseline,03.02_prediction_svm_CA_1h.ipynb,community_area,1h,19,0.0,0.68,0.49,0.0302,0.0,0.49,2026-07-24T14:31:55
Profile baseline,03.02_prediction_svm_CA_1h.ipynb,community_area,1h,20,0.0,0.37,0.18,-0.0827,0.0,0.18,2026-07-24T14:31:55
Profile baseline,03.02_prediction_svm_CA_1h.ipynb,community_area,1h,21,1.0,1.12,0.86,0.0696,0.0,0.43,2026-07-24T14:31:55
Profile baseline,03.02_prediction_svm_CA_1h.ipynb,community_area,1h,22,2.0,2.5,1.69,0.3267,0.0,0.5633333333333334,2026-07-24T14:31:55
Profile baseline,03.02_prediction_svm_CA_1h.ipynb,community_area,1h,23,0.0,0.8,0.57,0.1054,0.0,0.57,2026-07-24T14:31:55
Profile baseline,03.02_prediction_svm_CA_1h.ipynb,community_area,1h,24,6.0,7.8,5.11,0.259,0.0,0.7300000000000001,2026-07-24T14:31:55
Profile baseline,03.02_prediction_svm_CA_1h.ipynb,community_area,1h,25,1.0,1.23,0.93,0.0117,0.0,0.465,2026-07-24T14:31:55
Profile baseline,03.02_prediction_svm_CA_1h.ipynb,community_area,1h,26,0.0,0.56,0.4,-0.0055,0.0,0.4,2026-07-24T14:31:55
Profile baseline,03.02_prediction_svm_CA_1h.ipynb,community_area,1h,27,0.0,0.86,0.6,0.1149,0.0,0.6,2026-07-24T14:31:55
Profile baseline,03.02_prediction_svm_CA_1h.ipynb,community_area,1h,28,53.0,30.15,20.85,0.8284,0.0,0.3861111111111111,2026-07-24T14:31:55
Profile baseline,03.02_prediction_svm_CA_1h.ipynb,community_area,1h,29,0.0,0.84,0.59,0.1275,0.0,0.59,2026-07-24T14:31:55
Profile baseline,03.02_prediction_svm_CA_1h.ipynb,community_area,1h,30,0.0,0.64,0.45,0.0048,0.0,0.45,2026-07-24T14:31:55
Profile baseline,03.02_prediction_svm_CA_1h.ipynb,community_area,1h,31,1.0,1.78,1.18,0.0975,0.0,0.59,2026-07-24T14:31:55
Profile baseline,03.02_prediction_svm_CA_1h.ipynb,community_area,1h,32,96.0,33.87,23.15,0.8866,0.0,0.23865979381443297,2026-07-24T14:31:55
Profile baseline,03.02_prediction_svm_CA_1h.ipynb,community_area,1h,33,15.0,17.7,9.68,0.6117,0.0,0.605,2026-07-24T14:31:55
Profile baseline,03.02_prediction_svm_CA_1h.ipynb,community_area,1h,34,1.0,2.36,1.56,0.1676,0.0,0.78,2026-07-24T14:31:55
Profile baseline,03.02_prediction_svm_CA_1h.ipynb,community_area,1h,35,3.0,2.65,1.83,0.6467,0.0,0.4575,2026-07-24T14:31:55
Profile baseline,03.02_prediction_svm_CA_1h.ipynb,community_area,1h,36,1.0,1.25,0.88,0.2512,0.0,0.44,2026-07-24T14:31:55
Profile baseline,03.02_prediction_svm_CA_1h.ipynb,community_area,1h,37,1.0,1.09,0.88,-0.7526,0.0,0.44,2026-07-24T14:31:55
Profile baseline,03.02_prediction_svm_CA_1h.ipynb,community_area,1h,38,3.0,2.16,1.56,0.5871,0.0,0.39,2026-07-24T14:31:55
Profile baseline,03.02_prediction_svm_CA_1h.ipynb,community_area,1h,39,2.0,1.9,1.36,0.5431,0.0,0.45333333333333337,2026-07-24T14:31:55
Profile baseline,03.02_prediction_svm_CA_1h.ipynb,community_area,1h,40,1.0,0.99,0.7,0.1972,0.0,0.35,2026-07-24T14:31:55
Profile baseline,03.02_prediction_svm_CA_1h.ipynb,community_area,1h,41,3.0,2.8,1.85,0.744,0.0,0.4625,2026-07-24T14:31:55
Profile baseline,03.02_prediction_svm_CA_1h.ipynb,community_area,1h,42,1.0,1.46,1.05,0.4103,0.0,0.525,2026-07-24T14:31:55
Profile baseline,03.02_prediction_svm_CA_1h.ipynb,community_area,1h,43,3.0,2.46,1.86,0.105,0.0,0.465,2026-07-24T14:31:55
Profile baseline,03.02_prediction_svm_CA_1h.ipynb,community_area,1h,44,3.0,2.42,1.88,-0.1498,0.0,0.47,2026-07-24T14:31:55
Profile baseline,03.02_prediction_svm_CA_1h.ipynb,community_area,1h,45,0.0,0.83,0.58,0.0847,0.0,0.58,2026-07-24T14:31:55
Profile baseline,03.02_prediction_svm_CA_1h.ipynb,community_area,1h,46,1.0,1.26,0.93,-0.1224,0.0,0.465,2026-07-24T14:31:55
Profile baseline,03.02_prediction_svm_CA_1h.ipynb,community_area,1h,47,0.0,0.54,0.33,-0.006,0.0,0.33,2026-07-24T14:31:55
Profile baseline,03.02_prediction_svm_CA_1h.ipynb,community_area,1h,48,0.0,0.93,0.67,-0.0575,0.0,0.67,2026-07-24T14:31:55
Profile baseline,03.02_prediction_svm_CA_1h.ipynb,community_area,1h,49,2.0,1.56,1.22,-0.0362,0.0,0.4066666666666667,2026-07-24T14:31:55
Profile baseline,03.02_prediction_svm_CA_1h.ipynb,community_area,1h,50,1.0,1.04,0.77,-0.2483,0.0,0.385,2026-07-24T14:31:55
Profile baseline,03.02_prediction_svm_CA_1h.ipynb,community_area,1h,51,1.0,1.06,0.8,-0.1543,0.0,0.4,2026-07-24T14:31:55
Profile baseline,03.02_prediction_svm_CA_1h.ipynb,community_area,1h,52,0.0,0.63,0.46,-0.5698,0.0,0.46,2026-07-24T14:31:55
Profile baseline,03.02_prediction_svm_CA_1h.ipynb,community_area,1h,53,2.0,1.76,1.36,-0.7708,0.0,0.45333333333333337,2026-07-24T14:31:55
Profile baseline,03.02_prediction_svm_CA_1h.ipynb,community_area,1h,54,0.0,0.83,0.62,-0.6257,0.0,0.62,2026-07-24T14:31:55
Profile baseline,03.02_prediction_svm_CA_1h.ipynb,community_area,1h,55,0.0,0.63,0.45,-0.3107,0.0,0.45,2026-07-24T14:31:55
Profile baseline,03.02_prediction_svm_CA_1h.ipynb,community_area,1h,56,17.0,10.64,8.08,-0.0004,0.0,0.4488888888888889,2026-07-24T14:31:55
Profile baseline,03.02_prediction_svm_CA_1h.ipynb,community_area,1h,57,0.0,0.4,0.25,-0.1055,0.0,0.25,2026-07-24T14:31:55
Profile baseline,03.02_prediction_svm_CA_1h.ipynb,community_area,1h,58,0.0,0.56,0.35,-0.0007,0.0,0.35,2026-07-24T14:31:55
Profile baseline,03.02_prediction_svm_CA_1h.ipynb,community_area,1h,59,0.0,0.94,0.55,0.6227,0.0,0.55,2026-07-24T14:31:55
Profile baseline,03.02_prediction_svm_CA_1h.ipynb,community_area,1h,60,0.0,0.97,0.65,0.0754,0.0,0.65,2026-07-24T14:31:55
Profile baseline,03.02_prediction_svm_CA_1h.ipynb,community_area,1h,61,0.0,0.85,0.58,0.1093,0.0,0.58,2026-07-24T14:31:55
Profile baseline,03.02_prediction_svm_CA_1h.ipynb,community_area,1h,62,0.0,0.39,0.26,-0.1539,0.0,0.26,2026-07-24T14:31:55
Profile baseline,03.02_prediction_svm_CA_1h.ipynb,community_area,1h,63,0.0,0.29,0.16,-0.3048,0.0,0.16,2026-07-24T14:31:55
Profile baseline,03.02_prediction_svm_CA_1h.ipynb,community_area,1h,64,0.0,0.39,0.23,-0.1237,0.0,0.23,2026-07-24T14:31:55
Profile baseline,03.02_prediction_svm_CA_1h.ipynb,community_area,1h,65,0.0,0.49,0.3,0.1081,0.0,0.3,2026-07-24T14:31:55
Profile baseline,03.02_prediction_svm_CA_1h.ipynb,community_area,1h,66,0.0,0.77,0.55,-0.0616,0.0,0.55,2026-07-24T14:31:55
Profile baseline,03.02_prediction_svm_CA_1h.ipynb,community_area,1h,67,0.0,0.81,0.58,0.0359,0.0,0.58,2026-07-24T14:31:55
Profile baseline,03.02_prediction_svm_CA_1h.ipynb,community_area,1h,68,1.0,1.37,1.03,0.0281,0.0,0.515,2026-07-24T14:31:55
Profile baseline,03.02_prediction_svm_CA_1h.ipynb,community_area,1h,69,2.0,2.15,1.62,-0.1945,0.0,0.54,2026-07-24T14:31:55
Profile baseline,03.02_prediction_svm_CA_1h.ipynb,community_area,1h,70,0.0,0.72,0.49,0.1221,0.0,0.49,2026-07-24T14:31:55
Profile baseline,03.02_prediction_svm_CA_1h.ipynb,community_area,1h,71,1.0,1.26,0.95,0.0367,0.0,0.475,2026-07-24T14:31:55
Profile baseline,03.02_prediction_svm_CA_1h.ipynb,community_area,1h,72,0.0,0.75,0.49,-0.1097,0.0,0.49,2026-07-24T14:31:55
Profile baseline,03.02_prediction_svm_CA_1h.ipynb,community_area,1h,73,1.0,1.2,0.93,-0.168,0.0,0.465,2026-07-24T14:31:55
Profile baseline,03.02_prediction_svm_CA_1h.ipynb,community_area,1h,74,0.0,0.37,0.23,-0.2283,0.0,0.23,2026-07-24T14:31:55
Profile baseline,03.02_prediction_svm_CA_1h.ipynb,community_area,1h,75,1.0,1.25,0.94,-0.2927,0.0,0.47,2026-07-24T14:31:55
Profile baseline,03.02_prediction_svm_CA_1h.ipynb,community_area,1h,76,131.0,43.37,29.78,0.8003,0.0,0.22560606060606062,2026-07-24T14:31:55
Profile baseline,03.02_prediction_svm_CA_1h.ipynb,community_area,1h,77,6.0,3.5,2.47,0.729,0.0,0.35285714285714287,2026-07-24T14:31:55
"LinearSVR (full data, no kernel)",03.02_prediction_svm_CA_1h.ipynb,community_area,1h,1,3.0,2.35,1.71,0.3457,-0.06874999999999987,0.4275,2026-07-24T14:31:55
"LinearSVR (full data, no kernel)",03.02_prediction_svm_CA_1h.ipynb,community_area,1h,2,4.0,2.26,1.83,0.4415,0.1029411764705882,0.366,2026-07-24T14:31:55
"LinearSVR (full data, no kernel)",03.02_prediction_svm_CA_1h.ipynb,community_area,1h,3,9.0,11.77,7.56,0.1356,-0.6050955414012738,0.756,2026-07-24T14:31:55
"LinearSVR (full data, no kernel)",03.02_prediction_svm_CA_1h.ipynb,community_area,1h,4,2.0,1.95,1.37,0.3441,-0.09600000000000009,0.4566666666666667,2026-07-24T14:31:55
"LinearSVR (full data, no kernel)",03.02_prediction_svm_CA_1h.ipynb,community_area,1h,5,1.0,1.71,1.15,0.1405,-0.0747663551401867,0.575,2026-07-24T14:31:55
"LinearSVR (full data, no kernel)",03.02_prediction_svm_CA_1h.ipynb,community_area,1h,6,19.0,22.65,15.43,0.0402,-0.598963730569948,0.7715,2026-07-24T14:31:55
"LinearSVR (full data, no kernel)",03.02_prediction_svm_CA_1h.ipynb,community_area,1h,7,13.0,16.48,11.35,-0.0009,-0.45512820512820507,0.8107142857142857,2026-07-24T14:31:55
"LinearSVR (full data, no kernel)",03.02_prediction_svm_CA_1h.ipynb,community_area,1h,8,146.0,102.34,80.71,0.3308,-0.8426940639269407,0.549047619047619,2026-07-24T14:31:55
"LinearSVR (full data, no kernel)",03.02_prediction_svm_CA_1h.ipynb,community_area,1h,9,0.0,0.52,0.35,-0.8472,-0.29629629629629606,0.35,2026-07-24T14:31:55
"LinearSVR (full data, no kernel)",03.02_prediction_svm_CA_1h.ipynb,community_area,1h,10,1.0,1.14,0.9,0.0512,0.09999999999999998,0.45,2026-07-24T14:31:55
"LinearSVR (full data, no kernel)",03.02_prediction_svm_CA_1h.ipynb,community_area,1h,11,0.0,0.86,0.63,0.0167,0.11267605633802813,0.63,2026-07-24T14:31:55
"LinearSVR (full data, no kernel)",03.02_prediction_svm_CA_1h.ipynb,community_area,1h,12,1.0,0.85,0.63,0.064,0.16000000000000003,0.315,2026-07-24T14:31:55
"LinearSVR (full data, no kernel)",03.02_prediction_svm_CA_1h.ipynb,community_area,1h,13,0.0,0.82,0.57,0.175,0.16176470588235303,0.57,2026-07-24T14:31:55
"LinearSVR (full data, no kernel)",03.02_prediction_svm_CA_1h.ipynb,community_area,1h,14,1.0,1.0,0.72,0.1345,0.15294117647058825,0.36,2026-07-24T14:31:55
"LinearSVR (full data, no kernel)",03.02_prediction_svm_CA_1h.ipynb,community_area,1h,15,1.0,0.97,0.7,0.1699,0.1250000000000001,0.35,2026-07-24T14:31:55
"LinearSVR (full data, no kernel)",03.02_prediction_svm_CA_1h.ipynb,community_area,1h,16,2.0,1.37,1.07,0.2711,0.1507936507936507,0.3566666666666667,2026-07-24T14:31:55
"LinearSVR (full data, no kernel)",03.02_prediction_svm_CA_1h.ipynb,community_area,1h,17,0.0,0.56,0.37,-0.1345,-0.08823529411764697,0.37,2026-07-24T14:31:55
"LinearSVR (full data, no kernel)",03.02_prediction_svm_CA_1h.ipynb,community_area,1h,18,0.0,0.39,0.25,-1.4473,-0.9230769230769229,0.25,2026-07-24T14:31:55
"LinearSVR (full data, no kernel)",03.02_prediction_svm_CA_1h.ipynb,community_area,1h,19,0.0,0.72,0.49,-0.0748,0.0,0.49,2026-07-24T14:31:55
"LinearSVR (full data, no kernel)",03.02_prediction_svm_CA_1h.ipynb,community_area,1h,20,0.0,0.46,0.3,-0.6406,-0.6666666666666667,0.3,2026-07-24T14:31:55
"LinearSVR (full data, no kernel)",03.02_prediction_svm_CA_1h.ipynb,community_area,1h,21,1.0,1.09,0.79,0.1195,0.08139534883720922,0.395,2026-07-24T14:31:55
"LinearSVR (full data, no kernel)",03.02_prediction_svm_CA_1h.ipynb,community_area,1h,22,2.0,2.9,1.87,0.096,-0.10650887573964507,0.6233333333333334,2026-07-24T14:31:55
"LinearSVR (full data, no kernel)",03.02_prediction_svm_CA_1h.ipynb,community_area,1h,23,0.0,0.82,0.55,0.0735,0.0350877192982455,0.55,2026-07-24T14:31:55
"LinearSVR (full data, no kernel)",03.02_prediction_svm_CA_1h.ipynb,community_area,1h,24,6.0,9.69,6.43,-0.1435,-0.2583170254403129,0.9185714285714285,2026-07-24T14:31:55
"LinearSVR (full data, no kernel)",03.02_prediction_svm_CA_1h.ipynb,community_area,1h,25,1.0,1.08,0.82,0.2438,0.11827956989247324,0.41,2026-07-24T14:31:55
"LinearSVR (full data, no kernel)",03.02_prediction_svm_CA_1h.ipynb,community_area,1h,26,0.0,0.62,0.42,-0.2051,-0.04999999999999982,0.42,2026-07-24T14:31:55
"LinearSVR (full data, no kernel)",03.02_prediction_svm_CA_1h.ipynb,community_area,1h,27,0.0,0.83,0.56,0.1718,0.06666666666666654,0.56,2026-07-24T14:31:55
"LinearSVR (full data, no kernel)",03.02_prediction_svm_CA_1h.ipynb,community_area,1h,28,53.0,69.7,45.65,0.0833,-1.189448441247002,0.8453703703703703,2026-07-24T14:31:55
"LinearSVR (full data, no kernel)",03.02_prediction_svm_CA_1h.ipynb,community_area,1h,29,0.0,0.83,0.57,0.1627,0.03389830508474578,0.57,2026-07-24T14:31:55
"LinearSVR (full data, no kernel)",03.02_prediction_svm_CA_1h.ipynb,community_area,1h,30,0.0,0.65,0.44,-0.0272,0.022222222222222254,0.44,2026-07-24T14:31:55
"LinearSVR (full data, no kernel)",03.02_prediction_svm_CA_1h.ipynb,community_area,1h,31,1.0,1.95,1.27,-0.0903,-0.07627118644067798,0.635,2026-07-24T14:31:55
"LinearSVR (full data, no kernel)",03.02_prediction_svm_CA_1h.ipynb,community_area,1h,32,96.0,88.06,64.2,0.2333,-1.7732181425485964,0.6618556701030928,2026-07-24T14:31:55
"LinearSVR (full data, no kernel)",03.02_prediction_svm_CA_1h.ipynb,community_area,1h,33,15.0,27.57,15.78,0.0574,-0.6301652892561984,0.98625,2026-07-24T14:31:55
"LinearSVR (full data, no kernel)",03.02_prediction_svm_CA_1h.ipynb,community_area,1h,34,1.0,2.49,1.58,0.0723,-0.012820512820512775,0.79,2026-07-24T14:31:55
"LinearSVR (full data, no kernel)",03.02_prediction_svm_CA_1h.ipynb,community_area,1h,35,3.0,3.51,2.56,0.3826,-0.3989071038251366,0.64,2026-07-24T14:31:55
"LinearSVR (full data, no kernel)",03.02_prediction_svm_CA_1h.ipynb,community_area,1h,36,1.0,1.14,0.79,0.3749,0.10227272727272718,0.395,2026-07-24T14:31:55
"LinearSVR (full data, no kernel)",03.02_prediction_svm_CA_1h.ipynb,community_area,1h,37,1.0,0.86,0.66,-0.0752,0.25,0.33,2026-07-24T14:31:55
"LinearSVR (full data, no kernel)",03.02_prediction_svm_CA_1h.ipynb,community_area,1h,38,3.0,2.43,1.85,0.48,-0.1858974358974359,0.4625,2026-07-24T14:31:55
"LinearSVR (full data, no kernel)",03.02_prediction_svm_CA_1h.ipynb,community_area,1h,39,2.0,2.07,1.53,0.4543,-0.125,0.51,2026-07-24T14:31:55
"LinearSVR (full data, no kernel)",03.02_prediction_svm_CA_1h.ipynb,community_area,1h,40,1.0,0.95,0.65,0.2633,0.07142857142857129,0.325,2026-07-24T14:31:55
"LinearSVR (full data, no kernel)",03.02_prediction_svm_CA_1h.ipynb,community_area,1h,41,3.0,4.79,3.2,0.2506,-0.7297297297297298,0.8,2026-07-24T14:31:55
"LinearSVR (full data, no kernel)",03.02_prediction_svm_CA_1h.ipynb,community_area,1h,42,1.0,1.52,1.06,0.3603,-0.00952380952380949,0.53,2026-07-24T14:31:55
"LinearSVR (full data, no kernel)",03.02_prediction_svm_CA_1h.ipynb,community_area,1h,43,3.0,2.07,1.62,0.3679,0.12903225806451613,0.405,2026-07-24T14:31:55
"LinearSVR (full data, no kernel)",03.02_prediction_svm_CA_1h.ipynb,community_area,1h,44,3.0,1.9,1.56,0.2886,0.17021276595744672,0.39,2026-07-24T14:31:55
"LinearSVR (full data, no kernel)",03.02_prediction_svm_CA_1h.ipynb,community_area,1h,45,0.0,0.77,0.51,0.2202,0.1206896551724137,0.51,2026-07-24T14:31:55
"LinearSVR (full data, no kernel)",03.02_prediction_svm_CA_1h.ipynb,community_area,1h,46,1.0,1.03,0.78,0.2505,0.16129032258064513,0.39,2026-07-24T14:31:55
"LinearSVR (full data, no kernel)",03.02_prediction_svm_CA_1h.ipynb,community_area,1h,47,0.0,0.55,0.36,-0.0545,-0.09090909090909083,0.36,2026-07-24T14:31:55
"LinearSVR (full data, no kernel)",03.02_prediction_svm_CA_1h.ipynb,community_area,1h,48,0.0,0.82,0.58,0.1733,0.1343283582089554,0.58,2026-07-24T14:31:55
"LinearSVR (full data, no kernel)",03.02_prediction_svm_CA_1h.ipynb,community_area,1h,49,2.0,1.36,1.07,0.2214,0.12295081967213106,0.3566666666666667,2026-07-24T14:31:55
"LinearSVR (full data, no kernel)",03.02_prediction_svm_CA_1h.ipynb,community_area,1h,50,1.0,0.87,0.63,0.1403,0.18181818181818188,0.315,2026-07-24T14:31:55
"LinearSVR (full data, no kernel)",03.02_prediction_svm_CA_1h.ipynb,community_area,1h,51,1.0,0.9,0.67,0.1569,0.16249999999999998,0.335,2026-07-24T14:31:55
"LinearSVR (full data, no kernel)",03.02_prediction_svm_CA_1h.ipynb,community_area,1h,52,0.0,0.62,0.43,-0.5136,0.0652173913043479,0.43,2026-07-24T14:31:55
"LinearSVR (full data, no kernel)",03.02_prediction_svm_CA_1h.ipynb,community_area,1h,53,2.0,1.43,1.16,-0.171,0.1470588235294119,0.38666666666666666,2026-07-24T14:31:55
"LinearSVR (full data, no kernel)",03.02_prediction_svm_CA_1h.ipynb,community_area,1h,54,0.0,0.72,0.53,-0.2353,0.14516129032258063,0.53,2026-07-24T14:31:55
"LinearSVR (full data, no kernel)",03.02_prediction_svm_CA_1h.ipynb,community_area,1h,55,0.0,0.63,0.45,-0.338,0.0,0.45,2026-07-24T14:31:55
"LinearSVR (full data, no kernel)",03.02_prediction_svm_CA_1h.ipynb,community_area,1h,56,17.0,9.7,8.28,0.1681,-0.024752475247524774,0.45999999999999996,2026-07-24T14:31:55
"LinearSVR (full data, no kernel)",03.02_prediction_svm_CA_1h.ipynb,community_area,1h,57,0.0,0.47,0.3,-0.4711,-0.19999999999999996,0.3,2026-07-24T14:31:55
"LinearSVR (full data, no kernel)",03.02_prediction_svm_CA_1h.ipynb,community_area,1h,58,0.0,0.58,0.38,-0.0791,-0.08571428571428585,0.38,2026-07-24T14:31:55
"LinearSVR (full data, no kernel)",03.02_prediction_svm_CA_1h.ipynb,community_area,1h,59,0.0,1.33,0.72,0.2323,-0.30909090909090886,0.72,2026-07-24T14:31:55
"LinearSVR (full data, no kernel)",03.02_prediction_svm_CA_1h.ipynb,community_area,1h,60,0.0,0.97,0.62,0.094,0.04615384615384621,0.62,2026-07-24T14:31:55
"LinearSVR (full data, no kernel)",03.02_prediction_svm_CA_1h.ipynb,community_area,1h,61,0.0,0.79,0.53,0.2188,0.08620689655172398,0.53,2026-07-24T14:31:55
"LinearSVR (full data, no kernel)",03.02_prediction_svm_CA_1h.ipynb,community_area,1h,62,0.0,0.48,0.32,-0.7567,-0.23076923076923084,0.32,2026-07-24T14:31:55
"LinearSVR (full data, no kernel)",03.02_prediction_svm_CA_1h.ipynb,community_area,1h,63,0.0,0.41,0.26,-1.5787,-0.625,0.26,2026-07-24T14:31:55
"LinearSVR (full data, no kernel)",03.02_prediction_svm_CA_1h.ipynb,community_area,1h,64,0.0,0.48,0.32,-0.7466,-0.3913043478260869,0.32,2026-07-24T14:31:55
"LinearSVR (full data, no kernel)",03.02_prediction_svm_CA_1h.ipynb,community_area,1h,65,0.0,0.55,0.35,-0.1229,-0.16666666666666674,0.35,2026-07-24T14:31:55
"LinearSVR (full data, no kernel)",03.02_prediction_svm_CA_1h.ipynb,community_area,1h,66,0.0,0.7,0.49,0.1043,0.10909090909090913,0.49,2026-07-24T14:31:55
"LinearSVR (full data, no kernel)",03.02_prediction_svm_CA_1h.ipynb,community_area,1h,67,0.0,0.76,0.52,0.1652,0.10344827586206884,0.52,2026-07-24T14:31:55
"LinearSVR (full data, no kernel)",03.02_prediction_svm_CA_1h.ipynb,community_area,1h,68,1.0,1.14,0.88,0.3284,0.1456310679611651,0.44,2026-07-24T14:31:55
"LinearSVR (full data, no kernel)",03.02_prediction_svm_CA_1h.ipynb,community_area,1h,69,2.0,1.54,1.24,0.3848,0.23456790123456794,0.41333333333333333,2026-07-24T14:31:55
"LinearSVR (full data, no kernel)",03.02_prediction_svm_CA_1h.ipynb,community_area,1h,70,0.0,0.69,0.46,0.2141,0.061224489795918324,0.46,2026-07-24T14:31:55
"LinearSVR (full data, no kernel)",03.02_prediction_svm_CA_1h.ipynb,community_area,1h,71,1.0,1.13,0.84,0.2271,0.11578947368421055,0.42,2026-07-24T14:31:55
"LinearSVR (full data, no kernel)",03.02_prediction_svm_CA_1h.ipynb,community_area,1h,72,0.0,0.64,0.42,0.1994,0.1428571428571429,0.42,2026-07-24T14:31:55
"LinearSVR (full data, no kernel)",03.02_prediction_svm_CA_1h.ipynb,community_area,1h,73,1.0,1.05,0.8,0.104,0.13978494623655913,0.4,2026-07-24T14:31:55
"LinearSVR (full data, no kernel)",03.02_prediction_svm_CA_1h.ipynb,community_area,1h,74,0.0,0.47,0.31,-0.9932,-0.34782608695652173,0.31,2026-07-24T14:31:55
"LinearSVR (full data, no kernel)",03.02_prediction_svm_CA_1h.ipynb,community_area,1h,75,1.0,0.98,0.76,0.2001,0.1914893617021276,0.38,2026-07-24T14:31:55
"LinearSVR (full data, no kernel)",03.02_prediction_svm_CA_1h.ipynb,community_area,1h,76,131.0,89.53,71.24,0.1489,-1.392209536601746,0.5396969696969697,2026-07-24T14:31:55
"LinearSVR (full data, no kernel)",03.02_prediction_svm_CA_1h.ipynb,community_area,1h,77,6.0,5.22,3.74,0.3973,-0.5141700404858298,0.5342857142857144,2026-07-24T14:31:55
"RBF, tuned (10k subsample)",03.02_prediction_svm_CA_1h.ipynb,community_area,1h,1,3.0,2.38,1.66,0.3302,-0.03749999999999987,0.415,2026-07-24T14:31:55
"RBF, tuned (10k subsample)",03.02_prediction_svm_CA_1h.ipynb,community_area,1h,2,4.0,3.02,2.31,0.0074,-0.13235294117647056,0.462,2026-07-24T14:31:55
"RBF, tuned (10k subsample)",03.02_prediction_svm_CA_1h.ipynb,community_area,1h,3,9.0,9.69,5.66,0.4146,-0.20169851380042458,0.5660000000000001,2026-07-24T14:31:55
"RBF, tuned (10k subsample)",03.02_prediction_svm_CA_1h.ipynb,community_area,1h,4,2.0,2.0,1.35,0.3131,-0.08000000000000007,0.45,2026-07-24T14:31:55
"RBF, tuned (10k subsample)",03.02_prediction_svm_CA_1h.ipynb,community_area,1h,5,1.0,1.69,1.14,0.1652,-0.06542056074766345,0.57,2026-07-24T14:31:55
"RBF, tuned (10k subsample)",03.02_prediction_svm_CA_1h.ipynb,community_area,1h,6,19.0,18.98,12.05,0.3259,-0.24870466321243523,0.6025,2026-07-24T14:31:55
"RBF, tuned (10k subsample)",03.02_prediction_svm_CA_1h.ipynb,community_area,1h,7,13.0,14.72,9.61,0.2015,-0.23205128205128212,0.6864285714285714,2026-07-24T14:31:55
"RBF, tuned (10k subsample)",03.02_prediction_svm_CA_1h.ipynb,community_area,1h,8,146.0,77.6,55.5,0.6152,-0.26712328767123306,0.37755102040816324,2026-07-24T14:31:55
"RBF, tuned (10k subsample)",03.02_prediction_svm_CA_1h.ipynb,community_area,1h,9,0.0,0.45,0.21,-0.3527,0.22222222222222232,0.21,2026-07-24T14:31:55
"RBF, tuned (10k subsample)",03.02_prediction_svm_CA_1h.ipynb,community_area,1h,10,1.0,1.26,0.98,-0.1598,0.020000000000000018,0.49,2026-07-24T14:31:55
"RBF, tuned (10k subsample)",03.02_prediction_svm_CA_1h.ipynb,community_area,1h,11,0.0,0.89,0.65,-0.0445,0.08450704225352101,0.65,2026-07-24T14:31:55
"RBF, tuned (10k subsample)",03.02_prediction_svm_CA_1h.ipynb,community_area,1h,12,1.0,0.93,0.64,-0.1385,0.1466666666666666,0.32,2026-07-24T14:31:55
"RBF, tuned (10k subsample)",03.02_prediction_svm_CA_1h.ipynb,community_area,1h,13,0.0,0.89,0.6,0.0273,0.11764705882352955,0.6,2026-07-24T14:31:55
"RBF, tuned (10k subsample)",03.02_prediction_svm_CA_1h.ipynb,community_area,1h,14,1.0,1.08,0.78,-0.008,0.08235294117647052,0.39,2026-07-24T14:31:55
"RBF, tuned (10k subsample)",03.02_prediction_svm_CA_1h.ipynb,community_area,1h,15,1.0,1.06,0.78,0.0117,0.025000000000000022,0.39,2026-07-24T14:31:55
"RBF, tuned (10k subsample)",03.02_prediction_svm_CA_1h.ipynb,community_area,1h,16,2.0,1.62,1.18,-0.0225,0.0634920634920636,0.3933333333333333,2026-07-24T14:31:55
"RBF, tuned (10k subsample)",03.02_prediction_svm_CA_1h.ipynb,community_area,1h,17,0.0,0.55,0.33,-0.0915,0.02941176470588236,0.33,2026-07-24T14:31:55
"RBF, tuned (10k subsample)",03.02_prediction_svm_CA_1h.ipynb,community_area,1h,18,0.0,0.29,0.14,-0.3413,-0.0769230769230771,0.14,2026-07-24T14:31:55
"RBF, tuned (10k subsample)",03.02_prediction_svm_CA_1h.ipynb,community_area,1h,19,0.0,0.71,0.48,-0.0661,0.020408163265306145,0.48,2026-07-24T14:31:55
"RBF, tuned (10k subsample)",03.02_prediction_svm_CA_1h.ipynb,community_area,1h,20,0.0,0.41,0.18,-0.2896,0.0,0.18,2026-07-24T14:31:55
"RBF, tuned (10k subsample)",03.02_prediction_svm_CA_1h.ipynb,community_area,1h,21,1.0,1.21,0.91,-0.0764,-0.058139534883721034,0.455,2026-07-24T14:31:55
"RBF, tuned (10k subsample)",03.02_prediction_svm_CA_1h.ipynb,community_area,1h,22,2.0,2.77,1.78,0.1722,-0.053254437869822535,0.5933333333333334,2026-07-24T14:31:55
"RBF, tuned (10k subsample)",03.02_prediction_svm_CA_1h.ipynb,community_area,1h,23,0.0,0.88,0.57,-0.0797,0.0,0.57,2026-07-24T14:31:55
"RBF, tuned (10k subsample)",03.02_prediction_svm_CA_1h.ipynb,community_area,1h,24,6.0,8.84,5.72,0.0488,-0.11937377690802342,0.8171428571428571,2026-07-24T14:31:55
"RBF, tuned (10k subsample)",03.02_prediction_svm_CA_1h.ipynb,community_area,1h,25,1.0,1.27,0.97,-0.0372,-0.043010752688172005,0.485,2026-07-24T14:31:55
"RBF, tuned (10k subsample)",03.02_prediction_svm_CA_1h.ipynb,community_area,1h,26,0.0,0.62,0.36,-0.1981,0.10000000000000009,0.36,2026-07-24T14:31:55
"RBF, tuned (10k subsample)",03.02_prediction_svm_CA_1h.ipynb,community_area,1h,27,0.0,0.92,0.6,-0.0101,0.0,0.6,2026-07-24T14:31:55
"RBF, tuned (10k subsample)",03.02_prediction_svm_CA_1h.ipynb,community_area,1h,28,53.0,59.66,34.84,0.3283,-0.6709832134292566,0.6451851851851852,2026-07-24T14:31:55
"RBF, tuned (10k subsample)",03.02_prediction_svm_CA_1h.ipynb,community_area,1h,29,0.0,0.88,0.62,0.0544,-0.05084745762711873,0.62,2026-07-24T14:31:55
"RBF, tuned (10k subsample)",03.02_prediction_svm_CA_1h.ipynb,community_area,1h,30,0.0,0.67,0.42,-0.1,0.06666666666666676,0.42,2026-07-24T14:31:55
"RBF, tuned (10k subsample)",03.02_prediction_svm_CA_1h.ipynb,community_area,1h,31,1.0,1.94,1.26,-0.0797,-0.06779661016949157,0.63,2026-07-24T14:31:55
"RBF, tuned (10k subsample)",03.02_prediction_svm_CA_1h.ipynb,community_area,1h,32,96.0,54.74,36.56,0.7037,-0.5792656587473004,0.3769072164948454,2026-07-24T14:31:55
"RBF, tuned (10k subsample)",03.02_prediction_svm_CA_1h.ipynb,community_area,1h,33,15.0,22.68,11.82,0.362,-0.22107438016528924,0.73875,2026-07-24T14:31:55
"RBF, tuned (10k subsample)",03.02_prediction_svm_CA_1h.ipynb,community_area,1h,34,1.0,2.58,1.63,0.0043,-0.04487179487179471,0.815,2026-07-24T14:31:55
"RBF, tuned (10k subsample)",03.02_prediction_svm_CA_1h.ipynb,community_area,1h,35,3.0,2.87,1.95,0.5867,-0.06557377049180313,0.4875,2026-07-24T14:31:55
"RBF, tuned (10k subsample)",03.02_prediction_svm_CA_1h.ipynb,community_area,1h,36,1.0,1.18,0.81,0.3308,0.07954545454545447,0.405,2026-07-24T14:31:55
"RBF, tuned (10k subsample)",03.02_prediction_svm_CA_1h.ipynb,community_area,1h,37,1.0,1.12,0.84,-0.8363,0.045454545454545525,0.42,2026-07-24T14:31:55
"RBF, tuned (10k subsample)",03.02_prediction_svm_CA_1h.ipynb,community_area,1h,38,3.0,2.52,1.76,0.441,-0.1282051282051282,0.44,2026-07-24T14:31:55
"RBF, tuned (10k subsample)",03.02_prediction_svm_CA_1h.ipynb,community_area,1h,39,2.0,2.07,1.51,0.4536,-0.11029411764705865,0.5033333333333333,2026-07-24T14:31:55
"RBF, tuned (10k subsample)",03.02_prediction_svm_CA_1h.ipynb,community_area,1h,40,1.0,1.04,0.67,0.1218,0.042857142857142705,0.335,2026-07-24T14:31:55
"RBF, tuned (10k subsample)",03.02_prediction_svm_CA_1h.ipynb,community_area,1h,41,3.0,3.44,2.14,0.613,-0.1567567567567567,0.535,2026-07-24T14:31:55
"RBF, tuned (10k subsample)",03.02_prediction_svm_CA_1h.ipynb,community_area,1h,42,1.0,1.55,1.03,0.3326,0.01904761904761909,0.515,2026-07-24T14:31:55
"RBF, tuned (10k subsample)",03.02_prediction_svm_CA_1h.ipynb,community_area,1h,43,3.0,2.44,1.8,0.12,0.032258064516129115,0.45,2026-07-24T14:31:55
"RBF, tuned (10k subsample)",03.02_prediction_svm_CA_1h.ipynb,community_area,1h,44,3.0,2.2,1.7,0.0483,0.0957446808510638,0.425,2026-07-24T14:31:55
"RBF, tuned (10k subsample)",03.02_prediction_svm_CA_1h.ipynb,community_area,1h,45,0.0,0.85,0.58,0.0491,0.0,0.58,2026-07-24T14:31:55
"RBF, tuned (10k subsample)",03.02_prediction_svm_CA_1h.ipynb,community_area,1h,46,1.0,1.17,0.86,0.0307,0.07526881720430112,0.43,2026-07-24T14:31:55
"RBF, tuned (10k subsample)",03.02_prediction_svm_CA_1h.ipynb,community_area,1h,47,0.0,0.54,0.31,-0.0149,0.06060606060606066,0.31,2026-07-24T14:31:55
"RBF, tuned (10k subsample)",03.02_prediction_svm_CA_1h.ipynb,community_area,1h,48,0.0,0.87,0.6,0.0794,0.10447761194029859,0.6,2026-07-24T14:31:55
"RBF, tuned (10k subsample)",03.02_prediction_svm_CA_1h.ipynb,community_area,1h,49,2.0,1.43,1.08,0.1385,0.11475409836065564,0.36000000000000004,2026-07-24T14:31:55
"RBF, tuned (10k subsample)",03.02_prediction_svm_CA_1h.ipynb,community_area,1h,50,1.0,1.03,0.71,-0.2185,0.07792207792207795,0.355,2026-07-24T14:31:55
"RBF, tuned (10k subsample)",03.02_prediction_svm_CA_1h.ipynb,community_area,1h,51,1.0,1.09,0.77,-0.2262,0.03749999999999998,0.385,2026-07-24T14:31:55
"RBF, tuned (10k subsample)",03.02_prediction_svm_CA_1h.ipynb,community_area,1h,52,0.0,0.55,0.36,-0.1942,0.21739130434782616,0.36,2026-07-24T14:31:55
"RBF, tuned (10k subsample)",03.02_prediction_svm_CA_1h.ipynb,community_area,1h,53,2.0,1.79,1.34,-0.8204,0.014705882352941235,0.4466666666666667,2026-07-24T14:31:55
"RBF, tuned (10k subsample)",03.02_prediction_svm_CA_1h.ipynb,community_area,1h,54,0.0,0.97,0.7,-1.1971,-0.12903225806451601,0.7,2026-07-24T14:31:55
"RBF, tuned (10k subsample)",03.02_prediction_svm_CA_1h.ipynb,community_area,1h,55,0.0,0.71,0.46,-0.6672,-0.022222222222222143,0.46,2026-07-24T14:31:55
"RBF, tuned (10k subsample)",03.02_prediction_svm_CA_1h.ipynb,community_area,1h,56,17.0,10.24,7.46,0.0733,0.07673267326732669,0.41444444444444445,2026-07-24T14:31:55
"RBF, tuned (10k subsample)",03.02_prediction_svm_CA_1h.ipynb,community_area,1h,57,0.0,0.51,0.24,-0.7782,0.040000000000000036,0.24,2026-07-24T14:31:55
"RBF, tuned (10k subsample)",03.02_prediction_svm_CA_1h.ipynb,community_area,1h,58,0.0,0.58,0.32,-0.0725,0.08571428571428563,0.32,2026-07-24T14:31:55
"RBF, tuned (10k subsample)",03.02_prediction_svm_CA_1h.ipynb,community_area,1h,59,0.0,1.22,0.66,0.3553,-0.19999999999999996,0.66,2026-07-24T14:31:55
"RBF, tuned (10k subsample)",03.02_prediction_svm_CA_1h.ipynb,community_area,1h,60,0.0,1.01,0.63,0.0007,0.03076923076923077,0.63,2026-07-24T14:31:55
"RBF, tuned (10k subsample)",03.02_prediction_svm_CA_1h.ipynb,community_area,1h,61,0.0,0.87,0.58,0.0552,0.0,0.58,2026-07-24T14:31:55
"RBF, tuned (10k subsample)",03.02_prediction_svm_CA_1h.ipynb,community_area,1h,62,0.0,0.48,0.26,-0.7212,0.0,0.26,2026-07-24T14:31:55
"RBF, tuned (10k subsample)",03.02_prediction_svm_CA_1h.ipynb,community_area,1h,63,0.0,0.32,0.14,-0.582,0.12499999999999989,0.14,2026-07-24T14:31:55
"RBF, tuned (10k subsample)",03.02_prediction_svm_CA_1h.ipynb,community_area,1h,64,0.0,0.41,0.21,-0.2528,0.08695652173913049,0.21,2026-07-24T14:31:55
"RBF, tuned (10k subsample)",03.02_prediction_svm_CA_1h.ipynb,community_area,1h,65,0.0,0.56,0.28,-0.1783,0.06666666666666654,0.28,2026-07-24T14:31:55
"RBF, tuned (10k subsample)",03.02_prediction_svm_CA_1h.ipynb,community_area,1h,66,0.0,0.77,0.52,-0.0785,0.054545454545454564,0.52,2026-07-24T14:31:55
"RBF, tuned (10k subsample)",03.02_prediction_svm_CA_1h.ipynb,community_area,1h,67,0.0,0.83,0.55,-0.0118,0.051724137931034364,0.55,2026-07-24T14:31:55
"RBF, tuned (10k subsample)",03.02_prediction_svm_CA_1h.ipynb,community_area,1h,68,1.0,1.47,1.05,-0.1143,-0.01941747572815533,0.525,2026-07-24T14:31:55
"RBF, tuned (10k subsample)",03.02_prediction_svm_CA_1h.ipynb,community_area,1h,69,2.0,2.24,1.69,-0.2971,-0.043209876543209846,0.5633333333333334,2026-07-24T14:31:55
"RBF, tuned (10k subsample)",03.02_prediction_svm_CA_1h.ipynb,community_area,1h,70,0.0,0.79,0.52,-0.0336,-0.061224489795918435,0.52,2026-07-24T14:31:55
"RBF, tuned (10k subsample)",03.02_prediction_svm_CA_1h.ipynb,community_area,1h,71,1.0,1.27,0.93,0.0207,0.021052631578947323,0.465,2026-07-24T14:31:55
"RBF, tuned (10k subsample)",03.02_prediction_svm_CA_1h.ipynb,community_area,1h,72,0.0,0.7,0.43,0.043,0.12244897959183676,0.43,2026-07-24T14:31:55
"RBF, tuned (10k subsample)",03.02_prediction_svm_CA_1h.ipynb,community_area,1h,73,1.0,1.2,0.93,-0.1754,0.0,0.465,2026-07-24T14:31:55
"RBF, tuned (10k subsample)",03.02_prediction_svm_CA_1h.ipynb,community_area,1h,74,0.0,0.38,0.17,-0.3395,0.26086956521739124,0.17,2026-07-24T14:31:55
"RBF, tuned (10k subsample)",03.02_prediction_svm_CA_1h.ipynb,community_area,1h,75,1.0,1.1,0.8,-0.01,0.14893617021276584,0.4,2026-07-24T14:31:55
"RBF, tuned (10k subsample)",03.02_prediction_svm_CA_1h.ipynb,community_area,1h,76,131.0,57.78,39.62,0.6455,-0.3304231027535258,0.3001515151515151,2026-07-24T14:31:55
"RBF, tuned (10k subsample)",03.02_prediction_svm_CA_1h.ipynb,community_area,1h,77,6.0,4.12,2.78,0.6243,-0.12550607287449367,0.39714285714285713,2026-07-24T14:31:55
"Poly, tuned (10k subsample)",03.02_prediction_svm_CA_1h.ipynb,community_area,1h,1,3.0,2.59,1.75,0.2038,-0.09375,0.4375,2026-07-24T14:31:55
"Poly, tuned (10k subsample)",03.02_prediction_svm_CA_1h.ipynb,community_area,1h,2,4.0,3.22,2.42,-0.1272,-0.18627450980392157,0.484,2026-07-24T14:31:55
"Poly, tuned (10k subsample)",03.02_prediction_svm_CA_1h.ipynb,community_area,1h,3,9.0,10.13,5.68,0.3599,-0.20594479830148615,0.568,2026-07-24T14:31:55
"Poly, tuned (10k subsample)",03.02_prediction_svm_CA_1h.ipynb,community_area,1h,4,2.0,2.1,1.37,0.2436,-0.09600000000000009,0.4566666666666667,2026-07-24T14:31:55
"Poly, tuned (10k subsample)",03.02_prediction_svm_CA_1h.ipynb,community_area,1h,5,1.0,1.76,1.15,0.0967,-0.0747663551401867,0.575,2026-07-24T14:31:55
"Poly, tuned (10k subsample)",03.02_prediction_svm_CA_1h.ipynb,community_area,1h,6,19.0,19.73,12.58,0.2719,-0.3036269430051812,0.629,2026-07-24T14:31:55
"Poly, tuned (10k subsample)",03.02_prediction_svm_CA_1h.ipynb,community_area,1h,7,13.0,21.58,10.65,-0.7166,-0.3653846153846154,0.7607142857142858,2026-07-24T14:31:55
"Poly, tuned (10k subsample)",03.02_prediction_svm_CA_1h.ipynb,community_area,1h,8,146.0,79.7,56.94,0.5941,-0.30000000000000004,0.3873469387755102,2026-07-24T14:31:55
"Poly, tuned (10k subsample)",03.02_prediction_svm_CA_1h.ipynb,community_area,1h,9,0.0,0.41,0.17,-0.1418,0.37037037037037035,0.17,2026-07-24T14:31:55
"Poly, tuned (10k subsample)",03.02_prediction_svm_CA_1h.ipynb,community_area,1h,10,1.0,1.28,1.0,-0.1887,0.0,0.5,2026-07-24T14:31:55
"Poly, tuned (10k subsample)",03.02_prediction_svm_CA_1h.ipynb,community_area,1h,11,0.0,0.95,0.68,-0.1996,0.042253521126760396,0.68,2026-07-24T14:31:55
"Poly, tuned (10k subsample)",03.02_prediction_svm_CA_1h.ipynb,community_area,1h,12,1.0,0.97,0.67,-0.2382,0.10666666666666658,0.335,2026-07-24T14:31:55
"Poly, tuned (10k subsample)",03.02_prediction_svm_CA_1h.ipynb,community_area,1h,13,0.0,0.87,0.58,0.0679,0.1470588235294119,0.58,2026-07-24T14:31:55
"Poly, tuned (10k subsample)",03.02_prediction_svm_CA_1h.ipynb,community_area,1h,14,1.0,1.17,0.78,-0.194,0.08235294117647052,0.39,2026-07-24T14:31:55
"Poly, tuned (10k subsample)",03.02_prediction_svm_CA_1h.ipynb,community_area,1h,15,1.0,1.38,0.86,-0.662,-0.07499999999999996,0.43,2026-07-24T14:31:55
"Poly, tuned (10k subsample)",03.02_prediction_svm_CA_1h.ipynb,community_area,1h,16,2.0,1.65,1.19,-0.0687,0.05555555555555558,0.39666666666666667,2026-07-24T14:31:55
"Poly, tuned (10k subsample)",03.02_prediction_svm_CA_1h.ipynb,community_area,1h,17,0.0,0.52,0.3,0.0065,0.11764705882352955,0.3,2026-07-24T14:31:55
"Poly, tuned (10k subsample)",03.02_prediction_svm_CA_1h.ipynb,community_area,1h,18,0.0,0.28,0.13,-0.2781,0.0,0.13,2026-07-24T14:31:55
"Poly, tuned (10k subsample)",03.02_prediction_svm_CA_1h.ipynb,community_area,1h,19,0.0,0.73,0.46,-0.101,0.061224489795918324,0.46,2026-07-24T14:31:55
"Poly, tuned (10k subsample)",03.02_prediction_svm_CA_1h.ipynb,community_area,1h,20,0.0,0.4,0.18,-0.2567,0.0,0.18,2026-07-24T14:31:55
"Poly, tuned (10k subsample)",03.02_prediction_svm_CA_1h.ipynb,community_area,1h,21,1.0,1.23,0.93,-0.1166,-0.08139534883720945,0.465,2026-07-24T14:31:55
"Poly, tuned (10k subsample)",03.02_prediction_svm_CA_1h.ipynb,community_area,1h,22,2.0,2.8,1.84,0.156,-0.08875739644970415,0.6133333333333334,2026-07-24T14:31:55
"Poly, tuned (10k subsample)",03.02_prediction_svm_CA_1h.ipynb,community_area,1h,23,0.0,0.99,0.6,-0.3735,-0.05263157894736836,0.6,2026-07-24T14:31:55
"Poly, tuned (10k subsample)",03.02_prediction_svm_CA_1h.ipynb,community_area,1h,24,6.0,13.84,6.29,-1.33,-0.23091976516634038,0.8985714285714286,2026-07-24T14:31:55
"Poly, tuned (10k subsample)",03.02_prediction_svm_CA_1h.ipynb,community_area,1h,25,1.0,1.35,1.0,-0.1867,-0.07526881720430101,0.5,2026-07-24T14:31:55
"Poly, tuned (10k subsample)",03.02_prediction_svm_CA_1h.ipynb,community_area,1h,26,0.0,0.78,0.35,-0.933,0.1250000000000001,0.35,2026-07-24T14:31:55
"Poly, tuned (10k subsample)",03.02_prediction_svm_CA_1h.ipynb,community_area,1h,27,0.0,0.98,0.62,-0.1448,-0.03333333333333344,0.62,2026-07-24T14:31:55
"Poly, tuned (10k subsample)",03.02_prediction_svm_CA_1h.ipynb,community_area,1h,28,53.0,61.7,35.82,0.2817,-0.7179856115107912,0.6633333333333333,2026-07-24T14:31:55
"Poly, tuned (10k subsample)",03.02_prediction_svm_CA_1h.ipynb,community_area,1h,29,0.0,0.86,0.63,0.0938,-0.06779661016949157,0.63,2026-07-24T14:31:55
"Poly, tuned (10k subsample)",03.02_prediction_svm_CA_1h.ipynb,community_area,1h,30,0.0,0.69,0.43,-0.1707,0.04444444444444451,0.43,2026-07-24T14:31:55
"Poly, tuned (10k subsample)",03.02_prediction_svm_CA_1h.ipynb,community_area,1h,31,1.0,1.92,1.27,-0.0584,-0.07627118644067798,0.635,2026-07-24T14:31:55
"Poly, tuned (10k subsample)",03.02_prediction_svm_CA_1h.ipynb,community_area,1h,32,96.0,52.97,35.94,0.7226,-0.5524838012958964,0.37051546391752577,2026-07-24T14:31:55
"Poly, tuned (10k subsample)",03.02_prediction_svm_CA_1h.ipynb,community_area,1h,33,15.0,23.06,11.92,0.3409,-0.23140495867768607,0.745,2026-07-24T14:31:55
"Poly, tuned (10k subsample)",03.02_prediction_svm_CA_1h.ipynb,community_area,1h,34,1.0,2.58,1.64,0.0073,-0.0512820512820511,0.82,2026-07-24T14:31:55
"Poly, tuned (10k subsample)",03.02_prediction_svm_CA_1h.ipynb,community_area,1h,35,3.0,3.12,1.99,0.5115,-0.08743169398907091,0.4975,2026-07-24T14:31:55
"Poly, tuned (10k subsample)",03.02_prediction_svm_CA_1h.ipynb,community_area,1h,36,1.0,1.17,0.81,0.3422,0.07954545454545447,0.405,2026-07-24T14:31:55
"Poly, tuned (10k subsample)",03.02_prediction_svm_CA_1h.ipynb,community_area,1h,37,1.0,1.28,0.91,-1.3949,-0.03409090909090917,0.455,2026-07-24T14:31:55
"Poly, tuned (10k subsample)",03.02_prediction_svm_CA_1h.ipynb,community_area,1h,38,3.0,15.28,2.45,-19.6181,-0.5705128205128205,0.6125,2026-07-24T14:31:55
"Poly, tuned (10k subsample)",03.02_prediction_svm_CA_1h.ipynb,community_area,1h,39,2.0,2.14,1.58,0.4173,-0.1617647058823528,0.5266666666666667,2026-07-24T14:31:55
"Poly, tuned (10k subsample)",03.02_prediction_svm_CA_1h.ipynb,community_area,1h,40,1.0,1.35,0.69,-0.483,0.014285714285714346,0.345,2026-07-24T14:31:55
"Poly, tuned (10k subsample)",03.02_prediction_svm_CA_1h.ipynb,community_area,1h,41,3.0,41.86,3.89,-56.2438,-1.1027027027027025,0.9725,2026-07-24T14:31:55
"Poly, tuned (10k subsample)",03.02_prediction_svm_CA_1h.ipynb,community_area,1h,42,1.0,1.56,1.01,0.3235,0.03809523809523818,0.505,2026-07-24T14:31:55
"Poly, tuned (10k subsample)",03.02_prediction_svm_CA_1h.ipynb,community_area,1h,43,3.0,2.98,1.91,-0.3163,-0.026881720430107503,0.4775,2026-07-24T14:31:55
"Poly, tuned (10k subsample)",03.02_prediction_svm_CA_1h.ipynb,community_area,1h,44,3.0,2.36,1.7,-0.098,0.0957446808510638,0.425,2026-07-24T14:31:55
"Poly, tuned (10k subsample)",03.02_prediction_svm_CA_1h.ipynb,community_area,1h,45,0.0,0.81,0.56,0.1326,0.0344827586206895,0.56,2026-07-24T14:31:55
"Poly, tuned (10k subsample)",03.02_prediction_svm_CA_1h.ipynb,community_area,1h,46,1.0,1.19,0.89,-0.009,0.043010752688172116,0.445,2026-07-24T14:31:55
"Poly, tuned (10k subsample)",03.02_prediction_svm_CA_1h.ipynb,community_area,1h,47,0.0,0.52,0.29,0.0525,0.12121212121212133,0.29,2026-07-24T14:31:55
"Poly, tuned (10k subsample)",03.02_prediction_svm_CA_1h.ipynb,community_area,1h,48,0.0,0.89,0.6,0.0469,0.10447761194029859,0.6,2026-07-24T14:31:55
"Poly, tuned (10k subsample)",03.02_prediction_svm_CA_1h.ipynb,community_area,1h,49,2.0,1.41,1.06,0.1621,0.13114754098360648,0.35333333333333333,2026-07-24T14:31:55
"Poly, tuned (10k subsample)",03.02_prediction_svm_CA_1h.ipynb,community_area,1h,50,1.0,1.22,0.73,-0.6974,0.051948051948051965,0.365,2026-07-24T14:31:55
"Poly, tuned (10k subsample)",03.02_prediction_svm_CA_1h.ipynb,community_area,1h,51,1.0,1.09,0.76,-0.2235,0.050000000000000044,0.38,2026-07-24T14:31:55
"Poly, tuned (10k subsample)",03.02_prediction_svm_CA_1h.ipynb,community_area,1h,52,0.0,0.54,0.35,-0.1452,0.23913043478260876,0.35,2026-07-24T14:31:55
"Poly, tuned (10k subsample)",03.02_prediction_svm_CA_1h.ipynb,community_area,1h,53,2.0,2.07,1.32,-1.453,0.02941176470588236,0.44,2026-07-24T14:31:55
"Poly, tuned (10k subsample)",03.02_prediction_svm_CA_1h.ipynb,community_area,1h,54,0.0,0.85,0.62,-0.6888,0.0,0.62,2026-07-24T14:31:55
"Poly, tuned (10k subsample)",03.02_prediction_svm_CA_1h.ipynb,community_area,1h,55,0.0,0.74,0.44,-0.8376,0.022222222222222254,0.44,2026-07-24T14:31:55
"Poly, tuned (10k subsample)",03.02_prediction_svm_CA_1h.ipynb,community_area,1h,56,17.0,11.57,7.87,-0.1828,0.025990099009901013,0.43722222222222223,2026-07-24T14:31:55
"Poly, tuned (10k subsample)",03.02_prediction_svm_CA_1h.ipynb,community_area,1h,57,0.0,0.87,0.23,-4.1629,0.07999999999999996,0.23,2026-07-24T14:31:55
"Poly, tuned (10k subsample)",03.02_prediction_svm_CA_1h.ipynb,community_area,1h,58,0.0,0.61,0.31,-0.1816,0.11428571428571421,0.31,2026-07-24T14:31:55
"Poly, tuned (10k subsample)",03.02_prediction_svm_CA_1h.ipynb,community_area,1h,59,0.0,1.26,0.68,0.3139,-0.23636363636363633,0.68,2026-07-24T14:31:55
"Poly, tuned (10k subsample)",03.02_prediction_svm_CA_1h.ipynb,community_area,1h,60,0.0,1.03,0.63,-0.0385,0.03076923076923077,0.63,2026-07-24T14:31:55
"Poly, tuned (10k subsample)",03.02_prediction_svm_CA_1h.ipynb,community_area,1h,61,0.0,0.93,0.58,-0.0802,0.0,0.58,2026-07-24T14:31:55
"Poly, tuned (10k subsample)",03.02_prediction_svm_CA_1h.ipynb,community_area,1h,62,0.0,0.77,0.24,-3.4104,0.07692307692307698,0.24,2026-07-24T14:31:55
"Poly, tuned (10k subsample)",03.02_prediction_svm_CA_1h.ipynb,community_area,1h,63,0.0,0.43,0.15,-1.7757,0.0625,0.15,2026-07-24T14:31:55
"Poly, tuned (10k subsample)",03.02_prediction_svm_CA_1h.ipynb,community_area,1h,64,0.0,0.42,0.18,-0.3131,0.21739130434782616,0.18,2026-07-24T14:31:55
"Poly, tuned (10k subsample)",03.02_prediction_svm_CA_1h.ipynb,community_area,1h,65,0.0,0.58,0.27,-0.2645,0.09999999999999987,0.27,2026-07-24T14:31:55
"Poly, tuned (10k subsample)",03.02_prediction_svm_CA_1h.ipynb,community_area,1h,66,0.0,0.82,0.54,-0.1987,0.018181818181818188,0.54,2026-07-24T14:31:55
"Poly, tuned (10k subsample)",03.02_prediction_svm_CA_1h.ipynb,community_area,1h,67,0.0,0.91,0.57,-0.2171,0.017241379310344862,0.57,2026-07-24T14:31:55
"Poly, tuned (10k subsample)",03.02_prediction_svm_CA_1h.ipynb,community_area,1h,68,1.0,1.54,1.09,-0.2303,-0.058252427184465994,0.545,2026-07-24T14:31:55
"Poly, tuned (10k subsample)",03.02_prediction_svm_CA_1h.ipynb,community_area,1h,69,2.0,36.33,3.55,-340.3192,-1.191358024691358,1.1833333333333333,2026-07-24T14:31:55
"Poly, tuned (10k subsample)",03.02_prediction_svm_CA_1h.ipynb,community_area,1h,70,0.0,1.39,0.72,-2.227,-0.4693877551020409,0.72,2026-07-24T14:31:55
"Poly, tuned (10k subsample)",03.02_prediction_svm_CA_1h.ipynb,community_area,1h,71,1.0,1.22,0.9,0.0969,0.05263157894736836,0.45,2026-07-24T14:31:55
"Poly, tuned (10k subsample)",03.02_prediction_svm_CA_1h.ipynb,community_area,1h,72,0.0,0.69,0.42,0.064,0.1428571428571429,0.42,2026-07-24T14:31:55
"Poly, tuned (10k subsample)",03.02_prediction_svm_CA_1h.ipynb,community_area,1h,73,1.0,1.23,0.96,-0.2235,-0.032258064516129004,0.48,2026-07-24T14:31:55
"Poly, tuned (10k subsample)",03.02_prediction_svm_CA_1h.ipynb,community_area,1h,74,0.0,0.39,0.15,-0.4038,0.34782608695652184,0.15,2026-07-24T14:31:55
"Poly, tuned (10k subsample)",03.02_prediction_svm_CA_1h.ipynb,community_area,1h,75,1.0,1.07,0.8,0.0497,0.14893617021276584,0.4,2026-07-24T14:31:55
"Poly, tuned (10k subsample)",03.02_prediction_svm_CA_1h.ipynb,community_area,1h,76,131.0,60.86,39.69,0.6066,-0.33277367360644705,0.30068181818181816,2026-07-24T14:31:55
"Poly, tuned (10k subsample)",03.02_prediction_svm_CA_1h.ipynb,community_area,1h,77,6.0,4.48,2.88,0.5555,-0.165991902834008,0.4114285714285714,2026-07-24T14:31:55
